"","logFC","logCPM","F","PValue","FDR","gene_name","z","gene_id","ovl_with_cherryetal","gene_id_trimmed","Human_gene_id","HGNC.symbol"
"Aldh1a3",-1.53621332463401,6.02189996682795,369.597659767754,8.29159855129294e-12,8.32926741350266e-08,"Aldh1a3",-6.83341612296591,"ENSMUSG00000015134.15",TRUE,"ENSMUSG00000015134","ENSG00000184254","ALDH1A3"
"Ptgs2",-1.6063947546165,8.17920442287604,356.13115080549,1.07774801947659e-11,8.32926741350266e-08,"Ptgs2",-6.79571747657328,"ENSMUSG00000032487.8",TRUE,"ENSMUSG00000032487","ENSG00000073756","PTGS2"
"Cmah",-1.46352858354677,6.51521525270444,335.361867509199,1.64644448076197e-11,8.32926741350266e-08,"Cmah",-6.73436759871306,"ENSMUSG00000016756.17",TRUE,"ENSMUSG00000016756",NA,NA
"Gfpt2",-1.61212449702122,9.17396239097593,324.076726189038,2.09501789939072e-11,8.32926741350266e-08,"Gfpt2",-6.6992431223926,"ENSMUSG00000020363.6",TRUE,"ENSMUSG00000020363","ENSG00000131459","GFPT2"
"Errfi1",-1.27654607713507,10.2245929576323,291.46120365987,4.41072705857424e-11,1.13003684302579e-07,"Errfi1",-6.58957993735065,"ENSMUSG00000028967.10",TRUE,"ENSMUSG00000028967","ENSG00000116285","ERRFI1"
"Crabp2",1.70121109417528,4.9845323485283,285.741643870176,5.0670352921102e-11,1.13003684302579e-07,"Crabp2",6.56895276619328,"ENSMUSG00000004885.5",TRUE,"ENSMUSG00000004885","ENSG00000143320","CRABP2"
"Abca6",-1.30116505078535,6.36733018139419,285.566039100195,5.08887424450163e-11,1.13003684302579e-07,"Abca6",-6.56831225180216,"ENSMUSG00000044749.13",TRUE,"ENSMUSG00000044749","ENSG00000154262","ABCA6"
"Pcolce2",-2.00670522624011,7.58558450442819,275.201847089209,6.58939619098948e-11,1.13003684302579e-07,"Pcolce2",-6.52971726408359,"ENSMUSG00000015354.8",TRUE,"ENSMUSG00000015354","ENSG00000163710","PCOLCE2"
"Fgf10",-1.97440466615074,5.12733819137958,274.646345797155,6.68303539085971e-11,1.13003684302579e-07,"Fgf10",-6.52760343788943,"ENSMUSG00000021732.14",TRUE,"ENSMUSG00000021732","ENSG00000070193","FGF10"
"Tek",-1.77386208310414,6.76511392548414,272.24390027679,7.10580923741302e-11,1.13003684302579e-07,"Tek",-6.5184067444345,"ENSMUSG00000006386.15",TRUE,"ENSMUSG00000006386","ENSG00000120156","TEK"
"Dpp4",-1.62369684275715,7.69356206542345,255.92410685578,1.0932724403647e-10,1.58057378355635e-07,"Dpp4",-6.4534567079131,"ENSMUSG00000035000.8",TRUE,"ENSMUSG00000035000","ENSG00000197635","DPP4"
"Fgf2",-1.25593245836464,5.62562248503564,231.719643791463,2.17878831841552e-10,2.84986678611533e-07,"Fgf2",-6.34817875705988,"ENSMUSG00000037225.13",TRUE,"ENSMUSG00000037225","ENSG00000138685","FGF2"
"Smpd3",-2.87504775839663,5.77082918649997,221.993410015433,2.93069036564717e-10,2.84986678611533e-07,"Smpd3",-6.30240136978316,"ENSMUSG00000031906.9",TRUE,"ENSMUSG00000031906","ENSG00000103056","SMPD3"
"Car8",-2.35954691065716,4.56029486695618,220.343106732551,3.08562153719867e-10,2.84986678611533e-07,"Car8",-6.29441457050686,"ENSMUSG00000041261.9",TRUE,"ENSMUSG00000041261","ENSG00000178538","CA8"
"Ackr3",-1.19940361965302,9.61200647609249,218.226726091704,3.2981156841409e-10,2.84986678611533e-07,"Ackr3",-6.28407495207326,"ENSMUSG00000044337.5",TRUE,"ENSMUSG00000044337","ENSG00000144476","ACKR3"
"Mgp",1.30651968970471,8.59011584394213,218.129939627216,3.30822399634339e-10,2.84986678611533e-07,"Mgp",6.2835994560976,"ENSMUSG00000030218.2",TRUE,"ENSMUSG00000030218","ENSG00000111341","MGP"
"Arl4d",-1.58909055276873,4.68569436985653,216.963348613743,3.43287302127757e-10,2.84986678611533e-07,"Arl4d",-6.27784979811081,"ENSMUSG00000034936.2",TRUE,"ENSMUSG00000034936","ENSG00000175906","ARL4D"
"Card10",-1.32898348135655,5.2090157549436,215.589425736356,3.58657440387323e-10,2.84986678611533e-07,"Card10",-6.27103436558634,"ENSMUSG00000033170.14",TRUE,"ENSMUSG00000033170","ENSG00000100065","CARD10"
"Acp5",1.399377155098,5.88390640545059,213.861730275327,3.79107538133038e-10,2.84986678611533e-07,"Acp5",6.26239566044481,"ENSMUSG00000001348.15",TRUE,"ENSMUSG00000001348","ENSG00000102575","ACP5"
"Cd55",-1.22380441061464,8.03877359181327,212.405680133354,3.97375340221925e-10,2.84986678611533e-07,"Cd55",-6.25505519774932,"ENSMUSG00000026399.12",TRUE,"ENSMUSG00000026399","ENSG00000196352","CD55"
"Timp1",1.40833701937961,8.53976536117723,212.300202056781,3.98737068513898e-10,2.84986678611533e-07,"Timp1",6.25452129002363,"ENSMUSG00000001131.11",TRUE,"ENSMUSG00000001131","ENSG00000102265","TIMP1"
"Ugdh",-1.38764227210289,9.09809026627645,210.968284925337,4.16396497217777e-10,2.84986678611533e-07,"Ugdh",-6.24775411318493,"ENSMUSG00000029201.14",TRUE,"ENSMUSG00000029201","ENSG00000109814","UGDH"
"Ddah1",2.13551476753854,4.79265090043153,210.249666383571,4.26292601731762e-10,2.84986678611533e-07,"Ddah1",6.24408336386615,"ENSMUSG00000028194.15",TRUE,"ENSMUSG00000028194","ENSG00000153904","DDAH1"
"Gpc1",1.42504017578122,6.35715731793956,208.80182095538,4.47053635713554e-10,2.84986678611533e-07,"Gpc1",6.23664545384665,"ENSMUSG00000034220.7",TRUE,"ENSMUSG00000034220","ENSG00000063660","GPC1"
"Sdc1",1.12121274177561,7.84164961270476,208.737129780582,4.48007732207026e-10,2.84986678611533e-07,"Sdc1",6.23631179369504,"ENSMUSG00000020592.14",TRUE,"ENSMUSG00000020592","ENSG00000115884","SDC1"
"Fst",-1.35599667845229,6.82516298532861,203.598391401779,5.31748592592401e-10,3.25246071846037e-07,"Fst",-6.20943671165353,"ENSMUSG00000021765.9",TRUE,"ENSMUSG00000021765","ENSG00000134363","FST"
"Serpine2",1.25036662784057,8.19969921973919,200.960431832046,5.81562903443304e-10,3.42540550128106e-07,"Serpine2",6.19534827605296,"ENSMUSG00000026249.10",TRUE,"ENSMUSG00000026249","ENSG00000135919","SERPINE2"
"Col20a1",-2.44888033838259,4.89019943337494,198.749221853206,6.27430588873103e-10,3.56358166244605e-07,"Col20a1",-6.1833809408594,"ENSMUSG00000016356.18",TRUE,"ENSMUSG00000016356","ENSG00000101203","COL20A1"
"Fhl2",1.29954358083806,5.34704387358009,195.808292771574,6.94945153972584e-10,3.64996224125175e-07,"Fhl2",6.16723482888715,"ENSMUSG00000008136.14",TRUE,"ENSMUSG00000008136","ENSG00000115641","FHL2"
"Tubb4a",-1.57296565367303,4.27839895930502,194.300756461417,7.32731090087291e-10,3.64996224125175e-07,"Tubb4a",-6.15885428047385,"ENSMUSG00000062591.5",TRUE,"ENSMUSG00000062591","ENSG00000104833","TUBB4A"
"Ctsc",1.48042378241888,6.74792249553645,193.862541784153,7.44148953717441e-10,3.64996224125175e-07,"Ctsc",6.15640475082424,"ENSMUSG00000030560.17",TRUE,"ENSMUSG00000030560","ENSG00000109861","CTSC"
"Myoc",-1.33685446658013,8.60235718368116,190.960052684533,8.25085986523601e-10,3.64996224125175e-07,"Myoc",-6.14002479973365,"ENSMUSG00000026697.10",TRUE,"ENSMUSG00000026697","ENSG00000034971","MYOC"
"Anxa8",1.43953853212377,5.13698001866006,190.945375911301,8.2551992262962e-10,3.64996224125175e-07,"Anxa8",6.13994127701597,"ENSMUSG00000021950.15",TRUE,"ENSMUSG00000021950","ENSG00000265190","ANXA8"
"Abca8a",-1.30266869018801,8.63531912707004,190.779037618763,8.30456079700754e-10,3.64996224125175e-07,"Abca8a",-6.1389941828405,"ENSMUSG00000041828.15",TRUE,"ENSMUSG00000041828",NA,NA
"Fgl2",-1.23138999517678,8.42339713328351,190.469458049943,8.39732554167602e-10,3.64996224125175e-07,"Fgl2",-6.1372290790043,"ENSMUSG00000039899.5",TRUE,"ENSMUSG00000039899","ENSG00000127951","FGL2"
"Sema3c",-1.3378514561728,8.75620631005669,190.228212217028,8.4704310117703e-10,3.64996224125175e-07,"Sema3c",-6.13585139510073,"ENSMUSG00000028780.13",TRUE,"ENSMUSG00000028780","ENSG00000075223","SEMA3C"
"Ccn5",1.64684361186405,7.99888842500788,190.157419681004,8.49202055752467e-10,3.64996224125175e-07,"Ccn5",6.13544675442993,"ENSMUSG00000027656.7",TRUE,"ENSMUSG00000027656","ENSG00000064205","CCN5"
"Col8a2",1.45245875163837,5.19488109748107,189.327501872999,8.74983993418079e-10,3.66180801245466e-07,"Col8a2",6.13069064025397,"ENSMUSG00000056174.8",TRUE,"ENSMUSG00000056174","ENSG00000171812","COL8A2"
"Pgr",-1.50672265290425,5.67899824222781,184.417184882829,1.04702083705256e-09,4.25379875279213e-07,"Pgr",-6.10207215844725,"ENSMUSG00000031870.16",TRUE,"ENSMUSG00000031870","ENSG00000082175","PGR"
"Anxa3",-1.7868976285266,8.24552616489563,183.833013081688,1.06993617626665e-09,4.25379875279213e-07,"Anxa3",-6.09861170440016,"ENSMUSG00000029484.12",TRUE,"ENSMUSG00000029484","ENSG00000138772","ANXA3"
"Lvrn",-1.71446766599035,5.18726798400369,182.408237321578,1.12825564534361e-09,4.3121455524676e-07,"Lvrn",-6.09012073857582,"ENSMUSG00000024481.5",TRUE,"ENSMUSG00000024481","ENSG00000172901","LVRN"
"Slc7a2",1.30366656501796,6.20658702406486,182.084960485967,1.14198582295495e-09,4.3121455524676e-07,"Slc7a2",6.0881840021003,"ENSMUSG00000031596.15",TRUE,"ENSMUSG00000031596","ENSG00000003989","SLC7A2"
"Zbtb16",-2.08348428605823,3.48147344976505,181.530992463196,1.16595773600017e-09,4.3121455524676e-07,"Zbtb16",-6.08485638726882,"ENSMUSG00000066687.5",TRUE,"ENSMUSG00000066687","ENSG00000109906","ZBTB16"
"Epas1",1.03939486338477,7.45837701409508,180.149556905416,1.22826849781202e-09,4.39497075102387e-07,"Epas1",6.07650934469812,"ENSMUSG00000024140.10",TRUE,"ENSMUSG00000024140","ENSG00000116016","EPAS1"
"Tmeff2",-1.34804221544012,6.48118858471359,179.821316818709,1.24362500028972e-09,4.39497075102387e-07,"Tmeff2",-6.07451565977006,"ENSMUSG00000026109.14",TRUE,"ENSMUSG00000026109","ENSG00000144339","TMEFF2"
"Cpz",1.07028963263554,6.18412924408753,177.752915881784,1.3455664406686e-09,4.65185719694625e-07,"Cpz",6.06185960726312,"ENSMUSG00000036596.6",TRUE,"ENSMUSG00000036596","ENSG00000109625","CPZ"
"Krt19",-2.293502999339,3.59269205029727,176.220864516084,1.42720940848481e-09,4.70450892091428e-07,"Krt19",-6.05238041593236,"ENSMUSG00000020911.14",TRUE,"ENSMUSG00000020911","ENSG00000171345","KRT19"
"Ccn4",1.64892641057536,5.59516318978402,175.189490555633,1.48534158886422e-09,4.70450892091428e-07,"Ccn4",6.04594782866942,"ENSMUSG00000005124.10",TRUE,"ENSMUSG00000005124","ENSG00000104415","CCN4"
"Galnt15",-1.35455808407151,5.93004075708932,175.143389624243,1.48800216409218e-09,4.70450892091428e-07,"Galnt15",-6.04565932913295,"ENSMUSG00000021903.11",TRUE,"ENSMUSG00000021903","ENSG00000131386","GALNT15"
"Arhgap20",-1.73577465378906,5.26799769063072,174.878250649,1.50340940521099e-09,4.70450892091428e-07,"Arhgap20",-6.04399846632078,"ENSMUSG00000053199.13",TRUE,"ENSMUSG00000053199","ENSG00000137727","ARHGAP20"
"Cacna1c",1.36927783470135,5.21298444362804,174.787768380878,1.50870876543186e-09,4.70450892091428e-07,"Cacna1c",6.04343104027338,"ENSMUSG00000051331.15",TRUE,"ENSMUSG00000051331","ENSG00000151067","CACNA1C"
"Efhd1",-1.78699774426161,6.04484143778755,172.533748780594,1.64782897900828e-09,4.89756041008583e-07,"Efhd1",-6.02919056112968,"ENSMUSG00000026255.15",TRUE,"ENSMUSG00000026255","ENSG00000115468","EFHD1"
"Scara5",-1.46560606164207,8.66655813236843,172.162288772302,1.67212800979168e-09,4.89756041008583e-07,"Scara5",-6.02682411344471,"ENSMUSG00000022032.14",TRUE,"ENSMUSG00000022032","ENSG00000168079","SCARA5"
"Col8a1",1.47115550550146,8.08022786811774,172.092661567226,1.67672784668593e-09,4.89756041008583e-07,"Col8a1",6.02637991683733,"ENSMUSG00000068196.5",TRUE,"ENSMUSG00000068196","ENSG00000144810","COL8A1"
"Lims2",-1.5774258824022,4.98642546033042,171.836051357279,1.69380508429051e-09,4.89756041008583e-07,"Lims2",-6.02474112741819,"ENSMUSG00000024395.9",TRUE,"ENSMUSG00000024395","ENSG00000072163","LIMS2"
"Ednra",1.26653125826863,6.60622379608451,168.095773663673,1.96656999534745e-09,5.58470761357329e-07,"Ednra",6.00054445501581,"ENSMUSG00000031616.7",TRUE,"ENSMUSG00000031616","ENSG00000151617","EDNRA"
"Npr1",-1.91376524944968,6.35614143001382,167.334281033438,2.02803277057546e-09,5.65821142990554e-07,"Npr1",-5.99554567881308,"ENSMUSG00000027931.12",TRUE,"ENSMUSG00000027931","ENSG00000169418","NPR1"
"Dkk3",1.17496554356155,7.38714608185765,164.917475459316,2.23804998199896e-09,6.11194994288577e-07,"Dkk3",5.97951351203015,"ENSMUSG00000030772.6",TRUE,"ENSMUSG00000030772","ENSG00000050165","DKK3"
"Pcsk6",-1.26829320963467,8.05932705939304,164.598971311647,2.26752843256153e-09,6.11194994288577e-07,"Pcsk6",-5.97738143732392,"ENSMUSG00000030513.14",TRUE,"ENSMUSG00000030513","ENSG00000140479","PCSK6"
"Ifi207",-0.96447650210769,7.47995070861214,162.864445978482,2.43601871530716e-09,6.45666760492162e-07,"Ifi207",-5.96569035115671,"ENSMUSG00000073490.11",TRUE,"ENSMUSG00000073490",NA,NA
"Ppp2r2b",-2.44371455097491,2.89443150089671,161.565912443759,2.57149119284628e-09,6.70400400653023e-07,"Ppp2r2b",-5.95684805349371,"ENSMUSG00000024500.19",TRUE,"ENSMUSG00000024500","ENSG00000156475","PPP2R2B"
"Fez1",-1.62828196435955,4.84654870649589,160.72938251126,2.66329509513263e-09,6.83135191901519e-07,"Fez1",-5.95111030379395,"ENSMUSG00000032118.16",TRUE,"ENSMUSG00000032118","ENSG00000149557","FEZ1"
"Pla1a",-1.367405743331,8.23119048739781,159.67276208738,2.78462329661928e-09,7.02918480732325e-07,"Pla1a",-5.94381590128905,"ENSMUSG00000002847.7",TRUE,"ENSMUSG00000002847","ENSG00000144837","PLA1A"
"Gsn",-1.39203231953215,14.0533329331858,158.84208313544,2.88442682376273e-09,7.10960206112538e-07,"Gsn",-5.93804397596363,"ENSMUSG00000026879.14",TRUE,"ENSMUSG00000026879","ENSG00000148180","GSN"
"Mmp13",2.19853399181981,6.40501799433978,158.667685823622,2.90589281250801e-09,7.10960206112538e-07,"Mmp13",5.93682797672709,"ENSMUSG00000050578.10",TRUE,"ENSMUSG00000050578","ENSG00000137745","MMP13"
"Qpct",-1.28531549502023,6.04239982438532,158.104261727918,2.9764935669446e-09,7.17199654471515e-07,"Qpct",-5.93288940533033,"ENSMUSG00000024084.8",TRUE,"ENSMUSG00000024084","ENSG00000115828","QPCT"
"Efemp1",-0.981144879449498,8.93454707347588,156.921953919234,3.13107520504967e-09,7.431864027747e-07,"Efemp1",-5.92457424802774,"ENSMUSG00000020467.15",TRUE,"ENSMUSG00000020467","ENSG00000115380","EFEMP1"
"Cpxm1",0.935033216716694,9.65309731753816,154.87517567636,3.42075741970985e-09,8.00004488906556e-07,"Cpxm1",5.91001540362193,"ENSMUSG00000027408.7",TRUE,"ENSMUSG00000027408","ENSG00000088882","CPXM1"
"Col7a1",1.69811407011026,4.68100545572668,153.264154067738,3.67028109122418e-09,8.45920002807799e-07,"Col7a1",5.89840683319329,"ENSMUSG00000025650.13",TRUE,"ENSMUSG00000025650",NA,NA
"Spp1",1.67572335940779,7.94755212977798,151.970517849125,3.88567831274428e-09,8.82770602965319e-07,"Spp1",5.88898792591125,"ENSMUSG00000029304.14",TRUE,"ENSMUSG00000029304","ENSG00000118785","SPP1"
"Dpep1",-1.56384594560128,8.09460267211886,151.398816648977,3.98542043898424e-09,8.92678045650231e-07,"Dpep1",-5.88479733634197,"ENSMUSG00000019278.5",TRUE,"ENSMUSG00000019278","ENSG00000015413","DPEP1"
"Cryaa",2.15214828336551,3.47752206339541,150.55983351072,4.1371075643504e-09,9.01763826387564e-07,"Cryaa",5.87861603504432,"ENSMUSG00000024041.10",TRUE,"ENSMUSG00000024041","ENSG00000160202","CRYAA"
"Mmp3",1.28031920515114,10.3870306369112,150.547463965666,4.13939252507654e-09,9.01763826387564e-07,"Mmp3",5.87852461871105,"ENSMUSG00000043613.8",TRUE,"ENSMUSG00000043613","ENSG00000149968","MMP3"
"Creb5",-1.28422532585298,6.05102547161662,149.964424215248,4.24873923546185e-09,9.1307702785878e-07,"Creb5",-5.87420633201418,"ENSMUSG00000053007.9",TRUE,"ENSMUSG00000053007","ENSG00000146592","CREB5"
"Adm",-1.00649934296582,6.06327492080909,148.566868982253,4.52447027695777e-09,9.59368677526125e-07,"Adm",-5.86377994139033,"ENSMUSG00000030790.15",TRUE,"ENSMUSG00000030790","ENSG00000148926","ADM"
"Ptx3",-1.67047976145491,8.79642307128046,147.933926589469,4.65599684290381e-09,9.66444010116636e-07,"Ptx3",-5.85902247631899,"ENSMUSG00000027832.5",TRUE,"ENSMUSG00000027832","ENSG00000163661","PTX3"
"Angptl7",1.55955009391181,4.60839383013659,147.823526269399,4.67938054322964e-09,9.66444010116636e-07,"Angptl7",5.85819037544821,"ENSMUSG00000028989.3",TRUE,"ENSMUSG00000028989","ENSG00000171819","ANGPTL7"
"Plpp3",-1.11790080965616,9.66762286738,146.450233758646,4.98169622612216e-09,1.00268760487135e-06,"Plpp3",-5.84778240368548,"ENSMUSG00000028517.8",TRUE,"ENSMUSG00000028517","ENSG00000284686",""
"Opcml",-1.50626529156637,4.8917032288072,146.178910268312,5.04401737972134e-09,1.00268760487135e-06,"Opcml",-5.84571343322761,"ENSMUSG00000062257.13",TRUE,"ENSMUSG00000062257","ENSG00000183715","OPCML"
"Col1a1",0.890021119009475,14.8298440678462,145.25725870971,5.26242749184028e-09,1.03318993089798e-06,"Col1a1",5.8386538493379,"ENSMUSG00000001506.10",TRUE,"ENSMUSG00000001506","ENSG00000108821","COL1A1"
"Ifi204",-1.02200035044668,7.54038984027233,143.760536663821,5.64041644275052e-09,1.09389686206173e-06,"Ifi204",-5.82708418201711,"ENSMUSG00000073489.6",TRUE,"ENSMUSG00000073489","ENSG00000163563","MNDA"
"Socs1",-0.938244354332618,6.72170910232018,142.029841156366,6.11652423861617e-09,1.17194078273148e-06,"Socs1",-5.81354028826745,"ENSMUSG00000038037.5",TRUE,"ENSMUSG00000038037","ENSG00000185338","SOCS1"
"Tnc",1.48802369909332,8.81332792409175,140.491494693732,6.57834860688676e-09,1.24542235589667e-06,"Tnc",5.8013490877141,"ENSMUSG00000028364.15",TRUE,"ENSMUSG00000028364","ENSG00000041982","TNC"
"Ptk7",1.39240116633553,4.83225186278756,140.193342109252,6.67237196025192e-09,1.24836154451631e-06,"Ptk7",5.79896936368529,"ENSMUSG00000023972.10",TRUE,"ENSMUSG00000023972","ENSG00000112655","PTK7"
"Sema7a",1.65311556781552,6.07088549163922,139.931859408941,6.75608989613164e-09,1.24932671649048e-06,"Sema7a",5.79687775887361,"ENSMUSG00000038264.8",TRUE,"ENSMUSG00000038264","ENSG00000138623","SEMA7A"
"Thbd",-1.20341078247488,8.30446309191609,137.120774231502,7.73572466316143e-09,1.41403711860065e-06,"Thbd",-5.77411792692108,"ENSMUSG00000074743.4",TRUE,"ENSMUSG00000074743","ENSG00000178726","THBD"
"Nova1",-1.34142864070124,6.73371056773228,135.916982893248,8.20388245141485e-09,1.48257207528239e-06,"Nova1",-5.76421490876957,"ENSMUSG00000021047.7",TRUE,"ENSMUSG00000021047","ENSG00000139910","NOVA1"
"Bgn",1.0710076082524,11.9495333435693,135.171934225678,8.50974160823913e-09,1.52056652579581e-06,"Bgn",5.75803757441631,"ENSMUSG00000031375.17",TRUE,"ENSMUSG00000031375","ENSG00000182492","BGN"
"Fbln7",0.868907101587765,8.92094964156846,134.390493135895,8.84454654377486e-09,1.56283137428502e-06,"Fbln7",5.75151837556506,"ENSMUSG00000027386.9",TRUE,"ENSMUSG00000027386","ENSG00000144152","FBLN7"
"Sparc",0.806382889861925,13.5733676501508,133.566831537969,9.21374754209004e-09,1.60112172017546e-06,"Sparc",5.744601939295,"ENSMUSG00000018593.13",TRUE,"ENSMUSG00000018593","ENSG00000113140","SPARC"
"Megf9",-1.10841155631187,5.79980168641319,133.4606512994,9.26260443036801e-09,1.60112172017546e-06,"Megf9",-5.74370693349502,"ENSMUSG00000039270.9",TRUE,"ENSMUSG00000039270","ENSG00000106780","MEGF9"
"Enpep",-1.03150706533097,7.09539066791583,132.128922558134,9.90106018611258e-09,1.67506978872073e-06,"Enpep",-5.73241509298129,"ENSMUSG00000028024.14",TRUE,"ENSMUSG00000028024","ENSG00000138792","ENPEP"
"Tnfaip6",-1.29844523180564,10.2761131002431,131.414717080565,1.02639841062188e-08,1.70478229518593e-06,"Tnfaip6",-5.72630793836378,"ENSMUSG00000053475.5",TRUE,"ENSMUSG00000053475","ENSG00000123610","TNFAIP6"
"Fbn2",1.378578146199,6.25544503818235,131.362542984419,1.02910834646198e-08,1.70478229518593e-06,"Fbn2",5.72586037842227,"ENSMUSG00000024598.9",TRUE,"ENSMUSG00000024598","ENSG00000138829","FBN2"
"Ackr2",-1.81963291918325,4.24149246246186,129.777365144919,1.11545194319166e-08,1.79929403286954e-06,"Ackr2",-5.71216905525071,"ENSMUSG00000044534.8",TRUE,"ENSMUSG00000044534","ENSG00000144648","ACKR2"
"F2rl1",1.73154039532126,4.48926309238086,129.695954532214,1.12010381219949e-08,1.79929403286954e-06,"F2rl1",5.71146098047596,"ENSMUSG00000021678.9",TRUE,"ENSMUSG00000021678","ENSG00000164251","F2RL1"
"Col18a1",1.11480956309662,9.80310875715117,129.399531647221,1.13722892401302e-08,1.80243272665397e-06,"Col18a1",5.70887871376788,"ENSMUSG00000001435.15",TRUE,"ENSMUSG00000001435","ENSG00000182871","COL18A1"
"Aqp1",1.17929481450027,7.30886307134986,128.838585788449,1.17045697588807e-08,1.80243272665397e-06,"Aqp1",5.70397435029215,"ENSMUSG00000004655.5",TRUE,"ENSMUSG00000004655","ENSG00000250424",""
"Pdgfrl",0.962662337896005,6.72735961590058,128.808676094892,1.17225944625637e-08,1.80243272665397e-06,"Pdgfrl",5.70371219475341,"ENSMUSG00000031595.9",TRUE,"ENSMUSG00000031595","ENSG00000104213","PDGFRL"
"Engase",-1.27391039259291,5.33465454559291,128.758707877856,1.17527776032483e-08,1.80243272665397e-06,"Engase",-5.70327407992586,"ENSMUSG00000033857.12",TRUE,"ENSMUSG00000033857","ENSG00000167280","ENGASE"
"Ppp1r9a",-1.60804737397413,3.57889331004188,128.348885660728,1.20036896767535e-08,1.80243272665397e-06,"Ppp1r9a",-5.69967379281273,"ENSMUSG00000032827.15",TRUE,"ENSMUSG00000032827","ENSG00000158528","PPP1R9A"
"L1cam",-2.3590219877046,2.99281599226003,128.330839973115,1.20148772160199e-08,1.80243272665397e-06,"L1cam",-5.69951497314073,"ENSMUSG00000031391.18",TRUE,"ENSMUSG00000031391","ENSG00000198910","L1CAM"
"Cadm3",-1.39816324950503,7.07348180385822,128.233319105236,1.207554133585e-08,1.80243272665397e-06,"Cadm3",-5.69865627220147,"ENSMUSG00000005338.13",TRUE,"ENSMUSG00000005338","ENSG00000162706","CADM3"
"Rgs2",0.895506397733188,6.80485187149855,128.150568451963,1.21272905585094e-08,1.80243272665397e-06,"Rgs2",5.69792706823096,"ENSMUSG00000026360.9",TRUE,"ENSMUSG00000026360","ENSG00000116741","RGS2"
"Chpf",0.873139153295288,7.37351570686815,127.6965305733,1.24157538360368e-08,1.82821975235642e-06,"Chpf",5.69391688942109,"ENSMUSG00000032997.16",TRUE,"ENSMUSG00000032997","ENSG00000123989","CHPF"
"Kcna1",-2.61014206166719,2.22368949320606,127.128065661282,1.27879729568969e-08,1.86548097167743e-06,"Kcna1",-5.68887406558785,"ENSMUSG00000047976.4",TRUE,"ENSMUSG00000047976","ENSG00000111262","KCNA1"
"Hdac7",-0.846816282634303,7.0832563331311,126.181698294516,1.34361199349878e-08,1.92499653446947e-06,"Hdac7",-5.68042405817547,"ENSMUSG00000022475.19",TRUE,"ENSMUSG00000022475","ENSG00000061273","HDAC7"
"Ccn2",0.830764717124875,7.38809385128212,125.920563578361,1.36214819454009e-08,1.93412881587241e-06,"Ccn2",5.67808023935775,"ENSMUSG00000019997.11",TRUE,"ENSMUSG00000019997","ENSG00000118523","CCN2"
"Aif1l",-1.59755104844005,5.02883693021387,125.678380585696,1.37959926612356e-08,1.94157231231531e-06,"Aif1l",-5.67590177774631,"ENSMUSG00000001864.13",TRUE,"ENSMUSG00000001864","ENSG00000126878","AIF1L"
"Cd80",1.31554084482665,5.24502190584983,125.116791946437,1.421052349288e-08,1.98236802725676e-06,"Cd80",5.67083255760311,"ENSMUSG00000075122.5",TRUE,"ENSMUSG00000075122","ENSG00000121594","CD80"
"Ptpn5",-1.29679828071623,5.06585149997596,124.671125312189,1.45495765584193e-08,2.00854123713556e-06,"Ptpn5",-5.66679202161271,"ENSMUSG00000030854.17",TRUE,"ENSMUSG00000030854","ENSG00000110786","PTPN5"
"Inhbb",1.68402797101491,4.52549652922507,124.540428856787,1.46507441053716e-08,2.00854123713556e-06,"Inhbb",5.66560410390008,"ENSMUSG00000037035.5",TRUE,"ENSMUSG00000037035","ENSG00000163083","INHBB"
"Gan",-1.31590899790569,6.3039409614228,124.323103290722,1.48207432627091e-08,2.01448102655438e-06,"Gan",-5.66362578949117,"ENSMUSG00000052557.11",TRUE,"ENSMUSG00000052557","ENSG00000261609","GAN"
"Phlda3",1.08336552930436,5.72644227050563,123.531167024725,1.54594700620079e-08,2.08349112200094e-06,"Phlda3",5.65638475293183,"ENSMUSG00000041801.5",TRUE,"ENSMUSG00000041801","ENSG00000174307","PHLDA3"
"Ackr1",-1.34563265050631,4.32737713119278,122.225046595348,1.65824758520408e-08,2.21605977710088e-06,"Ackr1",-5.64433101844258,"ENSMUSG00000037872.5",TRUE,"ENSMUSG00000037872","ENSG00000213088","ACKR1"
"Adamtsl3",-1.11048743935345,4.97844035147538,121.822826598381,1.69467696137507e-08,2.24587064306231e-06,"Adamtsl3",-5.64059077535036,"ENSMUSG00000070469.12",TRUE,"ENSMUSG00000070469","ENSG00000156218","ADAMTSL3"
"Cxcl13",-2.33923175747575,4.49071183709002,120.461565552849,1.82488855467867e-08,2.39844650289709e-06,"Cxcl13",-5.62783184563623,"ENSMUSG00000023078.6",TRUE,"ENSMUSG00000023078","ENSG00000156234","CXCL13"
"Csgalnact1",1.19215796836736,5.87507569631058,120.128564323846,1.85844904942408e-08,2.42253403549107e-06,"Csgalnact1",5.62468674955606,"ENSMUSG00000036356.15",TRUE,"ENSMUSG00000036356","ENSG00000147408","CSGALNACT1"
"Krt80",-1.34891244811856,3.91409084791508,119.977203338672,1.87393496344502e-08,2.42286079054196e-06,"Krt80",-5.62325405015733,"ENSMUSG00000037185.9",TRUE,"ENSMUSG00000037185","ENSG00000167767","KRT80"
"Adam33",-1.2817475397781,5.81081077557993,119.719586970986,1.9006304169324e-08,2.42594626176931e-06,"Adam33",-5.6208110635695,"ENSMUSG00000027318.17",TRUE,"ENSMUSG00000027318","ENSG00000149451","ADAM33"
"Ifi211",-0.945389501277001,5.59217055388762,119.597297538625,1.9134537293929e-08,2.42594626176931e-06,"Ifi211",-5.61964938317708,"ENSMUSG00000026536.9",TRUE,"ENSMUSG00000026536","ENSG00000163563","MNDA"
"Kif26b",2.27259476639777,4.7772381167787,119.515505694452,1.92208532341655e-08,2.42594626176931e-06,"Kif26b",5.61887168477829,"ENSMUSG00000026494.12",TRUE,"ENSMUSG00000026494","ENSG00000162849","KIF26B"
"Glipr1",1.79065945844284,4.77728872329773,118.784613778796,2.00121317356013e-08,2.50592859048242e-06,"Glipr1",5.61189633550222,"ENSMUSG00000056888.11",TRUE,"ENSMUSG00000056888","ENSG00000139278","GLIPR1"
"Uap1",-0.972932164269227,7.79564075773584,118.481374000915,2.03512421920315e-08,2.52848284828028e-06,"Uap1",-5.60898860459978,"ENSMUSG00000026670.15",TRUE,"ENSMUSG00000026670","ENSG00000117143","UAP1"
"Fyn",-0.823080441980844,7.110668967279,117.565784709542,2.14154395624203e-08,2.64007546791605e-06,"Fyn",-5.60015972017109,"ENSMUSG00000019843.14",TRUE,"ENSMUSG00000019843","ENSG00000010810","FYN"
"Frmd4b",-1.17020561274155,4.80539940313139,115.564572854293,2.39691638983033e-08,2.93216625749782e-06,"Frmd4b",-5.58059902630769,"ENSMUSG00000030064.16",TRUE,"ENSMUSG00000030064","ENSG00000114541","FRMD4B"
"Nxn",0.92248352652997,6.08022202686326,115.225621048182,2.44351289150447e-08,2.96635003920577e-06,"Nxn",5.57724949659786,"ENSMUSG00000020844.6",TRUE,"ENSMUSG00000020844","ENSG00000167693","NXN"
"Ppl",-1.16073803485846,5.80947250658784,115.05958830239,2.46671287373683e-08,2.97182839629067e-06,"Ppl",-5.57560484474136,"ENSMUSG00000039457.4",TRUE,"ENSMUSG00000039457","ENSG00000118898","PPL"
"Mturn",-0.934500841723586,5.91373520564517,114.774569784593,2.50712506863583e-08,2.97390266302097e-06,"Mturn",-5.57277554192202,"ENSMUSG00000038065.13",TRUE,"ENSMUSG00000038065","ENSG00000180354","MTURN"
"Ly6c1",-0.911384147293712,8.82841204539737,114.673944511682,2.52157183340138e-08,2.97390266302097e-06,"Ly6c1",-5.57177483642866,"ENSMUSG00000079018.10",TRUE,"ENSMUSG00000079018",NA,NA
"Ramp2",-1.19984372977021,6.30908102467458,114.653383752605,2.52453536758995e-08,2.97390266302097e-06,"Ramp2",-5.57157024482313,"ENSMUSG00000001240.13",TRUE,"ENSMUSG00000001240","ENSG00000131477","RAMP2"
"Col1a2",0.772133721738232,14.7868567060003,114.162823457016,2.59643006372124e-08,3.02115705867552e-06,"Col1a2",5.56667701702486,"ENSMUSG00000029661.16",TRUE,"ENSMUSG00000029661","ENSG00000164692","COL1A2"
"Spon1",0.796720898829586,8.87556539271519,114.121148532823,2.60264426233129e-08,3.02115705867552e-06,"Spon1",5.5662602659873,"ENSMUSG00000038156.16",TRUE,"ENSMUSG00000038156","ENSG00000262655","SPON1"
"Pdzd2",-1.10986021877651,5.37213871423545,113.935836208017,2.63048187778787e-08,3.03134444220729e-06,"Pdzd2",-5.56440512906143,"ENSMUSG00000022197.16",TRUE,"ENSMUSG00000022197","ENSG00000133401","PDZD2"
"1700019D03Rik",-1.7901917704879,4.21372789534999,113.215020400523,2.7420282361295e-08,3.13715647763795e-06,"1700019D03Rik",-5.55715781667911,"ENSMUSG00000043629.12",TRUE,"ENSMUSG00000043629","ENSG00000187699","C2orf88"
"Crispld1",-1.28844014261135,4.35345654783605,113.058445443953,2.76696312430894e-08,3.13764320305988e-06,"Crispld1",-5.55557693194036,"ENSMUSG00000025776.13",TRUE,"ENSMUSG00000025776","ENSG00000121005","CRISPLD1"
"Ltbp1",-1.10042368566119,7.90167660542232,112.965334263734,2.78191342282238e-08,3.13764320305988e-06,"Ltbp1",-5.55463569103337,"ENSMUSG00000001870.16",TRUE,"ENSMUSG00000001870","ENSG00000049323","LTBP1"
"Ddit4",1.00466205540616,6.19829484304452,112.778050738825,2.81226328920827e-08,3.14953683720276e-06,"Ddit4",5.55273992614442,"ENSMUSG00000020108.4",TRUE,"ENSMUSG00000020108","ENSG00000168209","DDIT4"
"Rbpj",-0.799477879640743,6.33991745857532,112.435665530719,2.8687258531467e-08,3.16060015117001e-06,"Rbpj",-5.54926529462849,"ENSMUSG00000039191.12",TRUE,"ENSMUSG00000039191","ENSG00000168214","RBPJ"
"Actn1",1.12939656496531,7.13393199642475,112.35863940881,2.88160503075397e-08,3.16060015117001e-06,"Actn1",5.54848202542917,"ENSMUSG00000015143.15",TRUE,"ENSMUSG00000015143","ENSG00000072110","ACTN1"
"Xpnpep2",-1.2147081702518,4.84241134795387,112.35768762365,2.88176458479313e-08,3.16060015117001e-06,"Xpnpep2",-5.54847234319373,"ENSMUSG00000037005.16",TRUE,"ENSMUSG00000037005","ENSG00000122121","XPNPEP2"
"Pde8a",-0.825020929846286,6.72003567627932,112.174338794496,2.91268866829924e-08,3.17263615698376e-06,"Pde8a",-5.54660552463122,"ENSMUSG00000025584.17",TRUE,"ENSMUSG00000025584","ENSG00000073417","PDE8A"
"Colgalt2",-1.18020956716399,5.25553065734697,111.914881048613,2.95709610068651e-08,3.19909518974269e-06,"Colgalt2",-5.54395810885412,"ENSMUSG00000032649.14",TRUE,"ENSMUSG00000032649","ENSG00000198756","COLGALT2"
"Angptl4",0.888068576496339,7.70436228216291,111.758322089268,2.9842639631193e-08,3.20667228415448e-06,"Angptl4",5.54235740866635,"ENSMUSG00000002289.16",TRUE,"ENSMUSG00000002289","ENSG00000167772","ANGPTL4"
"Zfp385a",-1.16332196804508,6.3775712741005,110.852926295847,3.14705456122673e-08,3.35889991189186e-06,"Zfp385a",-5.53305237034496,"ENSMUSG00000000552.10",TRUE,"ENSMUSG00000000552","ENSG00000161642","ZNF385A"
"Gpr176",1.16486188091435,5.84778919199429,110.61111755588,3.19222361461348e-08,3.38439547621321e-06,"Gpr176",5.53055325631471,"ENSMUSG00000040133.2",TRUE,"ENSMUSG00000040133","ENSG00000166073","GPR176"
"Akr1c18",-1.68168534662483,4.94155964455733,110.448367350062,3.22303962308054e-08,3.39443702820197e-06,"Akr1c18",-5.52886787659258,"ENSMUSG00000021214.14",TRUE,"ENSMUSG00000021214",NA,NA
"Hc",1.81910157889254,4.56274618204807,109.599310655931,3.38939060453137e-08,3.54614991999095e-06,"Hc",5.52003141592373,"ENSMUSG00000026874.10",TRUE,"ENSMUSG00000026874","ENSG00000106804","C5"
"F2r",1.0999079087961,5.60758506345988,109.421774378343,3.42539538148312e-08,3.56039625828275e-06,"F2r",5.51817433423525,"ENSMUSG00000048376.6",TRUE,"ENSMUSG00000048376","ENSG00000181104","F2R"
"Cadm1",-2.55092748784437,2.43640502930599,109.28053638233,3.45434939910333e-08,3.56717652558053e-06,"Cadm1",-5.51669460597815,"ENSMUSG00000032076.19",TRUE,"ENSMUSG00000032076","ENSG00000182985","CADM1"
"Nrep",0.910594312636648,9.2749316521672,109.160017474184,3.47927604361401e-08,3.56973722074798e-06,"Nrep",5.51543030617896,"ENSMUSG00000042834.15",TRUE,"ENSMUSG00000042834","ENSG00000134986","NREP"
"Fxyd5",0.865619049787872,6.7804868455128,108.35936169494,3.65016006124702e-08,3.70755858129611e-06,"Fxyd5",5.50699240302759,"ENSMUSG00000009687.14",TRUE,"ENSMUSG00000009687",NA,NA
"Dkk2",-1.25414700567694,5.89821640856814,108.31350675682,3.66023201448462e-08,3.70755858129611e-06,"Dkk2",-5.50650710330934,"ENSMUSG00000028031.6",TRUE,"ENSMUSG00000028031","ENSG00000155011","DKK2"
"Gstm1",-1.072230469102,7.53344586004423,108.102357573853,3.70702000468345e-08,3.73118602116968e-06,"Gstm1",-5.50426955364233,"ENSMUSG00000058135.12",TRUE,"ENSMUSG00000058135","ENSG00000134184","GSTM1"
"Dmrt2",-2.17976234734359,2.5142500029617,107.245979509861,3.90388083862064e-08,3.90461741991095e-06,"Dmrt2",-5.49514564707739,"ENSMUSG00000048138.10",TRUE,"ENSMUSG00000048138","ENSG00000173253","DMRT2"
"Sh3bgrl3",0.873973806588616,6.74785337509517,106.677643699858,4.04108474991959e-08,4.01658567362321e-06,"Sh3bgrl3",5.48904683389452,"ENSMUSG00000028843.8",TRUE,"ENSMUSG00000028843","ENSG00000142669","SH3BGRL3"
"Nrcam",-2.32344144047679,3.49395544520273,106.401195383382,4.10979869786791e-08,4.059511098894e-06,"Nrcam",-5.48606751735617,"ENSMUSG00000020598.16",TRUE,"ENSMUSG00000020598","ENSG00000091129","NRCAM"
"Tm4sf1",0.761061542365362,6.89398515916478,105.02032563052,4.47354344606923e-08,4.3698738695734e-06,"Tm4sf1",5.4710589926277,"ENSMUSG00000027800.14",TRUE,"ENSMUSG00000027800","ENSG00000169908","TM4SF1"
"Plp1",-1.98267989325849,3.81618040529438,105.000728326278,4.47896271609423e-08,4.3698738695734e-06,"Plp1",-5.47084445538691,"ENSMUSG00000031425.15",TRUE,"ENSMUSG00000031425","ENSG00000123560","PLP1"
"Stra6",1.40312299903049,4.55834002771638,104.249221955922,4.69251748661925e-08,4.52402792103273e-06,"Stra6",5.46258461115624,"ENSMUSG00000032327.14",TRUE,"ENSMUSG00000032327","ENSG00000137868","STRA6"
"Cthrc1",1.22368759516369,6.92755033538337,104.244620247261,4.69386032176571e-08,4.52402792103273e-06,"Cthrc1",5.46253383506102,"ENSMUSG00000054196.7",TRUE,"ENSMUSG00000054196","ENSG00000164932","CTHRC1"
"Megf6",1.89883445889573,3.50458253752566,103.916089732105,4.79086791314586e-08,4.57256841919602e-06,"Megf6",5.45890248167051,"ENSMUSG00000057751.14",TRUE,"ENSMUSG00000057751","ENSG00000162591","MEGF6"
"Cldn1",1.87054154016268,3.00524692773208,103.879779073325,4.80172876819301e-08,4.57256841919602e-06,"Cldn1",5.4585003653689,"ENSMUSG00000022512.3",TRUE,"ENSMUSG00000022512","ENSG00000163347","CLDN1"
"Tgm2",0.935980716932161,7.14578985633486,103.018015666879,5.06788842831971e-08,4.78552209746614e-06,"Tgm2",5.44891198129939,"ENSMUSG00000037820.15",TRUE,"ENSMUSG00000037820","ENSG00000198959","TGM2"
"Adamts7",1.22874723678607,5.98543213300413,102.92495434213,5.09762082085856e-08,4.78552209746614e-06,"Adamts7",5.44787134507382,"ENSMUSG00000032363.15",TRUE,"ENSMUSG00000032363","ENSG00000136378","ADAMTS7"
"Rnf149",0.952494626462259,4.89087543024977,102.868883445051,5.11563073991853e-08,4.78552209746614e-06,"Rnf149",5.44724385366396,"ENSMUSG00000048234.13",TRUE,"ENSMUSG00000048234","ENSG00000163162","RNF149"
"Tnfrsf26",1.66065539232478,2.93222505172815,102.388592925323,5.27289764862084e-08,4.90379481321739e-06,"Tnfrsf26",5.44185368858074,"ENSMUSG00000045362.8",TRUE,"ENSMUSG00000045362","ENSG00000120889","TNFRSF10B"
"Lhfpl2",0.803970031491223,6.81581035923379,102.167177426589,5.347243467104e-08,4.94402400333459e-06,"Lhfpl2",5.43935958119505,"ENSMUSG00000045312.12",TRUE,"ENSMUSG00000045312","ENSG00000145685","LHFPL2"
"Abca8b",-1.07319975595037,6.71223705890813,101.307935336842,5.64725700197299e-08,5.17752704267391e-06,"Abca8b",-5.42962505547204,"ENSMUSG00000020620.14",TRUE,"ENSMUSG00000020620","ENSG00000141338","ABCA8"
"Il18",-1.45265881991852,3.6464697842767,101.259018346293,5.66490414025819e-08,5.17752704267391e-06,"Il18",-5.42906818008062,"ENSMUSG00000039217.13",TRUE,"ENSMUSG00000039217","ENSG00000150782","IL18"
"Tmem100",-1.01407719101101,6.62439450762932,100.960392290392,5.77400452975952e-08,5.23787912112043e-06,"Tmem100",-5.42566227074598,"ENSMUSG00000069763.3",TRUE,"ENSMUSG00000069763","ENSG00000166292","TMEM100"
"Lox",1.13571751580348,9.25426083516206,100.889692479489,5.80018243420628e-08,5.23787912112043e-06,"Lox",5.42485432522842,"ENSMUSG00000024529.14",TRUE,"ENSMUSG00000024529","ENSG00000113083","LOX"
"Neurl3",-1.83818227995023,2.74536472500081,100.810281955351,5.82974661660263e-08,5.23787912112043e-06,"Neurl3",-5.42394610460086,"ENSMUSG00000047180.8",TRUE,"ENSMUSG00000047180","ENSG00000163121","NEURL3"
"Rbp1",0.963087366316568,6.38932560381691,100.478623184386,5.95508711562606e-08,5.26966345200128e-06,"Rbp1",5.42014453039076,"ENSMUSG00000046402.10",TRUE,"ENSMUSG00000046402","ENSG00000114115","RBP1"
"Has1",-0.946415776203048,10.1637484527963,100.447347166318,5.96706414452839e-08,5.26966345200128e-06,"Has1",-5.41978533509915,"ENSMUSG00000003665.7",TRUE,"ENSMUSG00000003665","ENSG00000105509","HAS1"
"Brinp3",1.96702106979439,5.15838152479733,100.360408691194,6.00050097092074e-08,5.26966345200128e-06,"Brinp3",5.41878623816457,"ENSMUSG00000035131.14",TRUE,"ENSMUSG00000035131","ENSG00000162670","BRINP3"
"Plau",-0.867628326462132,8.76235953432783,100.349263931357,6.00480266093138e-08,5.26966345200128e-06,"Plau",-5.41865809491204,"ENSMUSG00000021822.3",TRUE,"ENSMUSG00000021822","ENSG00000122861","PLAU"
"C1qtnf1",-1.01479008887616,7.78888492839197,100.282092814093,6.0308039254495e-08,5.26966345200128e-06,"C1qtnf1",-5.417885430512,"ENSMUSG00000017446.14",TRUE,"ENSMUSG00000017446","ENSG00000173918","C1QTNF1"
"Sept9",0.964092377972317,7.27914383560808,100.041671357022,6.1249228910953e-08,5.3226584009338e-06,"Sept9",5.4151152868299,"ENSMUSG00000059248.13",TRUE,"ENSMUSG00000059248","ENSG00000184640","SEPTIN9"
"Ifi27l2a",-1.26584971870777,5.95173966174743,98.2913207699116,6.86273593547491e-08,5.93141791205747e-06,"Ifi27l2a",-5.39472819307298,"ENSMUSG00000079017.3",TRUE,"ENSMUSG00000079017",NA,NA
"Scg3",-1.3256839608082,4.59968172315615,98.1069500621025,6.94616906548601e-08,5.97107711613103e-06,"Scg3",-5.39255794097319,"ENSMUSG00000032181.7",TRUE,"ENSMUSG00000032181","ENSG00000104112","SCG3"
"C1qtnf3",1.18817994146336,6.37094079780609,97.8138119114306,7.08120737843668e-08,6.04547691653626e-06,"C1qtnf3",5.38909828544732,"ENSMUSG00000058914.12",TRUE,"ENSMUSG00000058914","ENSG00000273294","C1QTNF3-AMACR"
"Matn2",0.800138431410802,7.29565635437603,97.7548074928975,7.1087479305306e-08,6.04547691653626e-06,"Matn2",5.38840055349125,"ENSMUSG00000022324.15",TRUE,"ENSMUSG00000022324","ENSG00000132561","MATN2"
"Ctsk",0.781257733036287,9.970765696897,96.4556568866268,7.74709803518985e-08,6.54348429915074e-06,"Ctsk",5.37292168886946,"ENSMUSG00000028111.4",TRUE,"ENSMUSG00000028111","ENSG00000143387","CTSK"
"Ntrk2",-0.914457416820811,6.67306971076482,96.3985141848932,7.7766366882946e-08,6.54348429915074e-06,"Ntrk2",-5.37223569689588,"ENSMUSG00000055254.15",TRUE,"ENSMUSG00000055254","ENSG00000148053","NTRK2"
"Aox1",-1.16495397829224,4.96058182530945,96.2284088957522,7.86532935775477e-08,6.58328067244074e-06,"Aox1",-5.37019100029506,"ENSMUSG00000063558.4",TRUE,"ENSMUSG00000063558","ENSG00000138356","AOX1"
"Emilin1",0.909431837519517,7.95600313380445,95.8853982584625,8.04769377867961e-08,6.69782911630045e-06,"Emilin1",5.36605605992684,"ENSMUSG00000029163.9",TRUE,"ENSMUSG00000029163","ENSG00000138080","EMILIN1"
"Thbs4",0.898690331671749,10.9842020542552,95.7529337438708,8.11940221603424e-08,6.69782911630045e-06,"Thbs4",5.36445494636355,"ENSMUSG00000021702.7",TRUE,"ENSMUSG00000021702","ENSG00000113296","THBS4"
"Ltc4s",2.26975163570128,2.41254061030908,95.736157431292,8.12853561872595e-08,6.69782911630045e-06,"Ltc4s",5.36425199867626,"ENSMUSG00000020377.15",TRUE,"ENSMUSG00000020377",NA,NA
"Wnt11",-1.11578194158555,5.11687513924594,95.2033691478054,8.42476276099797e-08,6.90613413340983e-06,"Wnt11",-5.3577866755421,"ENSMUSG00000015957.12",TRUE,"ENSMUSG00000015957","ENSG00000085741","WNT11"
"Il2rg",1.46384903605943,3.65116240796963,95.0789528675412,8.49569258989937e-08,6.92856406447024e-06,"Il2rg",5.35627127657849,"ENSMUSG00000031304.18",TRUE,"ENSMUSG00000031304","ENSG00000285171",""
"Serpinb2",1.48090774104708,6.03092969904611,94.9009364639517,8.59836335647437e-08,6.97651900295979e-06,"Serpinb2",5.35409930061917,"ENSMUSG00000062345.10",TRUE,"ENSMUSG00000062345","ENSG00000197632","SERPINB2"
"Kcnn3",-1.60849704771645,3.07908439221077,94.4442187243663,8.86828774071088e-08,7.15900405789467e-06,"Kcnn3",-5.34850673334119,"ENSMUSG00000000794.9",TRUE,"ENSMUSG00000000794","ENSG00000143603","KCNN3"
"Tpm2",0.77019569586696,5.99950457456904,94.2246422641202,9.0014785976859e-08,7.22982394641408e-06,"Tpm2",5.34580760135806,"ENSMUSG00000028464.16",TRUE,"ENSMUSG00000028464","ENSG00000198467","TPM2"
"Tnn",1.39325760295729,4.51835060714255,93.921807651862,9.18891894037391e-08,7.34328532204855e-06,"Tnn",5.34207387584297,"ENSMUSG00000026725.17",TRUE,"ENSMUSG00000026725","ENSG00000120332","TNN"
"Sfrp2",1.11710335677344,9.2213976257942,93.5796405999427,9.40606323767557e-08,7.47923118343773e-06,"Sfrp2",5.33783956310535,"ENSMUSG00000027996.13",TRUE,"ENSMUSG00000027996","ENSG00000145423","SFRP2"
"Cdh11",0.747004736303937,7.9528313043003,93.4029931197436,9.52044528457955e-08,7.52975437287144e-06,"Cdh11",5.3356470164846,"ENSMUSG00000031673.6",TRUE,"ENSMUSG00000031673","ENSG00000140937","CDH11"
"Gpc3",-1.17227647550316,7.11612619818628,93.3359065536298,9.56429845513444e-08,7.52975437287144e-06,"Gpc3",-5.3348131676101,"ENSMUSG00000055653.13",TRUE,"ENSMUSG00000055653","ENSG00000147257","GPC3"
"Il17ra",-0.874778847305921,7.59984361453742,93.0259715011646,9.76990033754698e-08,7.65373029891673e-06,"Il17ra",-5.33095244347575,"ENSMUSG00000002897.5",TRUE,"ENSMUSG00000002897","ENSG00000177663","IL17RA"
"Jpt1",-0.857845603957232,6.21897625090571,92.7987783857597,9.92380595306208e-08,7.73619049370325e-06,"Jpt1",-5.32811358504638,"ENSMUSG00000020737.12",TRUE,"ENSMUSG00000020737","ENSG00000189159","JPT1"
"Ablim1",-0.931507717300743,7.62718874165721,92.5433167163913,1.01001622718956e-07,7.83526246877834e-06,"Ablim1",-5.32491254387577,"ENSMUSG00000025085.16",TRUE,"ENSMUSG00000025085","ENSG00000099204","ABLIM1"
"Serpina3n",1.08705591487172,8.58947409069297,92.3607535143359,1.02283765368528e-07,7.87071058357987e-06,"Serpina3n",5.32261911339124,"ENSMUSG00000021091.8",TRUE,"ENSMUSG00000021091","ENSG00000196136","SERPINA3"
"Aox3",-1.97260275145058,3.41078077628179,92.3374982372092,1.02448411670819e-07,7.87071058357987e-06,"Aox3",-5.32232662091075,"ENSMUSG00000064294.12",TRUE,"ENSMUSG00000064294",NA,NA
"Gstt1",-0.992123511716133,6.06223690359801,92.2603931850346,1.02996470850091e-07,7.87237259410703e-06,"Gstt1",-5.32135626669885,"ENSMUSG00000001663.10",TRUE,"ENSMUSG00000001663",NA,NA
"Cemip",1.66870134728286,3.36152346958266,92.1955304429318,1.03460093829364e-07,7.87237259410703e-06,"Cemip",5.32053930323207,"ENSMUSG00000052353.13",TRUE,"ENSMUSG00000052353","ENSG00000103888","CEMIP"
"Il1rl2",-0.739557055732288,7.3151981782664,92.0339205494809,1.04625594612635e-07,7.90959516390273e-06,"Il1rl2",-5.31850108812516,"ENSMUSG00000070942.8",TRUE,"ENSMUSG00000070942","ENSG00000115598","IL1RL2"
"Irgm1",-1.23081461739255,6.84635131243455,91.9216082862998,1.05444359425222e-07,7.90981909405332e-06,"Irgm1",-5.31708234058988,"ENSMUSG00000046879.7",TRUE,"ENSMUSG00000046879","ENSG00000237693","IRGM"
"Mmp19",0.845848258813331,7.88817601461169,91.4807053853987,1.08729747364758e-07,8.11797733493778e-06,"Mmp19",5.31149467680688,"ENSMUSG00000025355.7",TRUE,"ENSMUSG00000025355","ENSG00000123342","MMP19"
"Mill2",-1.05078320129623,4.74581022311325,91.1103253114857,1.11579744346413e-07,8.25483851849192e-06,"Mill2",-5.30677831034436,"ENSMUSG00000040987.15",TRUE,"ENSMUSG00000040987","ENSG00000204516","MICB"
"Erbb3",-1.90619151620689,2.81939712905318,91.1076069010128,1.11600973494043e-07,8.25483851849192e-06,"Erbb3",-5.30674361824818,"ENSMUSG00000018166.8",TRUE,"ENSMUSG00000018166","ENSG00000065361","ERBB3"
"Ccl11",-0.815727429473982,8.80849621340466,90.6876330206373,1.14936546607332e-07,8.46220324396483e-06,"Ccl11",-5.30137052705711,"ENSMUSG00000020676.2",TRUE,"ENSMUSG00000020676","ENSG00000172156","CCL11"
"Myo10",0.971577150039476,5.63804785119936,89.91449056003,1.21377806200846e-07,8.85445528445896e-06,"Myo10",5.29140866093298,"ENSMUSG00000022272.17",TRUE,"ENSMUSG00000022272","ENSG00000145555","MYO10"
"Serpina3c",-2.01336277056676,3.26815305277785,89.2087769649297,1.27617464659863e-07,9.26712575564291e-06,"Serpina3c",-5.28223484025093,"ENSMUSG00000066361.3",TRUE,"ENSMUSG00000066361","ENSG00000196136","SERPINA3"
"Ces1d",-1.91645373077293,3.26451771721124,89.1288535704078,1.28346822310297e-07,9.27772506909387e-06,"Ces1d",-5.28119097112901,"ENSMUSG00000056973.6",TRUE,"ENSMUSG00000056973","ENSG00000198848","CES1"
"Mfap4",0.978426661350518,7.26606741656376,89.0101998251261,1.29438376614047e-07,9.28161944642705e-06,"Mfap4",5.27963939233222,"ENSMUSG00000042436.12",TRUE,"ENSMUSG00000042436","ENSG00000166482","MFAP4"
"Lrrn4cl",-0.737710395803908,8.25689481557193,88.9961877603943,1.29567975671685e-07,9.28161944642705e-06,"Lrrn4cl",-5.27945601641269,"ENSMUSG00000071656.7",TRUE,"ENSMUSG00000071656","ENSG00000177363","LRRN4CL"
"Tnfrsf23",1.22723233263042,4.83238197972626,88.7679905740396,1.31699492385164e-07,9.39200460718059e-06,"Tnfrsf23",5.27646522291856,"ENSMUSG00000037613.16",TRUE,"ENSMUSG00000037613","ENSG00000120889","TNFRSF10B"
"Il1r2",-2.09558796844362,4.76075049425715,88.597527970282,1.33317746121876e-07,9.46496480614375e-06,"Il1r2",-5.27422571152356,"ENSMUSG00000026073.13",TRUE,"ENSMUSG00000026073","ENSG00000115590","IL1R2"
"Acot7",1.12405817592756,3.89016473839466,88.4915576192597,1.34335143445065e-07,9.49480793869719e-06,"Acot7",5.27283115367685,"ENSMUSG00000028937.14",TRUE,"ENSMUSG00000028937","ENSG00000097021","ACOT7"
"Adamtsl4",-0.918344200340515,6.65345050280582,88.2043696209228,1.37137026347341e-07,9.64995632744145e-06,"Adamtsl4",-5.2690427504759,"ENSMUSG00000015850.11",TRUE,"ENSMUSG00000015850","ENSG00000143382","ADAMTSL4"
"Fam129b",0.768883267616756,6.47977176850577,87.8075473051525,1.41118507868275e-07,9.88637722744131e-06,"Fam129b",5.2637862533477,"ENSMUSG00000026796.16",TRUE,"ENSMUSG00000026796","ENSG00000136830","NIBAN2"
"Clec11a",0.822695289295165,5.24531237130304,87.7102412848141,1.42114771274094e-07,9.91250529636804e-06,"Clec11a",5.26249339473426,"ENSMUSG00000004473.10",TRUE,"ENSMUSG00000004473","ENSG00000105472","CLEC11A"
"Col11a1",1.36245917762371,5.18750607033055,87.6049051058573,1.43202272642992e-07,9.9163546825759e-06,"Col11a1",5.26109210531554,"ENSMUSG00000027966.20",TRUE,"ENSMUSG00000027966","ENSG00000060718","COL11A1"
"Mgll",-1.28461989483486,5.37941307222777,87.5842077301986,1.43417064515655e-07,9.9163546825759e-06,"Mgll",-5.26081655493888,"ENSMUSG00000033174.17",TRUE,"ENSMUSG00000033174","ENSG00000074416","MGLL"
"Ank",0.791295862574231,5.91847930596068,87.4557851712722,1.44758013171639e-07,9.96574321847868e-06,"Ank",5.25910526192111,"ENSMUSG00000022265.7",TRUE,"ENSMUSG00000022265","ENSG00000154122","ANKH"
"Itgbl1",0.776097305962351,7.91131733912769,86.7669179491829,1.52198766760212e-07,1.04328318439123e-05,"Itgbl1",5.2498794651407,"ENSMUSG00000032925.16",TRUE,"ENSMUSG00000032925","ENSG00000198542","ITGBL1"
"Pi16",-0.910527930045381,9.68212645158031,86.0839304644871,1.60008098574173e-07,1.0901959372101e-05,"Pi16",-5.24065444921029,"ENSMUSG00000024011.17",TRUE,"ENSMUSG00000024011","ENSG00000164530","PI16"
"Rhbdf2",1.01458591120092,4.70784009130244,86.0495010411643,1.60413663652872e-07,1.0901959372101e-05,"Rhbdf2",5.2401873379492,"ENSMUSG00000020806.15",TRUE,"ENSMUSG00000020806","ENSG00000129667","RHBDF2"
"Hspb8",-0.858427718659227,7.32483684053632,85.4697167579925,1.67421886263277e-07,1.12407194442058e-05,"Hspb8",-5.23229101937252,"ENSMUSG00000041548.4",TRUE,"ENSMUSG00000041548","ENSG00000152137","HSPB8"
"Galnt10",0.84820294513762,6.58027077161852,85.446925333092,1.67704406890371e-07,1.12407194442058e-05,"Galnt10",5.23197944072544,"ENSMUSG00000020520.14",TRUE,"ENSMUSG00000020520","ENSG00000164574","GALNT10"
"Clec3b",-0.99425671094569,10.0243503780696,85.4370468922868,1.6782702752426e-07,1.12407194442058e-05,"Clec3b",-5.2318443661321,"ENSMUSG00000025784.5",TRUE,"ENSMUSG00000025784","ENSG00000163815","CLEC3B"
"Triobp",-0.754401132940727,6.35091270823408,85.4049965430688,1.68225569246115e-07,1.12407194442058e-05,"Triobp",-5.23140600467533,"ENSMUSG00000033088.19",TRUE,"ENSMUSG00000033088","ENSG00000100106","TRIOBP"
"Cdh19",-2.04715231597284,3.20245348785797,84.5821006186533,1.78835999282041e-07,1.18909373762187e-05,"Cdh19",-5.22009020943837,"ENSMUSG00000047216.8",TRUE,"ENSMUSG00000047216","ENSG00000071991","CDH19"
"AW112010",-1.26387103702244,4.71424614563365,84.5044639345461,1.79875716590833e-07,1.18909373762187e-05,"AW112010",-5.21901652399937,"ENSMUSG00000075010.5",TRUE,"ENSMUSG00000075010",NA,NA
"Pkm",0.689488544926045,8.34240942027966,84.4803755993436,1.80199704940496e-07,1.18909373762187e-05,"Pkm",5.21868317662565,"ENSMUSG00000032294.17",TRUE,"ENSMUSG00000032294","ENSG00000067225","PKM"
"Sult5a1",-1.59182150650499,4.06383141437044,84.1127691486704,1.85227235564659e-07,1.21721848230776e-05,"Sult5a1",-5.21358336059888,"ENSMUSG00000000739.14",TRUE,"ENSMUSG00000000739","ENSG00000213648","SULT1A4"
"Unc5b",1.45830457514753,3.95275615888682,83.9929665974197,1.86900004621002e-07,1.22315669690856e-05,"Unc5b",5.21191617289086,"ENSMUSG00000020099.8",TRUE,"ENSMUSG00000020099","ENSG00000107731","UNC5B"
"Ampd3",-0.89607262024447,5.48771025502514,83.756921376107,1.90246328162391e-07,1.23995383474037e-05,"Ampd3",-5.20862386725758,"ENSMUSG00000005686.17",TRUE,"ENSMUSG00000005686","ENSG00000133805","AMPD3"
"Cxcl9",-1.20152562740386,6.26947326572718,83.2638742498857,1.9745811239094e-07,1.28170463728699e-05,"Cxcl9",-5.20171476923206,"ENSMUSG00000029417.9",TRUE,"ENSMUSG00000029417","ENSG00000138755","CXCL9"
"Reck",-0.690265696821314,6.40539361797366,83.1918212494695,1.98537832019626e-07,1.28347444821468e-05,"Reck",-5.20070141697811,"ENSMUSG00000028476.13",TRUE,"ENSMUSG00000028476","ENSG00000122707","RECK"
"Nedd9",0.776551854973679,5.32752852191995,82.7595143140861,2.05158651787702e-07,1.32090608881774e-05,"Nedd9",5.19460165108589,"ENSMUSG00000021365.15",TRUE,"ENSMUSG00000021365","ENSG00000111859","NEDD9"
"Il34",0.870395170137978,5.56595475809202,82.3507460911365,2.116506721246e-07,1.34801895066056e-05,"Il34",5.18880254634362,"ENSMUSG00000031750.15",TRUE,"ENSMUSG00000031750","ENSG00000157368","IL34"
"Pnp",-1.00799583050843,7.32279373335251,82.34422785454,2.11756068914705e-07,1.34801895066056e-05,"Pnp",-5.18870982410511,"ENSMUSG00000115338.2",TRUE,"ENSMUSG00000115338","ENSG00000198805","PNP"
"Cyp7b1",0.972970533342206,5.33477771281476,82.3345489873766,2.11912681673357e-07,1.34801895066056e-05,"Cyp7b1",5.18857212724342,"ENSMUSG00000039519.6",TRUE,"ENSMUSG00000039519","ENSG00000172817","CYP7B1"
"Pmepa1",0.780646169966235,7.71136671135243,82.165670032602,2.14666595010401e-07,1.36009675715156e-05,"Pmepa1",5.18616677013309,"ENSMUSG00000038400.15",TRUE,"ENSMUSG00000038400","ENSG00000124225","PMEPA1"
"Kcna6",-2.75524363979508,1.67154973792518,82.0869058245733,2.15964898515442e-07,1.36289277027424e-05,"Kcna6",-5.18504311469121,"ENSMUSG00000038077.7",TRUE,"ENSMUSG00000038077","ENSG00000151079","KCNA6"
"Dio2",1.05105145566674,4.65826123176077,81.3068551159835,2.29316292689334e-07,1.44142964531165e-05,"Dio2",5.17385216086509,"ENSMUSG00000007682.6",TRUE,"ENSMUSG00000007682","ENSG00000211448","DIO2"
"Il6ra",-1.0370598940021,4.97065285670663,81.1091336359844,2.32847920694039e-07,1.45786633180996e-05,"Il6ra",-5.17099730937325,"ENSMUSG00000027947.11",TRUE,"ENSMUSG00000027947","ENSG00000160712","IL6R"
"Procr",-0.818333191018986,6.68558424781637,80.78182869988,2.38830858425993e-07,1.48946162413669e-05,"Procr",-5.16625503587387,"ENSMUSG00000027611.12",TRUE,"ENSMUSG00000027611","ENSG00000101000","PROCR"
"Bche",-2.2571001324084,2.50878177431815,80.605463114545,2.4212704806448e-07,1.49688765432476e-05,"Bche",-5.1636911744344,"ENSMUSG00000027792.11",TRUE,"ENSMUSG00000027792","ENSG00000114200","BCHE"
"Itga11",-0.764268445913252,7.50621218370483,80.6026012539692,2.42180959565098e-07,1.49688765432476e-05,"Itga11",-5.16364952156127,"ENSMUSG00000032243.8",TRUE,"ENSMUSG00000032243","ENSG00000137809","ITGA11"
"Kcna2",-2.17589510553922,3.37127430910279,80.5673899880832,2.42845384402809e-07,1.49688765432476e-05,"Kcna2",-5.16313691068754,"ENSMUSG00000040724.5",TRUE,"ENSMUSG00000040724","ENSG00000177301","KCNA2"
"Antxr2",-0.815553584251654,8.44887096336095,80.5176131890896,2.43788193682036e-07,1.49689715989398e-05,"Antxr2",-5.16241184382039,"ENSMUSG00000029338.13",TRUE,"ENSMUSG00000029338","ENSG00000163297","ANTXR2"
"Ncoa7",-0.814755109223875,5.67620319033223,80.3218389818395,2.47536877406543e-07,1.51406883130625e-05,"Ncoa7",-5.15955546977498,"ENSMUSG00000039697.16",TRUE,"ENSMUSG00000039697","ENSG00000111912","NCOA7"
"Prss35",2.12902172607733,3.20405154982379,80.1855365151403,2.50185486960642e-07,1.52440605330847e-05,"Prss35",5.15756239910137,"ENSMUSG00000033491.13",TRUE,"ENSMUSG00000033491","ENSG00000146250","PRSS35"
"Igfbp3",-0.961256639091118,7.59540148375081,79.9073477135127,2.55691790206304e-07,1.54491696117258e-05,"Igfbp3",-5.15348334717857,"ENSMUSG00000020427.11",TRUE,"ENSMUSG00000020427","ENSG00000146674","IGFBP3"
"Col12a1",1.2523562542704,8.69275376410283,79.8863171618575,2.56113625284215e-07,1.54491696117258e-05,"Col12a1",5.15317436170613,"ENSMUSG00000032332.17",TRUE,"ENSMUSG00000032332","ENSG00000111799","COL12A1"
"Col24a1",1.45752243537202,5.60037580106231,79.868773517802,2.56466124473093e-07,1.54491696117258e-05,"Col24a1",5.15291654013659,"ENSMUSG00000028197.4",TRUE,"ENSMUSG00000028197",NA,NA
"Mdk",0.975306840202282,5.79059867283963,79.8171761307081,2.57506055386317e-07,1.54532784860702e-05,"Mdk",5.15215791354711,"ENSMUSG00000027239.14",TRUE,"ENSMUSG00000027239","ENSG00000110492","MDK"
"Sdc3",1.05457522351606,6.43478270740967,79.5471044997924,2.6302808696979e-07,1.57253220566939e-05,"Sdc3",5.1481785330595,"ENSMUSG00000025743.14",TRUE,"ENSMUSG00000025743","ENSG00000162512","SDC3"
"Vegfa",-0.99940694971992,6.69114429586251,79.3842929173189,2.66422003054981e-07,1.5868573462859e-05,"Vegfa",-5.14577259991654,"ENSMUSG00000023951.17",TRUE,"ENSMUSG00000023951","ENSG00000112715","VEGFA"
"Gfra3",-3.06600173137158,2.03808872029399,78.87596283646,2.7734311659437e-07,1.64033251687822e-05,"Gfra3",-5.13822674279859,"ENSMUSG00000024366.8",TRUE,"ENSMUSG00000024366","ENSG00000146013","GFRA3"
"Hmcn2",-0.816298860942354,9.2486252485081,78.8239742298377,2.78488453843267e-07,1.64033251687822e-05,"Hmcn2",-5.13745207718168,"ENSMUSG00000055632.18",TRUE,"ENSMUSG00000055632","ENSG00000148357","HMCN2"
"Tmem158",-1.1681065234656,4.58092344199472,78.8237011082631,2.78494485038747e-07,1.64033251687822e-05,"Tmem158",-5.13744800604392,"ENSMUSG00000054871.5",TRUE,"ENSMUSG00000054871","ENSG00000249992","TMEM158"
"Cpxm2",0.862887170985811,6.91457822576965,78.7083284538942,2.8105552533353e-07,1.64177696176628e-05,"Cpxm2",5.1357269181615,"ENSMUSG00000030862.13",TRUE,"ENSMUSG00000030862","ENSG00000121898","CPXM2"
"Atp1a2",-1.21864188968723,5.10814314015475,78.6784808320928,2.81722433635619e-07,1.64177696176628e-05,"Atp1a2",-5.13528122346809,"ENSMUSG00000007097.14",TRUE,"ENSMUSG00000007097","ENSG00000018625","ATP1A2"
"Gbp9",-1.27096304692974,3.85357784391743,78.6733690735846,2.81836829882534e-07,1.64177696176628e-05,"Gbp9",-5.13520487487173,"ENSMUSG00000029298.15",TRUE,"ENSMUSG00000029298","ENSG00000183347","GBP6"
"Slc43a3",-0.706799409128484,7.81735212148877,77.9407479728953,2.98791920701437e-07,1.73419266967699e-05,"Slc43a3",-5.12420741920418,"ENSMUSG00000027074.14",TRUE,"ENSMUSG00000027074","ENSG00000134802","SLC43A3"
"Ogn",-0.737258946983865,9.29018849477679,77.6629231340762,3.05522562296999e-07,1.76680920298515e-05,"Ogn",-5.12000808231148,"ENSMUSG00000021390.6",TRUE,"ENSMUSG00000021390","ENSG00000106809","OGN"
"Slit2",1.22963805781556,6.33916533710291,77.5644139691756,3.07950322728776e-07,1.77439637041874e-05,"Slit2",5.11851526121157,"ENSMUSG00000031558.15",TRUE,"ENSMUSG00000031558","ENSG00000145147","SLIT2"
"Lbh",0.901578540469081,6.37175001556662,77.1841080797952,3.17530924245609e-07,1.81643679434458e-05,"Lbh",5.11273302043474,"ENSMUSG00000024063.13",TRUE,"ENSMUSG00000024063","ENSG00000213626","LBH"
"Cyp27a1",-1.70908631094706,3.82059519464941,77.1274330841711,3.18987476271446e-07,1.81822861474724e-05,"Cyp27a1",-5.11186872261485,"ENSMUSG00000026170.6",TRUE,"ENSMUSG00000026170","ENSG00000135929","CYP27A1"
"Ctla2a",1.83774452649735,2.76271007413815,76.9512721034044,3.23563544992797e-07,1.83747545464967e-05,"Ctla2a",5.10917792459979,"ENSMUSG00000044258.10",TRUE,"ENSMUSG00000044258",NA,NA
"Tmem132c",-1.43146963838912,3.79433489073496,76.9089138162185,3.24674968720718e-07,1.83747545464967e-05,"Tmem132c",-5.10852993690372,"ENSMUSG00000034324.16",TRUE,"ENSMUSG00000034324","ENSG00000181234","TMEM132C"
"Enpp3",-0.69816052417666,5.67802794968772,76.7930061047513,3.27738478044966e-07,1.84823582140039e-05,"Enpp3",-5.10675485949642,"ENSMUSG00000019989.8",TRUE,"ENSMUSG00000019989","ENSG00000154269","ENPP3"
"Ccl8",0.696632246958111,5.98877322511684,76.7349933165031,3.29284118952136e-07,1.85039058081124e-05,"Ccl8",5.10586534542253,"ENSMUSG00000009185.2",TRUE,"ENSMUSG00000009185","ENSG00000108702","CCL1"
"Notch3",0.774418495860704,8.04687035876149,76.5677302415046,3.33787113220306e-07,1.86909030336004e-05,"Notch3",5.10329667066248,"ENSMUSG00000038146.8",TRUE,"ENSMUSG00000038146","ENSG00000074181","NOTCH3"
"Avpr1a",1.01765258512603,4.43464343503461,76.5075146227268,3.3542531849079e-07,1.8710435509343e-05,"Avpr1a",5.10237046927192,"ENSMUSG00000020123.6",TRUE,"ENSMUSG00000020123","ENSG00000166148","AVPR1A"
"Lgals3",0.735081386192191,7.08463873284023,76.4685955411885,3.36488999287688e-07,1.8710435509343e-05,"Lgals3",5.10177142529184,"ENSMUSG00000050335.17",TRUE,"ENSMUSG00000050335","ENSG00000131981","LGALS3"
"Cxcl10",-1.28420920260671,6.86211934355419,75.9363145614727,3.51428152359841e-07,1.93544298724941e-05,"Cxcl10",-5.09354577427952,"ENSMUSG00000034855.13",TRUE,"ENSMUSG00000034855","ENSG00000169245","CXCL10"
"Ifit1",-1.15316314223862,5.66376992980332,75.9226267923547,3.51822139725993e-07,1.93544298724941e-05,"Ifit1",-5.09333343972757,"ENSMUSG00000034459.8",TRUE,"ENSMUSG00000034459","ENSG00000204010","IFIT1B"
"Adh1",-1.57457156270733,5.8644814234257,75.912099855712,3.52125487553632e-07,1.93544298724941e-05,"Adh1",-5.09317011054609,"ENSMUSG00000074207.10",TRUE,"ENSMUSG00000074207","ENSG00000196616","ADH1B"
"Cd34",-0.701448710613844,10.3801344826431,75.8839289810279,3.52938732504765e-07,1.93544298724941e-05,"Cd34",-5.0927329106591,"ENSMUSG00000016494.9",TRUE,"ENSMUSG00000016494","ENSG00000174059","CD34"
"Maob",-1.08364659219479,4.61302390853469,75.6317255174256,3.60315299744975e-07,1.96306336000163e-05,"Maob",-5.08881110167325,"ENSMUSG00000040147.14",TRUE,"ENSMUSG00000040147","ENSG00000069535","MAOB"
"Fgf18",-1.05359079732584,4.3712558459327,75.6273688462194,3.60444256505361e-07,1.96306336000163e-05,"Fgf18",-5.08874323232723,"ENSMUSG00000057967.12",TRUE,"ENSMUSG00000057967","ENSG00000156427","FGF18"
"Rab31",0.662702289566151,6.97353026499295,75.469021644556,3.65167104996432e-07,1.98199743029292e-05,"Rab31",5.08627362885908,"ENSMUSG00000056515.9",TRUE,"ENSMUSG00000056515","ENSG00000168461","RAB31"
"Vldlr",-0.75571062416514,6.38921569078151,75.3358177340854,3.69194552762016e-07,1.99704114713413e-05,"Vldlr",-5.08419188638288,"ENSMUSG00000024924.14",TRUE,"ENSMUSG00000024924","ENSG00000147852","VLDLR"
"Mical2",1.0629438495657,5.63723474427936,75.0299470099959,3.7863514335847e-07,2.04116429994229e-05,"Mical2",5.07939679666885,"ENSMUSG00000038244.14",TRUE,"ENSMUSG00000038244","ENSG00000133816","MICAL2"
"Cdkn2a",1.87753746170374,2.32338640677328,74.7380714987138,3.87900385006844e-07,2.08404723742022e-05,"Cdkn2a",5.07480166578609,"ENSMUSG00000044303.6",FALSE,"ENSMUSG00000044303",NA,NA
"Adam11",-1.51881427466557,3.01699735801938,74.3848528477013,3.99459429492286e-07,2.13892367246324e-05,"Adam11",-5.06921517373103,"ENSMUSG00000020926.16",TRUE,"ENSMUSG00000020926","ENSG00000073670","ADAM11"
"Sorcs2",1.16361558065994,5.49730510348316,74.1772992741038,4.06434011213011e-07,2.16380785890169e-05,"Sorcs2",5.06591933422068,"ENSMUSG00000029093.14",TRUE,"ENSMUSG00000029093","ENSG00000184985","SORCS2"
"Igsf3",0.878040946150871,6.44930635128829,74.1656960958858,4.06827988311391e-07,2.16380785890169e-05,"Igsf3",5.06573479251974,"ENSMUSG00000042035.11",TRUE,"ENSMUSG00000042035","ENSG00000143061","IGSF3"
"Tns2",-0.668761675566191,8.1506352605632,74.0547005443622,4.1061877543785e-07,2.17669012859604e-05,"Tns2",-5.06396792025444,"ENSMUSG00000037003.16",TRUE,"ENSMUSG00000037003","ENSG00000111077","TNS2"
"Col6a2",0.651341995969674,12.3593992150321,73.9454298205555,4.14389920095761e-07,2.18938302301757e-05,"Col6a2",5.0622257509893,"ENSMUSG00000020241.13",FALSE,"ENSMUSG00000020241","ENSG00000142173","COL6A2"
"Coro2b",-0.78045510009571,6.07054875046166,73.1468747047179,4.43176199864492e-07,2.33371890941888e-05,"Coro2b",-5.0494102006809,"ENSMUSG00000041729.15",TRUE,"ENSMUSG00000041729","ENSG00000103647","CORO2B"
"Capn6",0.945296501939641,5.61918868971907,72.4390819193887,4.70602517498858e-07,2.45404925814078e-05,"Capn6",5.03792632058402,"ENSMUSG00000067276.5",TRUE,"ENSMUSG00000067276","ENSG00000077274","CAPN6"
"Tspan11",0.649706052203872,6.04615093746333,72.4377355469074,4.70656494833012e-07,2.45404925814078e-05,"Tspan11",5.03790436238704,"ENSMUSG00000030351.5",TRUE,"ENSMUSG00000030351","ENSG00000110900","TSPAN11"
"Fmnl1",-1.66050675342669,3.57390234721226,72.1121259160751,4.83919581910391e-07,2.51495853304606e-05,"Fmnl1",-5.03258117803114,"ENSMUSG00000055805.15",TRUE,"ENSMUSG00000055805","ENSG00000184922","FMNL1"
"Col5a2",0.726285443052644,12.0600977573957,71.8403870563794,4.95314167634826e-07,2.5597764756268e-05,"Col5a2",5.02811911934831,"ENSMUSG00000026042.16",TRUE,"ENSMUSG00000026042","ENSG00000204262","COL5A2"
"Ulbp1",1.29005402581091,3.68828862451661,71.8298401246664,4.9576253190785e-07,2.5597764756268e-05,"Ulbp1",5.02794557357041,"ENSMUSG00000079685.10",TRUE,"ENSMUSG00000079685",NA,NA
"Adam12",0.978139782925953,7.61830101506653,71.6519857133685,5.03393278873794e-07,2.59076482651455e-05,"Adam12",5.02501496588915,"ENSMUSG00000054555.11",TRUE,"ENSMUSG00000054555","ENSG00000148848","ADAM12"
"Ifi205",-0.787805940259866,8.26761343195652,71.5773753828228,5.06634076930964e-07,2.59903281465585e-05,"Ifi205",-5.02378326983749,"ENSMUSG00000054203.7",TRUE,"ENSMUSG00000054203","ENSG00000163563","MNDA"
"Uck2",1.31016442606659,5.23905779352499,71.455835736357,5.11964224789042e-07,2.61793153273959e-05,"Uck2",5.02177392620107,"ENSMUSG00000026558.13",TRUE,"ENSMUSG00000026558","ENSG00000143179","UCK2"
"Tmem119",0.694431851393839,6.93392456407512,71.3712289924304,5.15712304439669e-07,2.62864512099489e-05,"Tmem119",5.02037303043086,"ENSMUSG00000054675.5",TRUE,"ENSMUSG00000054675","ENSG00000183160","TMEM119"
"Anxa1",-0.639096621901384,10.2409024612028,71.1184440543581,5.2709782190161e-07,2.66630608306291e-05,"Anxa1",-5.01617696543402,"ENSMUSG00000024659.15",TRUE,"ENSMUSG00000024659","ENSG00000135046","ANXA1"
"Nkain1",1.39442539913569,3.21653029920776,71.1047842378032,5.27721154100622e-07,2.66630608306291e-05,"Nkain1",5.01594977099711,"ENSMUSG00000078532.9",TRUE,"ENSMUSG00000078532","ENSG00000084628","NKAIN1"
"C1qtnf6",0.712619781141445,8.58464458922798,71.0958170971846,5.28130803096785e-07,2.66630608306291e-05,"C1qtnf6",5.01580060147368,"ENSMUSG00000022440.9",FALSE,"ENSMUSG00000022440","ENSG00000133466","C1QTNF6"
"Pdia5",0.767248823127876,5.66813090414586,70.9854520142935,5.33202363693089e-07,2.68339151576304e-05,"Pdia5",5.01396302827783,"ENSMUSG00000022844.8",TRUE,"ENSMUSG00000022844","ENSG00000065485","PDIA5"
"Nt5dc2",1.02035054449469,4.76203117836361,70.9270858002856,5.35906807044801e-07,2.68849399130393e-05,"Nt5dc2",5.01299000828711,"ENSMUSG00000071547.4",TRUE,"ENSMUSG00000071547","ENSG00000168268","NT5DC2"
"Rcan2",-0.981592799500639,5.51761247009097,70.794621126617,5.42102705936911e-07,2.71102494733167e-05,"Rcan2",-5.01077854265122,"ENSMUSG00000039601.16",TRUE,"ENSMUSG00000039601","ENSG00000172348","RCAN2"
"Tnfrsf11b",1.27602358688298,4.35382476545111,70.717371602736,5.45753542912962e-07,2.72072683164415e-05,"Tnfrsf11b",5.00948685399729,"ENSMUSG00000063727.3",FALSE,"ENSMUSG00000063727","ENSG00000164761","TNFRSF11B"
"Txnip",-0.832137672904402,8.04985348103434,70.4725877055295,5.57508012128806e-07,2.77064059902637e-05,"Txnip",-5.00538392127451,"ENSMUSG00000038393.14",TRUE,"ENSMUSG00000038393","ENSG00000265972","TXNIP"
"Scara3",-0.654486776570406,8.73772880144799,70.378751116717,5.62090121521225e-07,2.78471003194767e-05,"Scara3",-5.00380707658939,"ENSMUSG00000034463.4",TRUE,"ENSMUSG00000034463","ENSG00000168077","SCARA3"
"St3gal1",-0.65052350002857,7.74696801146892,70.2465969462996,5.68616086645967e-07,2.80829243041329e-05,"St3gal1",-5.00158255383144,"ENSMUSG00000013846.10",TRUE,"ENSMUSG00000013846","ENSG00000008513","ST3GAL1"
"Tpm1",0.598639324289,8.18415464381428,69.5045874224442,6.06896506602349e-07,2.98807280015392e-05,"Tpm1",4.98900953868897,"ENSMUSG00000032366.15",TRUE,"ENSMUSG00000032366","ENSG00000140416","TPM1"
"Lrrc15",1.26374046808589,6.99755112790287,69.3032231345393,6.17784554250173e-07,3.0322925204446e-05,"Lrrc15",4.98557297607493,"ENSMUSG00000052316.9",TRUE,"ENSMUSG00000052316","ENSG00000172061","LRRC15"
"Ddit4l",1.05311483413,4.43722965714935,69.1151351141292,6.28155684621063e-07,3.07176849640542e-05,"Ddit4l",4.98235342762333,"ENSMUSG00000046818.7",TRUE,"ENSMUSG00000046818","ENSG00000145358","DDIT4L"
"Sp100",-0.682427414423002,6.41133656717095,69.0556997518895,6.31473980274653e-07,3.07176849640542e-05,"Sp100",-4.9813341289934,"ENSMUSG00000026222.16",TRUE,"ENSMUSG00000026222","ENSG00000079263","SP140"
"Abcg1",0.875157031560484,4.38664389277249,69.053058674669,6.31621894186363e-07,3.07176849640542e-05,"Abcg1",4.98128881376214,"ENSMUSG00000024030.7",TRUE,"ENSMUSG00000024030","ENSG00000160179","ABCG1"
"Des",0.79129445992335,6.15482895172992,69.0013242691757,6.34527243211767e-07,3.07648986243803e-05,"Des",4.98040079195882,"ENSMUSG00000026208.9",TRUE,"ENSMUSG00000026208","ENSG00000175084","DES"
"Fscn1",0.668367071899958,7.03431271927793,68.7495240961018,6.4888675168868e-07,3.13654893984957e-05,"Fscn1",4.97606855184744,"ENSMUSG00000029581.14",TRUE,"ENSMUSG00000029581","ENSG00000075618","FSCN1"
"Icosl",-1.17717318955447,4.03950101649766,68.7074615541462,6.5132129881858e-07,3.1387765500339e-05,"Icosl",-4.97534322610396,"ENSMUSG00000000732.9",TRUE,"ENSMUSG00000000732","ENSG00000277117",""
"Fam131b",-1.27221714444226,3.23437307632907,68.5401471173143,6.61108658435463e-07,3.17607358666263e-05,"Fam131b",-4.97245339960429,"ENSMUSG00000029861.17",FALSE,"ENSMUSG00000029861","ENSG00000159784","FAM131B"
"Phactr1",0.813351025674979,5.29691233416569,68.5072094609906,6.63055040415012e-07,3.17607358666263e-05,"Phactr1",4.97188362669969,"ENSMUSG00000054728.16",TRUE,"ENSMUSG00000054728","ENSG00000112137","PHACTR1"
"Pdgfd",-0.707418880620887,5.46430218547184,68.3733487584892,6.71032570190226e-07,3.20463392304359e-05,"Pdgfd",-4.96956504766277,"ENSMUSG00000032006.15",TRUE,"ENSMUSG00000032006","ENSG00000170962","PDGFD"
"Vstm4",0.70784842665808,5.96023041952206,67.8721344656993,7.01887185797532e-07,3.3419496753707e-05,"Vstm4",4.96084074930298,"ENSMUSG00000050666.14",TRUE,"ENSMUSG00000050666","ENSG00000165633","VSTM4"
"Man1a",-0.618887031455021,8.70484993133882,67.8290382945712,7.04614612619788e-07,3.34492124910224e-05,"Man1a",-4.96008742478355,"ENSMUSG00000003746.16",TRUE,"ENSMUSG00000003746","ENSG00000111885","MAN1A1"
"Gpr1",-2.38357266832878,1.68236419692239,67.664171643683,7.15160301277052e-07,3.38487924738362e-05,"Gpr1",-4.9572008644415,"ENSMUSG00000046856.13",TRUE,"ENSMUSG00000046856","ENSG00000183671","CMKLR2"
"Lrrc32",0.791359664725939,6.83971061540469,67.5475497178699,7.22728376846568e-07,3.41054877655518e-05,"Lrrc32",4.95515450135678,"ENSMUSG00000090958.2",TRUE,"ENSMUSG00000090958","ENSG00000137507","LRRC32"
"Ccn3",0.663614702526633,7.96237517395051,67.43101443195,7.30381894405372e-07,3.43646842210906e-05,"Ccn3",4.95310592495028,"ENSMUSG00000037362.8",TRUE,"ENSMUSG00000037362","ENSG00000136999","CCN3"
"Cd276",0.806127583155645,6.81940000496748,67.2198977795768,7.44482919134027e-07,3.49248137551281e-05,"Cd276",4.94938515397949,"ENSMUSG00000035914.11",TRUE,"ENSMUSG00000035914","ENSG00000103855","CD276"
"Olfml3",0.617227303991108,7.77790683518323,66.962791633376,7.62075461108211e-07,3.5644958994129e-05,"Olfml3",4.94483714303465,"ENSMUSG00000027848.12",TRUE,"ENSMUSG00000027848","ENSG00000116774","OLFML3"
"Col6a1",0.636598555560995,12.4532615064902,66.881214641139,7.67755782760947e-07,3.58053378687605e-05,"Col6a1",4.94339025258204,"ENSMUSG00000001119.7",TRUE,"ENSMUSG00000001119","ENSG00000142156","COL6A1"
"Bmp2",-0.940419006235344,4.50149563401604,66.8149126148005,7.72407955314752e-07,3.5916969922136e-05,"Bmp2",-4.94221291275393,"ENSMUSG00000027358.6",TRUE,"ENSMUSG00000027358","ENSG00000125845","BMP2"
"Piezo2",1.00608317286728,5.78743096030091,66.777438358911,7.75051557244911e-07,3.59348248246817e-05,"Piezo2",4.94154692813898,"ENSMUSG00000041482.17",TRUE,"ENSMUSG00000041482","ENSG00000154864","PIEZO2"
"Add3",-0.641626666798667,7.98894981910845,66.7418746647949,7.77569894766058e-07,3.59467849897227e-05,"Add3",-4.94091453249415,"ENSMUSG00000025026.15",TRUE,"ENSMUSG00000025026","ENSG00000148700","ADD3"
"Gprc5b",-0.632390120490008,6.99877215430531,66.6722992635952,7.82523615603646e-07,3.60709364027385e-05,"Gprc5b",-4.93967630898305,"ENSMUSG00000008734.9",TRUE,"ENSMUSG00000008734","ENSG00000167191","GPRC5B"
"Ptprv",1.81385083493298,3.33536246484033,66.5734708380874,7.89621923312366e-07,3.62929405966374e-05,"Ptprv",4.93791512597699,"ENSMUSG00000097993.7",TRUE,"ENSMUSG00000097993",NA,NA
"Prkaa2",-1.38009763104934,2.78479448391316,66.4565526910465,7.98114212996616e-07,3.65775513812253e-05,"Prkaa2",-4.93582800491269,"ENSMUSG00000028518.8",TRUE,"ENSMUSG00000028518","ENSG00000162409","PRKAA2"
"Snai1",0.916565324665968,4.5638744321308,66.4228256406213,8.00583219423611e-07,3.65852728117635e-05,"Snai1",4.93522521845504,"ENSMUSG00000042821.7",TRUE,"ENSMUSG00000042821","ENSG00000124216","SNAI1"
"Vcam1",0.768122611726603,7.38033553064596,66.275352178745,8.11481566563096e-07,3.69770525875442e-05,"Vcam1",4.93258569947404,"ENSMUSG00000027962.14",TRUE,"ENSMUSG00000027962","ENSG00000162692","VCAM1"
"Bhlhe22",1.37014616422381,3.20617041182081,66.2207369238929,8.15560371185916e-07,3.70567330941989e-05,"Bhlhe22",4.93160660774277,"ENSMUSG00000025128.7",FALSE,"ENSMUSG00000025128","ENSG00000180828","BHLHE22"
"Epha3",1.00939890962608,4.46175400536772,66.1149945634033,8.235238933305e-07,3.72187404763489e-05,"Epha3",4.92970853179695,"ENSMUSG00000052504.7",TRUE,"ENSMUSG00000052504","ENSG00000044524","EPHA3"
"Adra2a",0.884616513888581,5.33374303582901,66.0804186105042,8.26146977812435e-07,3.72187404763489e-05,"Adra2a",4.92908719811795,"ENSMUSG00000033717.6",TRUE,"ENSMUSG00000033717","ENSG00000150594","ADRA2A"
"Nqo2",-0.699248041331317,5.63316587181973,65.9882516780266,8.33185692660493e-07,3.74298081084176e-05,"Nqo2",-4.92742927059321,"ENSMUSG00000046949.16",TRUE,"ENSMUSG00000046949","ENSG00000124588","NQO2"
"Apcdd1",-0.719745806103532,5.63238390816962,65.6260584204528,8.61514221541117e-07,3.8593410324418e-05,"Apcdd1",-4.92089027550541,"ENSMUSG00000071847.13",TRUE,"ENSMUSG00000071847","ENSG00000154856","APCDD1"
"Prdm8",-1.43469484424854,3.11320691383622,65.4248496979446,8.77723757877867e-07,3.92091037121678e-05,"Prdm8",-4.91724120841554,"ENSMUSG00000035456.9",TRUE,"ENSMUSG00000035456","ENSG00000152784","PRDM8"
"Fzd1",0.74793832521179,7.30903256597352,65.2774527328267,8.89818273470698e-07,3.95362832046125e-05,"Fzd1",4.91456053871701,"ENSMUSG00000044674.6",TRUE,"ENSMUSG00000044674","ENSG00000157240","FZD1"
"Arg1",2.08751570244417,1.96625672209994,65.2290803555119,8.93828623958183e-07,3.95362832046125e-05,"Arg1",4.91367941192699,"ENSMUSG00000019987.9",TRUE,"ENSMUSG00000019987","ENSG00000118520","ARG1"
"Reg1",2.02272518523371,2.3478799750598,65.2252617171639,8.94146085175223e-07,3.95362832046125e-05,"Reg1",4.91360982420343,"ENSMUSG00000059654.7",FALSE,"ENSMUSG00000059654","ENSG00000115386","REG1A"
"Tmod2",-0.79276617311368,6.1427586324463,65.2150908450891,8.94992262696377e-07,3.95362832046125e-05,"Tmod2",-4.9134244576412,"ENSMUSG00000032186.15",TRUE,"ENSMUSG00000032186","ENSG00000128872","TMOD2"
"Ckap4",0.693140031391746,7.87795647509204,65.0990405001188,9.04711930465461e-07,3.98549413578732e-05,"Ckap4",4.91130725214225,"ENSMUSG00000046841.5",TRUE,"ENSMUSG00000046841","ENSG00000136026","CKAP4"
"Slc39a14",1.03808994549151,7.78748165299759,65.0354243348656,9.10090916067965e-07,3.99811487243891e-05,"Slc39a14",4.91014495918346,"ENSMUSG00000022094.15",TRUE,"ENSMUSG00000022094","ENSG00000104635","SLC39A14"
"Edil3",1.19755970745244,4.42422514188315,64.9900171069095,9.13952503682137e-07,4.00401836530497e-05,"Edil3",4.90931461764734,"ENSMUSG00000034488.14",TRUE,"ENSMUSG00000034488","ENSG00000164176","EDIL3"
"Ugt1a7c",1.10105243709132,3.99025852750023,64.669991538502,9.41702908811781e-07,4.11425861506422e-05,"Ugt1a7c",4.90344505767096,"ENSMUSG00000090124.7",TRUE,"ENSMUSG00000090124","ENSG00000167165","UGT1A6"
"Tac1",-1.28876857127579,3.94871465148058,64.4439439350522,9.61881598525275e-07,4.19090494831437e-05,"Tac1",-4.89928066606061,"ENSMUSG00000061762.12",FALSE,"ENSMUSG00000061762","ENSG00000006128","TAC1"
"Tmem176a",0.656756532202214,7.12986393688035,64.188148226033,9.85311051897258e-07,4.28125728369456e-05,"Tmem176a",4.89454963911836,"ENSMUSG00000023367.14",TRUE,"ENSMUSG00000023367","ENSG00000002933","TMEM176A"
"Cd82",0.862906887821378,4.87038504677849,64.1245539864987,9.91236172841316e-07,4.29526671844563e-05,"Cd82",4.89337036062606,"ENSMUSG00000027215.13",TRUE,"ENSMUSG00000027215","ENSG00000085117","CD82"
"Enc1",-0.77764352874494,7.09923681714724,63.9973715605199,1.00320775667984e-06,4.3353296071955e-05,"Enc1",-4.89100821750034,"ENSMUSG00000041773.8",TRUE,"ENSMUSG00000041773","ENSG00000171617","ENC1"
"Ston2",-0.86947830484058,4.83556736503413,63.9241238213592,1.01017705608332e-06,4.35361672707128e-05,"Ston2",-4.88964555262881,"ENSMUSG00000020961.15",TRUE,"ENSMUSG00000020961","ENSG00000140022","STON2"
"Axl",-0.611467491422804,9.89326920482116,63.8349671073262,1.0187344272134e-06,4.3786307016148e-05,"Axl",-4.88798470535613,"ENSMUSG00000002602.16",TRUE,"ENSMUSG00000002602","ENSG00000167601","AXL"
"Mafb",0.647240175086112,6.74365873892254,63.8012383568525,1.02199321427148e-06,4.38079732791357e-05,"Mafb",4.88735575590089,"ENSMUSG00000074622.4",TRUE,"ENSMUSG00000074622","ENSG00000204103","MAFB"
"Irak3",-0.603586743410286,6.31896815421355,63.6290103261657,1.03881930587132e-06,4.44095253259988e-05,"Irak3",-4.88413870622974,"ENSMUSG00000020227.10",TRUE,"ENSMUSG00000020227","ENSG00000090376","IRAK3"
"Fblim1",0.991133605073046,4.24729833792498,63.4522948754668,1.05641191336541e-06,4.50182052682441e-05,"Fblim1",4.88082829730567,"ENSMUSG00000006219.12",TRUE,"ENSMUSG00000006219","ENSG00000162458","FBLIM1"
"Rnf150",1.13732032166798,5.84061174428035,63.4293684934562,1.05871903227839e-06,4.50182052682441e-05,"Rnf150",4.88039810684856,"ENSMUSG00000047747.10",TRUE,"ENSMUSG00000047747","ENSG00000170153","RNF150"
"Prex2",-1.60313855644929,4.09586061911638,63.2746650854406,1.07443765102356e-06,4.5564751904607e-05,"Prex2",-4.87749097031767,"ENSMUSG00000048960.13",TRUE,"ENSMUSG00000048960","ENSG00000046889","PREX2"
"Frem1",1.08964625546751,4.33112842175576,63.0788195838629,1.09471840145702e-06,4.63013477084336e-05,"Frem1",4.87379996299406,"ENSMUSG00000059049.14",TRUE,"ENSMUSG00000059049","ENSG00000164946","FREM1"
"Tmem64",0.712888414169568,5.06057524804718,63.0484221687622,1.09790505078448e-06,4.63129549671764e-05,"Tmem64",4.87322599700521,"ENSMUSG00000043252.8",TRUE,"ENSMUSG00000043252","ENSG00000180694","TMEM64"
"Myo1e",0.716780893281831,6.25741154927863,62.986781816282,1.10439941253333e-06,4.64636609987239e-05,"Myo1e",4.87206120594934,"ENSMUSG00000032220.10",TRUE,"ENSMUSG00000032220","ENSG00000157483","MYO1E"
"Cx3cl1",1.21103476595574,4.71183366461938,62.7486190879773,1.12990559584831e-06,4.74113158067962e-05,"Cx3cl1",4.86754945902719,"ENSMUSG00000031778.13",TRUE,"ENSMUSG00000031778","ENSG00000006210","CX3CL1"
"Fibin",0.768621689995177,6.67608023017489,62.7191437332689,1.13310859057562e-06,4.74154452585721e-05,"Fibin",4.86698982732555,"ENSMUSG00000074971.4",TRUE,"ENSMUSG00000074971","ENSG00000176971","FIBIN"
"Wnt10b",-1.64368808254026,3.93454002601384,62.6929184361457,1.13596709070716e-06,4.74154452585721e-05,"Wnt10b",-4.86649167014316,"ENSMUSG00000022996.15",FALSE,"ENSMUSG00000022996","ENSG00000169884","WNT10B"
"Trio",-0.658067392236762,7.24746274836448,62.6535865046531,1.14026956475152e-06,4.74704368802185e-05,"Trio",-4.86574413786199,"ENSMUSG00000022263.10",TRUE,"ENSMUSG00000022263","ENSG00000038382","TRIO"
"Hmcn1",1.24447722925716,6.52688036014111,62.4582018786157,1.16191892670602e-06,4.81612654070942e-05,"Hmcn1",4.86202338389167,"ENSMUSG00000066842.18",TRUE,"ENSMUSG00000066842","ENSG00000143341","HMCN1"
"Mettl7a1",-0.726354095213763,5.41259559904955,62.4492624066035,1.16292057576081e-06,4.81612654070942e-05,"Mettl7a1",-4.86185285497503,"ENSMUSG00000054619.7",TRUE,"ENSMUSG00000054619","ENSG00000185432","METTL7A"
"Esr1",-0.825972512841645,5.14038864008323,62.3519894046256,1.17388349821087e-06,4.84890110962272e-05,"Esr1",-4.85999562028191,"ENSMUSG00000019768.16",TRUE,"ENSMUSG00000019768","ENSG00000091831","ESR1"
"Pcdh20",-1.2557150249464,3.96495493434068,62.3112046430889,1.17851496640879e-06,4.85542059865257e-05,"Pcdh20",-4.85921601030567,"ENSMUSG00000050505.7",FALSE,"ENSMUSG00000050505","ENSG00000280165","PCDH20"
"Pfkl",0.83068859828036,4.69922510169773,62.2227769582685,1.18862822640427e-06,4.88443273501474e-05,"Pfkl",4.85752385215609,"ENSMUSG00000020277.10",TRUE,"ENSMUSG00000020277","ENSG00000141959","PFKL"
"Col3a1",0.622904710241454,15.7998666257973,62.0092544795559,1.21345756212091e-06,4.97361227072395e-05,"Col3a1",4.85342743503526,"ENSMUSG00000026043.18",FALSE,"ENSMUSG00000026043","ENSG00000168542","COL3A1"
"Ak1",0.750213259157975,5.82010250574199,61.8320000419674,1.23451796700633e-06,5.04692525174851e-05,"Ak1",4.85001554871483,"ENSMUSG00000026817.14",TRUE,"ENSMUSG00000026817","ENSG00000106992","AK1"
"Myh9",0.71155634639307,8.6811500553781,61.6923991861548,1.25139729457895e-06,5.10281312197154e-05,"Myh9",4.84732120099049,"ENSMUSG00000022443.17",TRUE,"ENSMUSG00000022443","ENSG00000100345","MYH9"
"Myc",-0.663097630997736,8.4995872299513,61.6198777160244,1.26026941162239e-06,5.12551872964701e-05,"Myc",-4.84591898259365,"ENSMUSG00000022346.15",TRUE,"ENSMUSG00000022346","ENSG00000136997","MYC"
"Synpo",0.838426503241718,6.48182075093442,61.5925651571083,1.26362928845465e-06,5.12551872964701e-05,"Synpo",4.84539043919593,"ENSMUSG00000043079.17",TRUE,"ENSMUSG00000043079","ENSG00000171992","SYNPO"
"Col11a2",1.15301640306689,3.56248360717909,61.5682054558084,1.26663450968451e-06,5.12551872964701e-05,"Col11a2",4.84491883089507,"ENSMUSG00000024330.17",TRUE,"ENSMUSG00000024330","ENSG00000204248","COL11A2"
"Cmpk2",-1.12152232979748,3.5623505985812,61.5253724144573,1.27193848428198e-06,5.13391820191279e-05,"Cmpk2",-4.84408910016322,"ENSMUSG00000020638.8",TRUE,"ENSMUSG00000020638","ENSG00000134326","CMPK2"
"Mmp10",1.99212632144273,2.9435289118638,61.4701114246037,1.27881873858029e-06,5.13699500036028e-05,"Mmp10",4.8430177280547,"ENSMUSG00000047562.3",FALSE,"ENSMUSG00000047562",NA,NA
"Kcnk5",-1.41914145372082,4.31757477619304,61.4673698520751,1.2791611772261e-06,5.13699500036028e-05,"Kcnk5",-4.8429645495173,"ENSMUSG00000023243.9",TRUE,"ENSMUSG00000023243","ENSG00000164626","KCNK5"
"Metrnl",-0.627343268560292,6.89421546703621,61.0989186977237,1.32614585700201e-06,5.31226638889245e-05,"Metrnl",-4.8357949306439,"ENSMUSG00000039208.15",TRUE,"ENSMUSG00000039208","ENSG00000176845","METRNL"
"Lrrfip1",0.725287025145492,5.57914987830496,61.0470801125021,1.33291240653769e-06,5.32595628170073e-05,"Lrrfip1",4.83478257514956,"ENSMUSG00000026305.15",TRUE,"ENSMUSG00000026305","ENSG00000124831","LRRFIP1"
"B3gnt3",0.990772608857722,5.09454424504023,60.755170713252,1.37175635409933e-06,5.46742889705304e-05,"B3gnt3",4.82906499106858,"ENSMUSG00000031803.8",TRUE,"ENSMUSG00000031803","ENSG00000179913","B3GNT3"
"Grem2",0.933953863675234,6.41506984230932,60.5606210255067,1.3983592964025e-06,5.54638115649193e-05,"Grem2",4.82523835673806,"ENSMUSG00000050069.3",TRUE,"ENSMUSG00000050069","ENSG00000180875","GREM2"
"Inhba",0.846475509347471,4.2886676183048,60.5593108482608,1.39854042869475e-06,5.54638115649193e-05,"Inhba",4.82521254294986,"ENSMUSG00000041324.14",TRUE,"ENSMUSG00000041324","ENSG00000122641","INHBA"
"Mmp9",0.916286614902477,4.62673432665902,60.5106482036487,1.40528697997756e-06,5.55545749805783e-05,"Mmp9",4.82425335151048,"ENSMUSG00000017737.2",TRUE,"ENSMUSG00000017737","ENSG00000100985","MMP9"
"Ltbp4",-0.76278231547855,10.461189861046,60.4924767276652,1.40781574024857e-06,5.55545749805783e-05,"Ltbp4",-4.82389496542052,"ENSMUSG00000040488.17",TRUE,"ENSMUSG00000040488","ENSG00000090006","LTBP4"
"Srgap1",-0.662399408159822,5.68899249581623,60.4542445258695,1.41315307956468e-06,5.56271619413788e-05,"Srgap1",-4.82314056398646,"ENSMUSG00000020121.15",TRUE,"ENSMUSG00000020121","ENSG00000196935","SRGAP1"
"Gcnt4",1.48980544554729,3.08954736817769,60.3993216318235,1.4208607998444e-06,5.57924674072234e-05,"Gcnt4",4.82205594460478,"ENSMUSG00000091387.2",TRUE,"ENSMUSG00000091387","ENSG00000176928","GCNT4"
"Penk",-1.34470918539373,4.66796291938802,60.2559094499701,1.44121317150058e-06,5.64522489319551e-05,"Penk",-4.81921895498632,"ENSMUSG00000045573.9",TRUE,"ENSMUSG00000045573","ENSG00000181195","PENK"
"Col4a4",-1.05255449270887,4.02517925802252,59.6226255388908,1.53514011080321e-06,5.9836600936528e-05,"Col4a4",-4.80660612335531,"ENSMUSG00000067158.9",FALSE,"ENSMUSG00000067158","ENSG00000081052","COL4A4"
"Rarres2",-0.88324243039125,7.55669590835617,59.47175037454,1.55853174512449e-06,6.0599829688789e-05,"Rarres2",-4.80358051637364,"ENSMUSG00000009281.6",TRUE,"ENSMUSG00000009281","ENSG00000106538","RARRES2"
"Bhlhe41",0.99651830981655,4.41419406386337,59.3652970815573,1.57528006759761e-06,6.09597982872164e-05,"Bhlhe41",4.80144089427133,"ENSMUSG00000030256.11",TRUE,"ENSMUSG00000030256","ENSG00000123095","BHLHE41"
"Cebpd",-0.667203613955018,8.65069479741284,59.3641855533518,1.57545602062793e-06,6.09597982872164e-05,"Cebpd",-4.80141853230629,"ENSMUSG00000071637.5",TRUE,"ENSMUSG00000071637","ENSG00000221869","CEBPD"
"Itga1",0.87254673544949,6.71025174399987,59.3153393937547,1.58321039345121e-06,6.1111152638482e-05,"Itga1",4.80043540169987,"ENSMUSG00000042284.10",TRUE,"ENSMUSG00000042284","ENSG00000213949","ITGA1"
"Col15a1",0.585976237174784,10.4246501404774,59.2779325023365,1.58917811286454e-06,6.11929770675177e-05,"Col15a1",4.79968193711676,"ENSMUSG00000028339.17",TRUE,"ENSMUSG00000028339","ENSG00000204291","COL15A1"
"Gm45774",-0.865140458497435,4.85509904303858,59.2230434578769,1.59798120101447e-06,6.13833213520125e-05,"Gm45774",-4.79857543882282,"ENSMUSG00000110588.1",TRUE,"ENSMUSG00000110588",NA,NA
"Sash1",-0.674628031658702,8.01738636232293,59.1624267838534,1.60776736088057e-06,6.15286508641165e-05,"Sash1",-4.79735223068245,"ENSMUSG00000015305.6",TRUE,"ENSMUSG00000015305","ENSG00000111961","SASH1"
"Agtr1a",-0.724758366037742,6.10771689675509,59.1517227054849,1.60950253156464e-06,6.15286508641165e-05,"Agtr1a",-4.79713609257505,"ENSMUSG00000049115.15",TRUE,"ENSMUSG00000049115","ENSG00000144891","AGTR1"
"Mylk",0.604059226465563,6.60436216441157,59.0445532531374,1.6269929522531e-06,6.20481269057099e-05,"Mylk",4.79496985484502,"ENSMUSG00000022836.11",TRUE,"ENSMUSG00000022836","ENSG00000065534","MYLK"
"Osbpl1a",-0.64145723084145,5.47654029203917,58.9225956631729,1.64716024826949e-06,6.26669603546164e-05,"Osbpl1a",-4.7924996921198,"ENSMUSG00000044252.18",TRUE,"ENSMUSG00000044252","ENSG00000141447","OSBPL1A"
"Xdh",-0.589589933951425,8.13065735579695,58.5275723437398,1.71445999609101e-06,6.50717358420892e-05,"Xdh",-4.78446191587959,"ENSMUSG00000024066.9",TRUE,"ENSMUSG00000024066","ENSG00000158125","XDH"
"Psrc1",2.31483865647351,1.78022437338238,58.4346801822321,1.73073647450346e-06,6.55331003667345e-05,"Psrc1",4.7825635460074,"ENSMUSG00000068744.12",TRUE,"ENSMUSG00000068744","ENSG00000134222","PSRC1"
"Krt23",-2.44835555625322,1.79312895291183,58.3519834021339,1.74537445191165e-06,6.59303798307623e-05,"Krt23",-4.78087087582636,"ENSMUSG00000006777.7",TRUE,"ENSMUSG00000006777","ENSG00000108244","KRT23"
"Ccbe1",1.01620012650924,5.04955785519451,58.1533705599031,1.78110895269391e-06,6.7120795437657e-05,"Ccbe1",4.77679532781256,"ENSMUSG00000046318.16",FALSE,"ENSMUSG00000046318","ENSG00000183287","CCBE1"
"Zyx",-0.645157380422275,7.98404298519398,58.1257599466125,1.78614220604862e-06,6.71513463422961e-05,"Zyx",-4.7762276050302,"ENSMUSG00000029860.16",TRUE,"ENSMUSG00000029860","ENSG00000159840","ZYX"
"Nmb",-1.43322841681086,3.06424053627771,57.8845558699267,1.83080660452848e-06,6.86682014901331e-05,"Nmb",-4.77125601104484,"ENSMUSG00000025723.12",TRUE,"ENSMUSG00000025723","ENSG00000197696","NMB"
"Aldh1a1",-0.908519868937449,5.96756112165746,57.8543378245959,1.83649113568008e-06,6.8719337719342e-05,"Aldh1a1",-4.7706316449556,"ENSMUSG00000053279.8",TRUE,"ENSMUSG00000053279","ENSG00000165092","ALDH1A1"
"Gm12250",-1.46658282410691,3.02204976749963,57.6505003642153,1.87536482965016e-06,7.00092180420811e-05,"Gm12250",-4.76641103223425,"ENSMUSG00000082292.3",TRUE,"ENSMUSG00000082292",NA,NA
"Trp53inp1",0.690146503755289,5.85583634534141,57.6244812121884,1.88039391512966e-06,7.00325630733183e-05,"Trp53inp1",4.76587116435114,"ENSMUSG00000028211.11",TRUE,"ENSMUSG00000028211","ENSG00000164938","TP53INP1"
"Gm48878",1.6037730019065,2.44497965764253,57.6016480726839,1.88481982838315e-06,7.0033387221442e-05,"Gm48878",4.76539719290729,"ENSMUSG00000112794.1",TRUE,"ENSMUSG00000112794",NA,NA
"Cnp",-0.983040863761116,4.66562683132576,57.4902501338426,1.90658344199112e-06,7.06769148670972e-05,"Cnp",-4.76308197265499,"ENSMUSG00000006782.16",TRUE,"ENSMUSG00000006782","ENSG00000173786","CNP"
"Fmnl3",0.894876317765749,4.95924762779642,57.457528968088,1.9130302951188e-06,7.0750978565754e-05,"Fmnl3",4.76240102796864,"ENSMUSG00000023008.18",TRUE,"ENSMUSG00000023008","ENSG00000161791","FMNL3"
"Adgrd1",-0.560954364344025,8.60513539028324,57.3565241936677,1.93308750759213e-06,7.13268924205051e-05,"Adgrd1",-4.76029650955696,"ENSMUSG00000044017.16",FALSE,"ENSMUSG00000044017","ENSG00000111452","ADGRD1"
"Ly6a",-0.593828960933975,9.77593846287354,57.3033815940711,1.94373631130649e-06,7.15537929599701e-05,"Ly6a",-4.75918768592494,"ENSMUSG00000075602.10",TRUE,"ENSMUSG00000075602",NA,NA
"Col6a4",1.08426765403998,4.29672174035088,57.2423011720469,1.95605817079341e-06,7.18410925868996e-05,"Col6a4",4.7579119128825,"ENSMUSG00000032572.9",TRUE,"ENSMUSG00000032572",NA,NA
"Hspa12b",-1.02856701946254,4.04673709554383,57.1173526869732,1.98154188058859e-06,7.26093560529962e-05,"Hspa12b",-4.75529771131612,"ENSMUSG00000074793.10",TRUE,"ENSMUSG00000074793","ENSG00000132622","HSPA12B"
"Mme",-0.647749683278289,6.05398552786846,56.9792957353305,2.01013904106168e-06,7.34879107356413e-05,"Mme",-4.75240230449224,"ENSMUSG00000027820.12",FALSE,"ENSMUSG00000027820","ENSG00000196549","MME"
"Pear1",0.692952117773838,6.19804763832618,56.8170293607554,2.0443525676355e-06,7.45672910163011e-05,"Pear1",4.74898979518569,"ENSMUSG00000028073.15",TRUE,"ENSMUSG00000028073","ENSG00000187800","PEAR1"
"Serpinb6a",-0.655548875204338,9.23140621092073,56.7368255972907,2.06150750917956e-06,7.48336947130493e-05,"Serpinb6a",-4.74729933144309,"ENSMUSG00000060147.15",TRUE,"ENSMUSG00000060147","ENSG00000124570","SERPINB6"
"Rasa3",0.591402794279858,6.66094195994021,56.71699992318,2.06577324901142e-06,7.48336947130493e-05,"Rasa3",4.74688107938623,"ENSMUSG00000031453.16",TRUE,"ENSMUSG00000031453","ENSG00000185989","RASA3"
"Emilin2",-0.604932995937894,8.51642844403284,56.6075805397941,2.08949747181452e-06,7.55210870324235e-05,"Emilin2",-4.74456996929852,"ENSMUSG00000024053.11",TRUE,"ENSMUSG00000024053","ENSG00000132205","EMILIN2"
"Apold1",0.72302651639648,6.70663959610412,56.3912634258755,2.13731640562363e-06,7.70742467089175e-05,"Apold1",4.73998727580826,"ENSMUSG00000090698.2",TRUE,"ENSMUSG00000090698","ENSG00000178878","APOLD1"
"Lysmd2",-0.69734281674484,5.38371744710592,56.2562617621106,2.16778995559048e-06,7.79892342053416e-05,"Lysmd2",-4.73711796177374,"ENSMUSG00000032184.5",TRUE,"ENSMUSG00000032184","ENSG00000140280","LYSMD2"
"Pycr1",0.698220314899736,5.1132982820573,56.2355983918076,2.17249768930179e-06,7.79892342053416e-05,"Pycr1",4.73667815119712,"ENSMUSG00000025140.15",FALSE,"ENSMUSG00000025140","ENSG00000183010","PYCR1"
"Gjb5",1.31668130837555,3.15605248229134,56.1634936057625,2.18901659094561e-06,7.84052496527206e-05,"Gjb5",4.73514211322223,"ENSMUSG00000042357.2",FALSE,"ENSMUSG00000042357","ENSG00000189280","GJB5"
"Cyb5r3",0.587606306887993,7.83224733734487,56.1257544435798,2.19771937001831e-06,7.85400699806767e-05,"Cyb5r3",4.73433734199434,"ENSMUSG00000018042.18",TRUE,"ENSMUSG00000018042","ENSG00000289517",""
"Dock11",-0.692025868701937,5.93522302016825,56.0372525439323,2.21828291843217e-06,7.90972046005086e-05,"Dock11",-4.73244786438731,"ENSMUSG00000031093.14",TRUE,"ENSMUSG00000031093","ENSG00000147251","DOCK11"
"Myo1b",0.674704121395772,6.0435516908084,55.4537612327734,2.35946391735289e-06,8.37982343411735e-05,"Myo1b",4.71991226137427,"ENSMUSG00000018417.14",TRUE,"ENSMUSG00000018417","ENSG00000128641","MYO1B"
"Ccdc9b",0.879779163035895,3.89507073783394,55.4489806243148,2.36066207538488e-06,8.37982343411735e-05,"Ccdc9b",4.71980898964832,"ENSMUSG00000045838.8",TRUE,"ENSMUSG00000045838","ENSG00000188549","CCDC9B"
"Atf3",-0.756324960181967,10.621788610248,55.423453464476,2.36707163550513e-06,8.38386196424012e-05,"Atf3",-4.71925738961156,"ENSMUSG00000026628.13",TRUE,"ENSMUSG00000026628","ENSG00000162772","ATF3"
"Cit",1.04759551324103,3.47916469727551,55.3631555317181,2.38229042680134e-06,8.41901436831595e-05,"Cit",4.71795339979083,"ENSMUSG00000029516.19",TRUE,"ENSMUSG00000029516","ENSG00000122966","CIT"
"Klhl13",-0.552316090843035,6.82414150964698,55.2829551688287,2.40270513156019e-06,8.47233252931302e-05,"Klhl13",-4.71621671274649,"ENSMUSG00000036782.13",TRUE,"ENSMUSG00000036782","ENSG00000003096","KLHL13"
"Amy1",-1.30398231647797,4.09264058804386,55.2535367751661,2.41024327302254e-06,8.48011034753927e-05,"Amy1",-4.71557901927458,"ENSMUSG00000074264.12",FALSE,"ENSMUSG00000074264",NA,NA
"Pomt1",-0.776651404321151,4.80758152985003,55.0916582231919,2.45220699417911e-06,8.60870812989633e-05,"Pomt1",-4.71206369691899,"ENSMUSG00000039254.16",TRUE,"ENSMUSG00000039254","ENSG00000130714","POMT1"
"Gpr37l1",-2.77367672924257,1.9249489040311,55.007946472322,2.47423299367744e-06,8.66690028600272e-05,"Gpr37l1",-4.71024161258933,"ENSMUSG00000026424.8",TRUE,"ENSMUSG00000026424","ENSG00000170075","GPR37L1"
"Slco2b1",-1.49198025614319,4.86332583437884,54.8863748066236,2.50662226280956e-06,8.76105798801327e-05,"Slco2b1",-4.7075903219509,"ENSMUSG00000030737.17",TRUE,"ENSMUSG00000030737","ENSG00000137491","SLCO2B1"
"Ms4a4d",-0.578619298400701,6.96503301463361,54.8620084070758,2.51317182121712e-06,8.76468672649472e-05,"Ms4a4d",-4.70705819383103,"ENSMUSG00000024678.6",FALSE,"ENSMUSG00000024678","ENSG00000110079","MS4A4A"
"Cilp",0.663376871806175,10.1377113632903,54.8287286498907,2.52214869847838e-06,8.77674633520825e-05,"Cilp",4.70633101332808,"ENSMUSG00000042254.14",FALSE,"ENSMUSG00000042254","ENSG00000138615","CILP"
"Cxcl5",1.64858116382537,6.75422350884526,54.7559378619254,2.54191062630535e-06,8.82620189740916e-05,"Cxcl5",4.70473889499614,"ENSMUSG00000029371.7",TRUE,"ENSMUSG00000029371","ENSG00000124875","CXCL6"
"Dennd4a",0.914670522132021,5.15543504541445,54.7283683928426,2.54944136082012e-06,8.83306447954737e-05,"Dennd4a",4.70413530656958,"ENSMUSG00000053641.9",TRUE,"ENSMUSG00000053641","ENSG00000174485","DENND4A"
"Fkbp10",0.632878923124366,8.10096875022823,54.6251484282912,2.57786251522278e-06,8.91211903904082e-05,"Fkbp10",4.70187266430364,"ENSMUSG00000001555.10",TRUE,"ENSMUSG00000001555","ENSG00000141756","FKBP10"
"Stk17b",0.729661927791681,5.28783302941272,54.5010074279039,2.61252247023994e-06,9.0123524607865e-05,"Stk17b",4.69914552789148,"ENSMUSG00000026094.14",TRUE,"ENSMUSG00000026094","ENSG00000081320","STK17B"
"Ggt5",-0.781393375045049,6.74921041967476,54.1572723805545,2.711290294611e-06,9.33282457904734e-05,"Ggt5",-4.6915605305258,"ENSMUSG00000006344.17",TRUE,"ENSMUSG00000006344","ENSG00000099998","GGT5"
"Hist1h1c",0.72627972699743,5.51132436387998,54.1167770682505,2.72320313330683e-06,9.35358518984416e-05,"Hist1h1c",4.69066365382006,"ENSMUSG00000036181.2",FALSE,"ENSMUSG00000036181","ENSG00000187837","H1-2"
"Ar",-0.696056947139663,6.19368578307422,53.944260927103,2.77462482949723e-06,9.50556588084557e-05,"Ar",-4.6868349998741,"ENSMUSG00000046532.8",TRUE,"ENSMUSG00000046532","ENSG00000169083","AR"
"Csf1r",1.17346809720323,4.35218973181303,53.9284079557518,2.77940522831742e-06,9.50556588084557e-05,"Csf1r",4.68648253705134,"ENSMUSG00000024621.16",TRUE,"ENSMUSG00000024621","ENSG00000182578","CSF1R"
"Pthlh",-0.849060823793611,5.49594002680537,53.9003304569921,2.78789487918361e-06,9.51413997074183e-05,"Pthlh",-4.68585801942874,"ENSMUSG00000048776.8",TRUE,"ENSMUSG00000048776","ENSG00000087494","PTHLH"
"Fbxo30",-0.690226859139408,5.28664829949428,53.7900522686371,2.8215256207471e-06,9.60829163741781e-05,"Fbxo30",-4.68340186972013,"ENSMUSG00000047648.13",TRUE,"ENSMUSG00000047648","ENSG00000118496","FBXO30"
"Piezo1",0.748078737665752,6.29866316883924,53.635890778765,2.8693150156311e-06,9.75015313965413e-05,"Piezo1",4.67995956444273,"ENSMUSG00000014444.17",TRUE,"ENSMUSG00000014444","ENSG00000103335","PIEZO1"
"Cd109",1.00726022224857,6.76383966136431,53.5727260333018,2.88916106392597e-06,9.79665850738054e-05,"Cd109",4.67854617923468,"ENSMUSG00000046186.8",TRUE,"ENSMUSG00000046186","ENSG00000156535","CD109"
"Saa3",1.49910865703451,9.40551602239725,53.4513140781459,2.927747961703e-06,9.90637783722613e-05,"Saa3",4.67582458267476,"ENSMUSG00000040026.8",TRUE,"ENSMUSG00000040026",NA,NA
"Gm33869",-1.48689347424489,2.98931465779924,53.3730989458639,2.95291636823721e-06,9.97032462931556e-05,"Gm33869",-4.67406789719169,"ENSMUSG00000112358.1",FALSE,"ENSMUSG00000112358",NA,NA
"Fzd10",-1.0611025113644,3.42688483592275,53.3286843708526,2.96731773499709e-06,9.99772329230056e-05,"Fzd10",-4.67306917191055,"ENSMUSG00000081683.5",FALSE,"ENSMUSG00000081683","ENSG00000111432","FZD10"
"AI506816",0.584528066612338,6.1931603748536,53.2276616569078,3.00037255628349e-06,0.000100877219371197,"AI506816",4.67079431569716,"ENSMUSG00000105987.4",TRUE,"ENSMUSG00000105987",NA,NA
"Pard6g",0.830828347004937,4.03204133693469,53.1109889631499,3.03907016725839e-06,0.00010196272757365,"Pard6g",4.66816147190326,"ENSMUSG00000056214.9",TRUE,"ENSMUSG00000056214","ENSG00000178184","PARD6G"
"Alas1",-0.619832300373679,5.73458538081177,52.9683827668664,3.08714223274736e-06,0.000103357521952382,"Alas1",-4.66493525617107,"ENSMUSG00000032786.16",TRUE,"ENSMUSG00000032786","ENSG00000023330","ALAS1"
"Nhsl1",-0.70754786041767,5.95707795252064,52.9246674996508,3.10205119049901e-06,0.000103611421534793,"Nhsl1",-4.66394447165441,"ENSMUSG00000039835.16",TRUE,"ENSMUSG00000039835","ENSG00000135540","NHSL1"
"Ngf",-1.05185541738842,3.75022872733558,52.9080024931688,3.10775627693494e-06,0.000103611421534793,"Ngf",-4.66356654437162,"ENSMUSG00000027859.10",TRUE,"ENSMUSG00000027859","ENSG00000134259","NGF"
"Aspa",-1.91110479834913,2.43234882722254,52.8172751060045,3.13902585214979e-06,0.000104335439026669,"Aspa",-4.66150687186453,"ENSMUSG00000020774.9",TRUE,"ENSMUSG00000020774","ENSG00000108381","ASPA"
"Tfr2",2.25491563096945,2.39956119709358,52.8069870973197,3.14259418309592e-06,0.000104335439026669,"Tfr2",4.66127308444123,"ENSMUSG00000029716.13",FALSE,"ENSMUSG00000029716","ENSG00000106327","TFR2"
"Tcim",0.900404331860364,5.07390804091275,52.5137621184031,3.24626253456024e-06,0.000107552735598149,"Tcim",4.65458985090965,"ENSMUSG00000056313.5",TRUE,"ENSMUSG00000056313","ENSG00000176907","TCIM"
"Kif2a",-0.717840868082579,5.3754928281291,52.3682535125288,3.29914617784993e-06,0.000108918562899787,"Kif2a",-4.65125903174907,"ENSMUSG00000021693.20",TRUE,"ENSMUSG00000021693","ENSG00000068796","KIF2A"
"Inmt",-2.31693933772383,6.0388962934073,52.36269651987,3.30118514228115e-06,0.000108918562899787,"Inmt",-4.65113163743301,"ENSMUSG00000003477.5",TRUE,"ENSMUSG00000003477","ENSG00000241644","INMT"
"Sat1",-0.615648565823181,8.25846623813167,52.319087948018,3.31723576980512e-06,0.000109221533017,"Sat1",-4.65013142271403,"ENSMUSG00000025283.15",TRUE,"ENSMUSG00000025283","ENSG00000130066","SAT1"
"Slc40a1",0.978264235226995,4.47958688085155,52.2670835721331,3.33649267837473e-06,0.0001096286013723,"Slc40a1",4.6489375112839,"ENSMUSG00000025993.10",TRUE,"ENSMUSG00000025993","ENSG00000138449","SLC40A1"
"Ebf2",-0.735684561826978,6.81523079676959,52.1988887040836,3.36193772904636e-06,0.000110236898360875,"Ebf2",-4.64737003527714,"ENSMUSG00000022053.13",TRUE,"ENSMUSG00000022053","ENSG00000221818","EBF2"
"Inf2",0.546627462968569,6.31713091541055,52.1639624552185,3.37505488560808e-06,0.000110439295979064,"Inf2",4.64656642580349,"ENSMUSG00000037679.9",TRUE,"ENSMUSG00000037679","ENSG00000203485","INF2"
"Lamc2",-0.758443125965805,4.85725275535483,51.9941083408203,3.43968185099418e-06,0.000112322916789241,"Lamc2",-4.64265033893839,"ENSMUSG00000026479.13",TRUE,"ENSMUSG00000026479","ENSG00000058085","LAMC2"
"Myo1d",1.11061177832831,4.57755817058235,51.9741104765904,3.44738289483042e-06,0.00011234370937805,"Myo1d",4.64218840560171,"ENSMUSG00000035441.14",TRUE,"ENSMUSG00000035441","ENSG00000176658","MYO1D"
"Slpi",1.61780661621997,2.45047978627167,51.8816471795726,3.48324569313005e-06,0.00011320551707263,"Slpi",4.64005019021495,"ENSMUSG00000017002.14",TRUE,"ENSMUSG00000017002","ENSG00000124107","SLPI"
"Mat2a",-0.592016163870784,8.09966212572538,51.7982743353472,3.51594667627207e-06,0.000113878004058564,"Mat2a",-4.63811880930188,"ENSMUSG00000053907.10",TRUE,"ENSMUSG00000053907","ENSG00000168906","MAT2A"
"Rgs3",0.883502763985792,4.19592341821477,51.731144977132,3.54253032110894e-06,0.000114505812391454,"Rgs3",4.63656138016854,"ENSMUSG00000059810.18",TRUE,"ENSMUSG00000059810","ENSG00000138835","RGS3"
"Cacnb3",0.642560387493738,5.61615038087973,51.6941450089084,3.55728018393062e-06,0.000114749344351012,"Cacnb3",4.63570207173746,"ENSMUSG00000003352.14",TRUE,"ENSMUSG00000003352","ENSG00000167535","CACNB3"
"Ust",-0.603938447165361,5.6318887243621,51.5628397392617,3.61019082414784e-06,0.000116220373838913,"Ust",-4.63264742154669,"ENSMUSG00000047712.8",FALSE,"ENSMUSG00000047712","ENSG00000111962","UST"
"Basp1",-0.569164132095567,5.63100410839523,51.1962195566577,3.76272421527797e-06,0.000120886067061749,"Basp1",-4.6240757119183,"ENSMUSG00000045763.8",TRUE,"ENSMUSG00000045763","ENSG00000176788","BASP1"
"Chst11",0.892786994265034,5.34524941279417,51.0888215133276,3.80878561961357e-06,0.00012211918892886,"Chst11",4.62155269254294,"ENSMUSG00000034612.7",TRUE,"ENSMUSG00000034612","ENSG00000171310","CHST11"
"Stum",1.76717582682258,2.47929855882665,50.8449856680065,3.91576288501482e-06,0.000125296533521913,"Stum",4.61580404807926,"ENSMUSG00000053963.7",TRUE,"ENSMUSG00000053963","ENSG00000203685","STUM"
"Ccnd2",0.596169885182535,6.90295852309445,50.7639307734381,3.95207724623707e-06,0.000126204587242788,"Ccnd2",4.61388680142575,"ENSMUSG00000000184.12",TRUE,"ENSMUSG00000000184","ENSG00000118971","CCND2"
"Plpp1",0.55110615711046,5.84882391517652,50.6973068642742,3.98221307230459e-06,0.000126912093164048,"Plpp1",4.61230853281257,"ENSMUSG00000021759.14",TRUE,"ENSMUSG00000021759","ENSG00000067113","PLPP1"
"Runx1",1.01233523478311,6.33190840843793,50.6461954099493,4.00550933265257e-06,0.00012737022160508,"Runx1",4.61109629029136,"ENSMUSG00000022952.17",TRUE,"ENSMUSG00000022952","ENSG00000159216","RUNX1"
"B4galnt1",0.943376093686502,4.06487304672465,50.6306915447472,4.01260649085989e-06,0.00012737022160508,"B4galnt1",4.61072832575427,"ENSMUSG00000006731.10",TRUE,"ENSMUSG00000006731","ENSG00000135454","B4GALNT1"
"Trim46",0.988672444125001,3.48324871947089,50.5799053995952,4.03595502908972e-06,0.000127856161011183,"Trim46",4.60952216626205,"ENSMUSG00000042766.17",TRUE,"ENSMUSG00000042766","ENSG00000163462","TRIM46"
"Akr1c14",-1.0381180074878,6.05032598998015,50.5110072643573,4.06787774183697e-06,0.000128577558333447,"Akr1c14",-4.60788385171459,"ENSMUSG00000033715.15",TRUE,"ENSMUSG00000033715",NA,NA
"Tenm3",0.734043577266981,5.19346211167693,50.4959398522093,4.07489715148446e-06,0.000128577558333447,"Tenm3",4.60752525954676,"ENSMUSG00000031561.16",FALSE,"ENSMUSG00000031561","ENSG00000218336","TENM3"
"Plxdc1",0.811780835155799,4.701551332264,50.417385456632,4.11171684178304e-06,0.000129482441455199,"Plxdc1",4.60565393877546,"ENSMUSG00000017417.14",TRUE,"ENSMUSG00000017417","ENSG00000161381","PLXDC1"
"Rasgef1c",-3.74584590750956,1.07620151850367,50.3982300730647,4.12075254112274e-06,0.000129510528975247,"Rasgef1c",-4.60519716352528,"ENSMUSG00000020374.16",TRUE,"ENSMUSG00000020374","ENSG00000146090","RASGEF1C"
"Pcdhgc5",1.18219327904453,3.91422477152009,50.3397749007802,4.14846603525182e-06,0.000130124369543609,"Pcdhgc5",4.60380214577597,"ENSMUSG00000102543.5",TRUE,"ENSMUSG00000102543","ENSG00000240764","PCDHGC5"
"Cfh",0.616224422070513,8.32286420439563,50.1938103976301,4.21859755565981e-06,0.000132063694739484,"Cfh",4.6003114319992,"ENSMUSG00000026365.15",TRUE,"ENSMUSG00000026365",NA,NA
"Itga10",1.0640393363736,4.25442654940719,50.1670582561704,4.23159679642616e-06,0.000132210380851798,"Itga10",4.59967052447294,"ENSMUSG00000090210.7",TRUE,"ENSMUSG00000090210","ENSG00000143127","ITGA10"
"Parm1",0.773520893073431,5.75482619449212,50.062548773614,4.28281772847222e-06,0.000133476117486877,"Parm1",4.59716338352986,"ENSMUSG00000034981.9",TRUE,"ENSMUSG00000034981","ENSG00000169116","PARM1"
"Tgfb2",-0.597465555403832,6.64858351817012,50.0502434288171,4.28889492773652e-06,0.000133476117486877,"Tgfb2",-4.59686782816385,"ENSMUSG00000039239.14",TRUE,"ENSMUSG00000039239","ENSG00000092969","TGFB2"
"Ptpn14",0.763598264790981,5.1955748677476,50.0116687287732,4.30800931824879e-06,0.000133548288865713,"Ptpn14",4.59594083774454,"ENSMUSG00000026604.17",TRUE,"ENSMUSG00000026604","ENSG00000152104","PTPN14"
"Jpt2",0.764058622592531,4.98244203279526,49.8689986385432,4.37955102569616e-06,0.000135501945450673,"Jpt2",4.59250591059778,"ENSMUSG00000024165.9",TRUE,"ENSMUSG00000024165","ENSG00000206053","JPT2"
"Arid5a",-0.725985550129382,7.17173274663487,49.7176797809032,4.45690968835304e-06,0.000137627640337628,"Arid5a",-4.58885167084721,"ENSMUSG00000037447.16",TRUE,"ENSMUSG00000037447","ENSG00000196843","ARID5A"
"P2ry2",-1.52628328303573,2.62087795327108,49.6544723330808,4.48968230512474e-06,0.00013837096453178,"P2ry2",-4.5873218628405,"ENSMUSG00000032860.5",TRUE,"ENSMUSG00000032860","ENSG00000175591","P2RY2"
"Add2",2.04181986322018,1.65872905406319,49.5815013377465,4.52785849287364e-06,0.000139277627876537,"Add2",4.58555325115663,"ENSMUSG00000030000.10",TRUE,"ENSMUSG00000030000","ENSG00000075340","ADD2"
"Irf1",-0.768663421234727,8.82502417237979,49.432145835035,4.6071531805907e-06,0.000141181761284172,"Irf1",-4.58192491945616,"ENSMUSG00000018899.16",TRUE,"ENSMUSG00000018899","ENSG00000125347","IRF1"
"Susd6",0.643491526940735,7.40619158872104,49.4314683403618,4.60751645013427e-06,0.000141181761284172,"Susd6",4.58190843519401,"ENSMUSG00000021133.9",TRUE,"ENSMUSG00000021133","ENSG00000100647","SUSD6"
"Wnt16",1.22452598946354,2.86554615332325,49.3935090366529,4.62792217975467e-06,0.000141225177054253,"Wnt16",4.58098446770911,"ENSMUSG00000029671.15",FALSE,"ENSMUSG00000029671","ENSG00000002745","WNT16"
"Ddr2",-0.582265539191126,8.96941506698823,49.3904216623366,4.62958636845962e-06,0.000141225177054253,"Ddr2",-4.58090928577584,"ENSMUSG00000026674.9",TRUE,"ENSMUSG00000026674","ENSG00000162733","DDR2"
"Aebp1",0.500484096864835,11.253049077874,49.3734081738346,4.63876937094776e-06,0.000141225177054253,"Aebp1",4.5804948964328,"ENSMUSG00000020473.13",TRUE,"ENSMUSG00000020473","ENSG00000106624","AEBP1"
"Cav1",0.673262144015034,8.40679797042379,49.3628935357228,4.64445498329713e-06,0.000141225177054253,"Cav1",4.58023872294306,"ENSMUSG00000007655.16",TRUE,"ENSMUSG00000007655","ENSG00000105974","CAV1"
"Epha1",-1.07024329818745,3.39743387758602,49.3455317714822,4.65386041384172e-06,0.000141241110994895,"Epha1",-4.57981560643273,"ENSMUSG00000029859.6",TRUE,"ENSMUSG00000029859","ENSG00000146904","EPHA1"
"Gm11816",-1.32632286021756,2.79366380664205,49.2592362552214,4.7009319954057e-06,0.000142128981911909,"Gm11816",-4.57771025678992,"ENSMUSG00000086233.1",FALSE,"ENSMUSG00000086233",NA,NA
"Phf24",-1.16977013747406,3.44453654528672,49.2591304642173,4.70099003242557e-06,0.000142128981911909,"Phf24",-4.57770767347982,"ENSMUSG00000036062.13",FALSE,"ENSMUSG00000036062","ENSG00000122733","PHF24"
"Arhgdib",0.865066057953767,5.141070748921,49.2030997418543,4.73184331865853e-06,0.000142540905642694,"Arhgdib",4.5763386563887,"ENSMUSG00000030220.13",TRUE,"ENSMUSG00000030220","ENSG00000111348","ARHGDIB"
"Dpt",-0.520015338324645,11.5190143353642,49.2018376858275,4.73254091550916e-06,0.000142540905642694,"Dpt",-4.57630780168218,"ENSMUSG00000026574.5",FALSE,"ENSMUSG00000026574","ENSG00000143196","DPT"
"Iigp1",-0.885412476349794,7.304473395462,49.1611002924644,4.75512128586757e-06,0.000142950271850949,"Iigp1",-4.57531141740767,"ENSMUSG00000054072.12",TRUE,"ENSMUSG00000054072",NA,NA
"Bmp3",-1.08412947349278,3.27483901761284,49.0982055211641,4.79022425967163e-06,0.00014373384226709,"Bmp3",-4.57377142224219,"ENSMUSG00000029335.5",FALSE,"ENSMUSG00000029335","ENSG00000152785","BMP3"
"Has2",-0.596597307720159,6.72130531900349,49.0637084047895,4.80960293415674e-06,0.000144043531943304,"Has2",-4.57292588885884,"ENSMUSG00000022367.7",TRUE,"ENSMUSG00000022367","ENSG00000170961","HAS2"
"Hp",1.3050779084917,8.01960280357162,49.0126725136459,4.8384359243766e-06,0.000144356393291928,"Hp",4.57167386316099,"ENSMUSG00000031722.10",TRUE,"ENSMUSG00000031722","ENSG00000261701","HPR"
"Foxo1",-0.707581817009733,5.29786941180156,49.0058061179678,4.8423301080238e-06,0.000144356393291928,"Foxo1",-4.57150531259536,"ENSMUSG00000044167.6",TRUE,"ENSMUSG00000044167","ENSG00000150907","FOXO1"
"Ksr1",-0.628109668912354,6.10993492664998,48.9970850736439,4.84728126881025e-06,0.000144356393291928,"Ksr1",-4.57129120062646,"ENSMUSG00000018334.18",TRUE,"ENSMUSG00000018334","ENSG00000141068","KSR1"
"Bdkrb1",1.25302489871921,2.65542240642398,48.9643368012503,4.86592475884511e-06,0.000144640750354979,"Bdkrb1",4.57048684154815,"ENSMUSG00000041347.5",FALSE,"ENSMUSG00000041347","ENSG00000100739","BDKRB1"
"Tppp3",-0.647163062656077,8.33345349167197,48.927023547396,4.88726651811872e-06,0.000145004103428437,"Tppp3",-4.56956968312602,"ENSMUSG00000014846.12",TRUE,"ENSMUSG00000014846","ENSG00000159713","TPPP3"
"Cdk6",1.04564300698403,4.81378282587323,48.7768532296509,4.97424098816213e-06,0.000147309784794679,"Cdk6",4.56587121339522,"ENSMUSG00000040274.11",TRUE,"ENSMUSG00000040274","ENSG00000105810","CDK6"
"Abca9",-0.637048514226078,7.20006291981478,48.4126920772899,5.19255829006651e-06,0.000153489320607672,"Abca9",-4.55685362650073,"ENSMUSG00000041797.7",TRUE,"ENSMUSG00000041797","ENSG00000154258","ABCA9"
"Bmp6",-1.03170754133944,4.16316901420843,48.3363795668229,5.2396770519947e-06,0.000154594775803102,"Bmp6",-4.55495509373177,"ENSMUSG00000039004.6",TRUE,"ENSMUSG00000039004","ENSG00000153162","BMP6"
"Pld3",0.515257122050555,6.82434666732895,48.236210503143,5.30226556620671e-06,0.000156122868875665,"Pld3",4.55245836854635,"ENSMUSG00000003363.15",TRUE,"ENSMUSG00000003363","ENSG00000105223","PLD3"
"Spry2",-0.584321427416979,7.03536807976713,48.2221749971711,5.31110306619726e-06,0.000156122868875665,"Spry2",-4.55210810658326,"ENSMUSG00000022114.5",TRUE,"ENSMUSG00000022114","ENSG00000136158","SPRY2"
"Barx2",0.989300449945354,3.83088172723871,48.0005574282779,5.45288911327065e-06,0.000159995010273696,"Barx2",4.54656362465699,"ENSMUSG00000032033.11",FALSE,"ENSMUSG00000032033","ENSG00000043039","BARX2"
"P3h1",0.611599699804296,7.3591360233134,47.7621091590805,5.61027106360986e-06,0.000164309651426497,"P3h1",4.54056863761081,"ENSMUSG00000028641.16",TRUE,"ENSMUSG00000028641","ENSG00000117385","P3H1"
"Ltbp2",1.3372393607646,4.70109498875998,47.6454631832489,5.68913726918699e-06,0.000166284373881885,"Ltbp2",4.53762476489739,"ENSMUSG00000002020.15",TRUE,"ENSMUSG00000002020","ENSG00000119681","LTBP2"
"Mcl1",-0.622875169285905,9.84065731499925,47.6315774659445,5.69860930425877e-06,0.000166284373881885,"Mcl1",-4.53727382926759,"ENSMUSG00000038612.16",TRUE,"ENSMUSG00000038612","ENSG00000143384","MCL1"
"Ereg",1.26636068452632,3.17807850464755,47.5975926146158,5.72186754814073e-06,0.000166657252047769,"Ereg",4.53641448246983,"ENSMUSG00000029377.5",TRUE,"ENSMUSG00000029377","ENSG00000124882","EREG"
"Maf",-0.526404180568753,6.49775073803255,47.5554866990786,5.75083345397037e-06,0.000167194706432342,"Maf",-4.53534891154991,"ENSMUSG00000055435.6",TRUE,"ENSMUSG00000055435","ENSG00000178573","MAF"
"Fmo5",-0.894219748756236,4.01281480004916,47.4905068090115,5.79586283040424e-06,0.000168196362394012,"Fmo5",-4.53370257010654,"ENSMUSG00000028088.14",TRUE,"ENSMUSG00000028088","ENSG00000131781","FMO5"
"Rab15",0.980667196499542,3.9414166930108,47.3348904207,5.90533987790624e-06,0.000171061238758366,"Rab15",4.52975043665913,"ENSMUSG00000021062.15",FALSE,"ENSMUSG00000021062","ENSG00000139998","RAB15"
"Creb3l1",0.565117846495973,7.6415812585053,47.2983467377798,5.93138826493857e-06,0.000171503395595124,"Creb3l1",4.52882041817624,"ENSMUSG00000027230.9",TRUE,"ENSMUSG00000027230","ENSG00000157613","CREB3L1"
"Kcnq4",-0.762549710746343,4.48104367213547,47.2242304284076,5.98462065048793e-06,0.000172728533946841,"Kcnq4",-4.5269319307888,"ENSMUSG00000028631.7",TRUE,"ENSMUSG00000028631","ENSG00000117013","KCNQ4"
"Klk8",-8.6653254508211,-0.415685921541847,54.8373135346466,6.00616673575234e-06,0.00017302458014524,"Klk8",-4.52617212233184,"ENSMUSG00000064023.4",TRUE,"ENSMUSG00000064023","ENSG00000129455","KLK8"
"Adgrl2",0.667264066835573,5.2588436756082,47.1800123567252,6.01663791865169e-06,0.00017302458014524,"Adgrl2",4.52580380440965,"ENSMUSG00000028184.12",TRUE,"ENSMUSG00000028184","ENSG00000117114","ADGRL2"
"P4ha3",1.07021976217537,6.7313650134474,47.0771378492882,6.09188339186238e-06,0.000174481438620507,"P4ha3",4.52317498964396,"ENSMUSG00000051048.17",TRUE,"ENSMUSG00000051048","ENSG00000149380","P4HA3"
"Gm15675",-1.04717181356224,3.89693749147883,47.072607183155,6.09522177174095e-06,0.000174481438620507,"Gm15675",-4.5230590794687,"ENSMUSG00000086825.1",TRUE,"ENSMUSG00000086825",NA,NA
"Naaa",-0.610273492263429,5.84128926219525,47.0658392580507,6.10021253052895e-06,0.000174481438620507,"Naaa",-4.52288591114239,"ENSMUSG00000029413.14",TRUE,"ENSMUSG00000029413","ENSG00000138744","NAAA"
"Cgref1",1.15107732167642,3.08695029636928,47.0370497066232,6.121494315466e-06,0.000174775806281608,"Cgref1",4.52214899858545,"ENSMUSG00000029161.7",TRUE,"ENSMUSG00000029161","ENSG00000138028","CGREF1"
"Rflnb",1.00213016500186,3.77259925719887,46.9529006867961,6.1841844585979e-06,0.00017624925707004,"Rflnb",4.51999242331032,"ENSMUSG00000020846.6",TRUE,"ENSMUSG00000020846","ENSG00000183688","RFLNB"
"Mdga1",1.14393733375224,4.14341630682908,46.9011502998575,6.22310035436647e-06,0.000177041082174401,"Mdga1",4.5186641944811,"ENSMUSG00000043557.16",FALSE,"ENSMUSG00000043557","ENSG00000112139","MDGA1"
"Igfbp4",0.558564144892296,10.3938353430418,46.7243025194491,6.3582055754669e-06,0.000180561684404732,"Igfbp4",4.51411385040574,"ENSMUSG00000017493.12",TRUE,"ENSMUSG00000017493","ENSG00000141753","IGFBP4"
"Disp1",-0.769295688078892,5.04996461438405,46.7078254255946,6.3709624031855e-06,0.00018060145293736,"Disp1",-4.51368899215566,"ENSMUSG00000030768.12",TRUE,"ENSMUSG00000030768","ENSG00000154309","DISP1"
"Glce",-0.622445120118079,5.873470165193,46.6048840336208,6.4513232431565e-06,0.000182554081024765,"Glce",-4.51103119168993,"ENSMUSG00000032252.14",TRUE,"ENSMUSG00000032252","ENSG00000138604","GLCE"
"Cdkn2b",1.20747915669134,3.6933010835549,46.5034220561597,6.53165883017043e-06,0.000184499059282772,"Cdkn2b",4.50840570005063,"ENSMUSG00000073802.5",TRUE,"ENSMUSG00000073802","ENSG00000147883","CDKN2B"
"H6pd",0.597142267338993,7.07170624794969,46.4876874516418,6.54421877271373e-06,0.000184526083585933,"H6pd",4.50799801680079,"ENSMUSG00000028980.14",TRUE,"ENSMUSG00000028980","ENSG00000049239","H6PD"
"Il17d",-1.47904148303973,3.37400996950625,46.3667291771152,6.64169437473572e-06,0.000186943125029066,"Il17d",-4.50485926711136,"ENSMUSG00000050222.11",TRUE,"ENSMUSG00000050222","ENSG00000172458","IL17D"
"Ednrb",0.858486855324147,4.89926806204075,46.3397576846898,6.66365410568976e-06,0.000187229843185131,"Ednrb",4.5041582406737,"ENSMUSG00000022122.15",TRUE,"ENSMUSG00000022122","ENSG00000136160","EDNRB"
"Trip10",-0.567481660235923,6.56789091066473,46.1603493570294,6.81184397182151e-06,0.00019105600473347,"Trip10",-4.49948452005611,"ENSMUSG00000019487.11",TRUE,"ENSMUSG00000019487","ENSG00000125733","TRIP10"
"Olfr810",2.2067148140011,2.11022713664797,46.049789241182,6.90503074922101e-06,0.000193328704233912,"Olfr810",4.49659508507332,"ENSMUSG00000069421.4",TRUE,"ENSMUSG00000069421",NA,NA
"Plcb4",-0.583676391023629,5.31255987652088,45.9423545465162,6.99697419739899e-06,0.000195558665485477,"Plcb4",-4.49378052813031,"ENSMUSG00000039943.16",TRUE,"ENSMUSG00000039943","ENSG00000101333","PLCB4"
"Scube3",0.97983885008573,3.37233144536136,45.8991211968579,7.03436582024942e-06,0.000196258806384959,"Scube3",4.49264600865155,"ENSMUSG00000038677.14",TRUE,"ENSMUSG00000038677","ENSG00000146197","SCUBE3"
"Celf2",-0.497676989744198,7.05153571600334,45.8285663486254,7.09587623125832e-06,0.00019762823065797,"Celf2",-4.49079217692938,"ENSMUSG00000002107.18",TRUE,"ENSMUSG00000002107","ENSG00000048740","CELF2"
"Wnt9a",0.675712496321516,5.12870844542055,45.7705438152003,7.14691936043959e-06,0.000198701850680194,"Wnt9a",4.48926544532869,"ENSMUSG00000000126.11",TRUE,"ENSMUSG00000000126","ENSG00000143816","WNT9A"
"Tgfa",-3.50564420868194,1.2511009227273,45.7218001233784,7.19012261595513e-06,0.000199554136058524,"Tgfa",-4.48798133605928,"ENSMUSG00000029999.14",TRUE,"ENSMUSG00000029999","ENSG00000163235","TGFA"
"Irgm2",-0.608799459542719,6.11647598192358,45.6917001697232,7.21694954792898e-06,0.000199949736342708,"Irgm2",-4.48718768075711,"ENSMUSG00000069874.7",TRUE,"ENSMUSG00000069874","ENSG00000237693","IRGM"
"Flt3l",-0.922967583322865,3.8308348375403,45.6537981032549,7.25089223449184e-06,0.000200540763834998,"Flt3l",-4.48618754447095,"ENSMUSG00000110206.1",TRUE,"ENSMUSG00000110206","ENSG00000090554","FLT3LG"
"Fat1",0.830989863023986,8.02086319324185,45.618514832092,7.28265291128974e-06,0.00020106949522264,"Fat1",4.48525574868852,"ENSMUSG00000070047.14",TRUE,"ENSMUSG00000070047","ENSG00000083857","FAT1"
"Plk2",0.497394780988889,6.81142774479054,45.5904426680678,7.30803543763714e-06,0.00020142060236524,"Plk2",4.48451386498372,"ENSMUSG00000021701.8",TRUE,"ENSMUSG00000021701","ENSG00000145632","PLK2"
"Speg",0.801324783306588,4.45099360185516,45.4370915936099,7.44848196811167e-06,0.0002049363472991,"Speg",4.48045288979161,"ENSMUSG00000026207.16",TRUE,"ENSMUSG00000026207","ENSG00000072195","SPEG"
"Msrb3",0.564810093898324,6.56603580480522,45.4051399363897,7.47812975142415e-06,0.000205396714053365,"Msrb3",4.47960499841561,"ENSMUSG00000051236.13",TRUE,"ENSMUSG00000051236","ENSG00000174099","MSRB3"
"Adgrl1",0.615942446383412,5.68602465575973,45.3437014674184,7.53551605816788e-06,0.000206616054953524,"Adgrl1",4.47797291128049,"ENSMUSG00000013033.16",TRUE,"ENSMUSG00000013033","ENSG00000072071","ADGRL1"
"Diaph1",-0.506446630759276,6.65439367354012,45.2275359663137,7.64539371958147e-06,0.000209197515702759,"Diaph1",-4.47488084494064,"ENSMUSG00000024456.16",TRUE,"ENSMUSG00000024456","ENSG00000131504","DIAPH1"
"Ccnl1",-0.582492659970554,8.47404015377765,45.2164505501704,7.65597397591687e-06,0.000209197515702759,"Ccnl1",-4.47458535233571,"ENSMUSG00000027829.15",TRUE,"ENSMUSG00000027829","ENSG00000163660","CCNL1"
"Cndp2",-0.538985385784119,6.68557266589675,45.1533212415533,7.71654479640764e-06,0.000210490929497891,"Cndp2",-4.472901168301,"ENSMUSG00000024644.17",TRUE,"ENSMUSG00000024644","ENSG00000133313","CNDP2"
"Gm16485",-1.40291140171315,2.8529870699266,45.1373611169956,7.7319442612896e-06,0.000210549845183713,"Gm16485",-4.4724749984252,"ENSMUSG00000078117.2",FALSE,"ENSMUSG00000078117",NA,NA
"Dcakd",0.587114758962276,5.36390375583635,45.107074845942,7.76126278146436e-06,0.000210986943613039,"Dcakd",4.47166586653203,"ENSMUSG00000020935.8",TRUE,"ENSMUSG00000020935","ENSG00000172992","DCAKD"
"Vwa1",-0.78744191803626,4.86557501242165,45.0626295617093,7.80451704188387e-06,0.000211445330239861,"Vwa1",-4.47047745649111,"ENSMUSG00000042116.3",TRUE,"ENSMUSG00000042116","ENSG00000179403","VWA1"
"Sfrp1",0.784737564740166,7.83270098191636,45.0624251092459,7.80471664785251e-06,0.000211445330239861,"Sfrp1",4.47047198693109,"ENSMUSG00000031548.7",TRUE,"ENSMUSG00000031548","ENSG00000104332","SFRP1"
"Chrm3",-2.09339332492378,1.825849130476,44.9939425768893,7.87190360899833e-06,0.000212902862404593,"Chrm3",-4.46863850038115,"ENSMUSG00000046159.16",TRUE,"ENSMUSG00000046159","ENSG00000133019","CHRM3"
"Kcnma1",1.12196680044553,3.63116286581552,44.9424620671199,7.92284331728702e-06,0.00021391676956675,"Kcnma1",4.46725833468247,"ENSMUSG00000063142.15",FALSE,"ENSMUSG00000063142","ENSG00000156113","KCNMA1"
"Atp6v0e2",-1.18638763464879,3.50042932291605,44.8695112766695,7.99567094907711e-06,0.000215517212039277,"Atp6v0e2",-4.4652997980927,"ENSMUSG00000039347.7",TRUE,"ENSMUSG00000039347","ENSG00000171130","ATP6V0E2"
"Chsy1",0.616380572157693,5.92386412554539,44.8023292011006,8.06341352172836e-06,0.000216975406490772,"Chsy1",4.46349326202987,"ENSMUSG00000032640.10",TRUE,"ENSMUSG00000032640","ENSG00000131873","CHSY1"
"Rnase4",-0.554974265284625,9.9872204048613,44.7043913733493,8.16334085271034e-06,0.000219293259426778,"Rnase4",-4.46085474518008,"ENSMUSG00000021876.15",TRUE,"ENSMUSG00000021876","ENSG00000258818","RNASE4"
"Mal",-1.98997179422477,1.60615308770361,44.6803953826722,8.18803857438856e-06,0.000219585796709108,"Mal",-4.46020737685336,"ENSMUSG00000027375.14",TRUE,"ENSMUSG00000027375","ENSG00000172005","MAL"
"Kctd15",0.825484164966267,4.08776149461285,44.5307505698661,8.34399036727722e-06,0.000223391378469376,"Kctd15",4.45616221845036,"ENSMUSG00000030499.9",TRUE,"ENSMUSG00000030499","ENSG00000153885","KCTD15"
"Myorg",-0.679598371679199,4.67852943294905,44.4689885372208,8.40933797525147e-06,0.00022476252406794,"Myorg",-4.4544886439141,"ENSMUSG00000046312.4",TRUE,"ENSMUSG00000046312","ENSG00000164976","MYORG"
"Lgmn",0.586408485916476,7.48422004484536,44.2773313932206,8.61585653431981e-06,0.000229895916888067,"Lgmn",4.44928016848771,"ENSMUSG00000021190.14",TRUE,"ENSMUSG00000021190","ENSG00000100600","LGMN"
"Slc10a6",-0.730877603745248,6.20851084003569,44.2037413787759,8.69668045316374e-06,0.000231663834584025,"Slc10a6",-4.44727418289458,"ENSMUSG00000029321.1",TRUE,"ENSMUSG00000029321","ENSG00000145283","SLC10A6"
"Hsf2",-0.763202788479584,4.70047947332059,44.1894203800119,8.71250922641143e-06,0.00023169738165154,"Hsf2",-4.4468834124669,"ENSMUSG00000019878.8",TRUE,"ENSMUSG00000019878","ENSG00000025156","HSF2"
"Ntf3",-1.69852684307875,3.23793242470356,44.0829651308954,8.83120474469566e-06,0.000234461851510676,"Ntf3",-4.44397457012134,"ENSMUSG00000049107.13",TRUE,"ENSMUSG00000049107","ENSG00000185652","NTF3"
"Acss3",-1.36832823481949,3.00367071469811,44.0674166077694,8.84869446332259e-06,0.000234525807612099,"Acss3",-4.44354911528881,"ENSMUSG00000035948.13",TRUE,"ENSMUSG00000035948","ENSG00000111058","ACSS3"
"Fbln5",-0.603547728608773,7.17494101207435,44.0546288672703,8.8631082421475e-06,0.000234525807612099,"Fbln5",-4.44319908933816,"ENSMUSG00000021186.9",TRUE,"ENSMUSG00000021186","ENSG00000140092","FBLN5"
"B4galt5",0.668834552499855,7.18197746234616,44.0267940764257,8.89457479026865e-06,0.000234967479883127,"B4galt5",4.44243683798106,"ENSMUSG00000017929.13",TRUE,"ENSMUSG00000017929","ENSG00000158470","B4GALT5"
"Cxcl1",-0.73149470946607,10.0712939600918,43.9811288566992,8.94647374923054e-06,0.000235946553953588,"Cxcl1",-4.44118524020352,"ENSMUSG00000029380.11",TRUE,"ENSMUSG00000029380",NA,NA
"Spns2",1.05408757858853,4.01208997707881,43.9360802702044,8.99800954865608e-06,0.000236912824258738,"Spns2",4.43994924679532,"ENSMUSG00000040447.15",TRUE,"ENSMUSG00000040447","ENSG00000183018","SPNS2"
"Casq2",-0.924444781025755,3.50947598977527,43.8485296331825,9.09913641880101e-06,0.000239179448707756,"Casq2",-4.43754343667292,"ENSMUSG00000027861.13",TRUE,"ENSMUSG00000027861","ENSG00000118729","CASQ2"
"Sept11",0.571644019597979,7.62146352123938,43.808514556226,9.14578638597197e-06,0.000240008978376423,"Sept11",4.43644223195356,"ENSMUSG00000058013.11",TRUE,"ENSMUSG00000058013","ENSG00000138758","SEPTIN11"
"Mgat3",1.05759963038426,3.78962386577831,43.7195948153457,9.2504267776831e-06,0.000242238951382617,"Mgat3",4.43399151623122,"ENSMUSG00000042428.6",TRUE,"ENSMUSG00000042428","ENSG00000128268","MGAT3"
"Arhgef3",-0.766535754364935,4.80977421941246,43.7075914837023,9.26465626449304e-06,0.000242238951382617,"Arhgef3",-4.43366030430296,"ENSMUSG00000021895.10",TRUE,"ENSMUSG00000021895","ENSG00000163947","ARHGEF3"
"Eno1",0.516687860793979,6.60313497024422,43.6976514626145,9.27645861736865e-06,0.000242238951382617,"Eno1",4.43338595596766,"ENSMUSG00000063524.13",TRUE,"ENSMUSG00000063524","ENSG00000074800","ENO1"
"Gbp6",-1.21923551947787,3.3590189680943,43.6460397758618,9.33801562584184e-06,0.000243446659832398,"Gbp6",-4.4319604329837,"ENSMUSG00000104713.4",TRUE,"ENSMUSG00000104713","ENSG00000183347","GBP6"
"Pdk4",-0.953287171336735,3.67842256335099,43.5766608143639,9.42149679797413e-06,0.000245221053319448,"Pdk4",-4.43004147220279,"ENSMUSG00000019577.6",TRUE,"ENSMUSG00000019577","ENSG00000004799","PDK4"
"Palld",0.506678394243702,7.12734492710107,43.5385381552234,9.46772949472513e-06,0.000246021735546754,"Palld",4.42898571047058,"ENSMUSG00000058056.16",TRUE,"ENSMUSG00000058056","ENSG00000129116","PALLD"
"Foxd3",-2.75358338850149,1.18335854930456,43.4701560316148,9.55130679960844e-06,0.000247788633008439,"Foxd3",-4.42708959227985,"ENSMUSG00000067261.4",TRUE,"ENSMUSG00000067261","ENSG00000187140","FOXD3"
"Ncam1",0.722640340039868,4.58935817969801,43.4551747829724,9.56972886720925e-06,0.000247862212011773,"Ncam1",4.42667378330876,"ENSMUSG00000039542.16",FALSE,"ENSMUSG00000039542","ENSG00000149294","NCAM1"
"Klhl33",-1.01516455525901,3.15745226904602,43.3645676144957,9.68201115860809e-06,0.000249593514200502,"Klhl33",-4.42415584563112,"ENSMUSG00000090799.2",TRUE,"ENSMUSG00000090799","ENSG00000185271","KLHL33"
"Plod1",0.505238379222658,7.77140715229714,43.3628319671113,9.68417658402689e-06,0.000249593514200502,"Plod1",4.42410756050452,"ENSMUSG00000019055.15",TRUE,"ENSMUSG00000019055","ENSG00000083444","PLOD1"
"Retreg1",0.841057218295507,4.37712988040993,43.3560343775572,9.69266268461248e-06,0.000249593514200502,"Retreg1",4.42391843494174,"ENSMUSG00000022270.16",TRUE,"ENSMUSG00000022270","ENSG00000154153","RETREG1"
"Vash1",-1.32946752474742,3.46072959195198,43.350680983068,9.6993518063202e-06,0.000249593514200502,"Vash1",-4.4237694692096,"ENSMUSG00000021256.5",TRUE,"ENSMUSG00000021256","ENSG00000071246","VASH1"
"Fzd4",-0.591618915248689,6.51111175898901,43.2526334429064,9.82279650239138e-06,0.0002521611501902,"Fzd4",-4.4210378478564,"ENSMUSG00000049791.4",TRUE,"ENSMUSG00000049791","ENSG00000174804","FZD4"
"Ephb3",0.689988139062413,5.7212607411901,43.246290272508,9.8308440619961e-06,0.0002521611501902,"Ephb3",4.42086090945725,"ENSMUSG00000005958.15",TRUE,"ENSMUSG00000005958","ENSG00000182580","EPHB3"
"Eya4",-0.944839754479265,3.56844875446981,43.1690932159426,9.92938694637178e-06,0.000254278648322303,"Eya4",-4.41870543539875,"ENSMUSG00000010461.15",FALSE,"ENSMUSG00000010461","ENSG00000112319","EYA4"
"Mmp2",0.453541825478091,12.1685341669767,43.1183007840395,9.99483662215304e-06,0.000255543226369935,"Mmp2",4.41728508749849,"ENSMUSG00000031740.8",FALSE,"ENSMUSG00000031740","ENSG00000087245","MMP2"
"Gbp2",-0.646805500523954,6.93673220346554,43.0712088879673,1.00559564507098e-05,0.000256693218997813,"Gbp2",-4.41596670192046,"ENSMUSG00000028270.12",TRUE,"ENSMUSG00000028270","ENSG00000162645","GBP2"
"Ephb2",0.650340496919253,5.5125482283935,42.9380326504384,1.02311171293826e-05,0.000260745922609889,"Ephb2",4.41223036132212,"ENSMUSG00000028664.14",FALSE,"ENSMUSG00000028664","ENSG00000133216","EPHB2"
"Impdh1",0.606514842908843,5.03118690626253,42.8432596980675,1.03578812041489e-05,0.000263554215663329,"Impdh1",4.40956427769287,"ENSMUSG00000003500.13",TRUE,"ENSMUSG00000003500","ENSG00000106348","IMPDH1"
"Tbx5",-1.08295970308715,3.60796812415349,42.7959833901138,1.04217829215835e-05,0.000264756571568598,"Tbx5",-4.40823209691481,"ENSMUSG00000018263.11",TRUE,"ENSMUSG00000018263","ENSG00000089225","TBX5"
"Pla2g4a",-0.609578666499365,5.23055664879461,42.7309183138699,1.05104634731452e-05,0.000266583573546138,"Pla2g4a",-4.40639620974729,"ENSMUSG00000056220.14",TRUE,"ENSMUSG00000056220","ENSG00000116711","PLA2G4A"
"Adcyap1r1",-0.719152739767166,5.06605748231528,42.6185989596136,1.06655761134996e-05,0.000269665778965183,"Adcyap1r1",-4.40322030510606,"ENSMUSG00000029778.12",FALSE,"ENSMUSG00000029778","ENSG00000078549","ADCYAP1R1"
"Slc20a1",0.630800999677468,5.56673527865502,42.5717815640241,1.07309981554024e-05,0.000270881053437086,"Slc20a1",4.40189400467938,"ENSMUSG00000027397.14",TRUE,"ENSMUSG00000027397","ENSG00000144136","SLC20A1"
"Wif1",1.4395945018077,3.45152311941045,42.5240132506983,1.07982197350824e-05,0.000272145940486554,"Wif1",4.40053924024389,"ENSMUSG00000020218.11",FALSE,"ENSMUSG00000020218","ENSG00000156076","WIF1"
"S1pr1",1.0414489327255,4.15090583172746,42.4540470244361,1.0897545267429e-05,0.000274214655677093,"S1pr1",4.39855212978413,"ENSMUSG00000045092.8",TRUE,"ENSMUSG00000045092","ENSG00000170989","S1PR1"
"P3h3",0.471266489581352,7.57205024237557,42.409526492362,1.09612883300116e-05,0.00027538288832887,"P3h3",4.39728597330493,"ENSMUSG00000023191.9",TRUE,"ENSMUSG00000023191","ENSG00000110811","P3H3"
"Map3k5",-0.742378010617379,4.55323469226798,42.3891111020036,1.09906601380494e-05,0.000275685281033753,"Map3k5",-4.39670491239833,"ENSMUSG00000071369.11",TRUE,"ENSMUSG00000071369","ENSG00000197442","MAP3K5"
"Irf4",-1.24412803259201,3.59118377099804,42.3345966232826,1.10695301716118e-05,0.000277226359557705,"Irf4",-4.39515193551246,"ENSMUSG00000021356.10",TRUE,"ENSMUSG00000021356","ENSG00000137265","IRF4"
"Tgfb3",0.50781423213798,6.50680055587959,42.3111990757475,1.11035783368435e-05,0.0002776418337906,"Tgfb3",4.39448477806235,"ENSMUSG00000021253.7",TRUE,"ENSMUSG00000021253","ENSG00000119699","TGFB3"
"Ntn1",-0.692898294368584,6.67091600605385,42.2502229794161,1.11928718866801e-05,0.000279060491983782,"Ntn1",-4.39274434807144,"ENSMUSG00000020902.12",TRUE,"ENSMUSG00000020902","ENSG00000065320","NTN1"
"Ugcg",0.78301066457852,8.25577312786234,42.2484983498134,1.11954092866536e-05,0.000279060491983782,"Ugcg",4.39269508527053,"ENSMUSG00000028381.8",TRUE,"ENSMUSG00000028381","ENSG00000148154","UGCG"
"Emilin3",1.15965037155572,3.63156542543615,42.1763797168831,1.13021033453279e-05,0.000281279107199922,"Emilin3",4.39063324257764,"ENSMUSG00000050700.11",TRUE,"ENSMUSG00000050700","ENSG00000183798","EMILIN3"
"Glt8d2",-0.778251185704305,4.56330931157706,42.132038516508,1.13682766483905e-05,0.000282483911780241,"Glt8d2",-4.38936377177999,"ENSMUSG00000020251.13",TRUE,"ENSMUSG00000020251","ENSG00000120820","GLT8D2"
"Akap12",-0.586520741079276,6.98505726602609,42.0793075102836,1.14475448440732e-05,0.00028400983721575,"Akap12",-4.38785234154346,"ENSMUSG00000038587.9",TRUE,"ENSMUSG00000038587","ENSG00000131016","AKAP12"
"Myd88",-0.657489816147008,6.60760035960983,41.9524191403668,1.16408796649172e-05,0.000288356556559468,"Myd88",-4.38420746185485,"ENSMUSG00000032508.8",TRUE,"ENSMUSG00000032508","ENSG00000172936","MYD88"
"Rnase10",-1.54078982216181,2.31154071883332,41.888257710528,1.17400515974669e-05,0.000290360871779962,"Rnase10",-4.38236016808218,"ENSMUSG00000021872.8",TRUE,"ENSMUSG00000021872","ENSG00000182545","RNASE10"
"Pigs",0.569353800314721,5.66898423764442,41.7775714850149,1.19134020558925e-05,0.000294190734308787,"Pigs",4.37916662067174,"ENSMUSG00000041958.10",TRUE,"ENSMUSG00000041958","ENSG00000087111","PIGS"
"Mx2",-1.02466533144498,3.96210179241008,41.7274859457147,1.19927983683032e-05,0.000295692205350582,"Mx2",-4.37771872498609,"ENSMUSG00000023341.15",TRUE,"ENSMUSG00000023341","ENSG00000157601","MX1"
"Papln",-1.66210533702095,3.03520318275646,41.5515674895749,1.2276473508467e-05,0.000302217891958438,"Papln",-4.37261922432019,"ENSMUSG00000021223.13",TRUE,"ENSMUSG00000021223","ENSG00000100767","PAPLN"
"Adamts17",1.15006815568759,4.19260995065162,41.5155709626383,1.23354552378953e-05,0.000303200532686629,"Adamts17",4.37157307087108,"ENSMUSG00000058145.16",TRUE,"ENSMUSG00000058145","ENSG00000140470","ADAMTS17"
"C77080",0.866436585334015,4.16856929921158,41.4998536121974,1.23613097556665e-05,0.000303367143586982,"C77080",4.37111599573687,"ENSMUSG00000050390.12",TRUE,"ENSMUSG00000050390","ENSG00000162522","KIAA1522"
"Fzd2",0.581902248384506,5.52723100990564,41.4217485810585,1.24907074072655e-05,0.000306070446683734,"Fzd2",4.36884202980144,"ENSMUSG00000050288.6",TRUE,"ENSMUSG00000050288","ENSG00000180340","FZD2"
"Pdgfrb",0.508793687674855,9.27188114048053,41.4036401673822,1.25209273817896e-05,0.000306338935619384,"Pdgfrb",4.36831419870062,"ENSMUSG00000024620.11",TRUE,"ENSMUSG00000024620","ENSG00000113721","PDGFRB"
"Cfi",1.57562451493224,2.84993174344081,41.2963151813244,1.27017510938205e-05,0.000310285633863328,"Cfi",4.36518105022394,"ENSMUSG00000058952.12",TRUE,"ENSMUSG00000058952","ENSG00000285330",""
"Pde10a",-0.692201811533603,4.4568915478536,41.2338613741615,1.28083407828228e-05,0.000312409575873053,"Pde10a",-4.36335404037315,"ENSMUSG00000023868.17",TRUE,"ENSMUSG00000023868","ENSG00000112541","PDE10A"
"Cldn15",-1.54934228779741,2.68048057677417,41.2125597517891,1.28449285388268e-05,0.000312741280151899,"Cldn15",-4.36273024785761,"ENSMUSG00000001739.14",TRUE,"ENSMUSG00000001739","ENSG00000106404","CLDN15"
"Crtap",0.488008934380587,7.5931482511044,41.203067184827,1.28612712833643e-05,0.000312741280151899,"Crtap",4.3624521644569,"ENSMUSG00000032431.6",TRUE,"ENSMUSG00000032431","ENSG00000170275","CRTAP"
"Pdgfa",0.78381474572742,4.87923722251016,41.0043961800453,1.32087964111455e-05,0.000320212636168365,"Pdgfa",4.35661722665873,"ENSMUSG00000025856.15",TRUE,"ENSMUSG00000025856","ENSG00000197461","PDGFA"
"Plod3",0.493301624356467,7.11043020424071,40.9731054635576,1.32644993268563e-05,0.000321073565898016,"Plod3",4.35569562109736,"ENSMUSG00000004846.10",TRUE,"ENSMUSG00000004846","ENSG00000106397","PLOD3"
"Ang",-0.84433865725098,4.82080927687667,40.9483844872703,1.33086958883763e-05,0.000321653785277884,"Ang",-4.35496701146426,"ENSMUSG00000072115.11",TRUE,"ENSMUSG00000072115","ENSG00000214274","ANG"
"Adgrf5",0.622332047316655,5.27674396179069,40.9018795182679,1.33922928253903e-05,0.000323183054328046,"Adgrf5",4.35359515057235,"ENSMUSG00000056492.6",TRUE,"ENSMUSG00000056492","ENSG00000069122","ADGRF5"
"Timp3",-0.552416706764612,8.49978169347216,40.7954941762781,1.35857853535779e-05,0.000327355673451437,"Timp3",-4.35045093454254,"ENSMUSG00000020044.13",TRUE,"ENSMUSG00000020044","ENSG00000100234","TIMP3"
"Eda2r",0.922613735937219,4.82906671471782,40.7635079953185,1.36445816618413e-05,0.000328275010844573,"Eda2r",4.34950396552124,"ENSMUSG00000034457.10",TRUE,"ENSMUSG00000034457","ENSG00000131080","EDA2R"
"Ndn",-0.625791799251588,6.36686965300337,40.7161322373127,1.37321992361039e-05,0.000329883934217162,"Ndn",-4.34810000067791,"ENSMUSG00000033585.5",TRUE,"ENSMUSG00000033585","ENSG00000182636","NDN"
"Mrc2",0.571353861600827,9.05578450414864,40.6895817413271,1.3781581867137e-05,0.00033057088451445,"Mrc2",4.34731246465136,"ENSMUSG00000020695.14",FALSE,"ENSMUSG00000020695","ENSG00000011028","MRC2"
"Ajap1",-3.50823517115449,0.2476834118879,40.6369397935304,1.38800916669903e-05,0.000332432376174919,"Ajap1",-4.34574947451247,"ENSMUSG00000039546.9",TRUE,"ENSMUSG00000039546","ENSG00000196581","AJAP1"
"Emx2os",-1.24039841669437,2.53114386622526,40.6072927837964,1.39359229830179e-05,0.000333267643908171,"Emx2os",-4.34486832691354,"ENSMUSG00000087095.2",FALSE,"ENSMUSG00000087095",NA,NA
"Stxbp6",-0.742768879165388,5.04491725132121,40.5451053560678,1.4053866187851e-05,0.000335583534512605,"Stxbp6",-4.34301792589643,"ENSMUSG00000046314.16",TRUE,"ENSMUSG00000046314","ENSG00000168952","STXBP6"
"Slc29a1",-0.603793607205503,6.82998764656071,40.5174353896809,1.41067089854335e-05,0.000336340319333357,"Slc29a1",-4.34219367945096,"ENSMUSG00000023942.15",TRUE,"ENSMUSG00000023942","ENSG00000112759","SLC29A1"
"Dcun1d3",-0.721478447639389,4.473256836125,40.2808180508131,1.45679343752833e-05,0.000346494789169437,"Dcun1d3",-4.33512194135117,"ENSMUSG00000048787.13",TRUE,"ENSMUSG00000048787","ENSG00000188215","DCUN1D3"
"Sgce",-0.501220899277572,6.81649132768506,40.2591856161251,1.46109500277633e-05,0.000346494789169437,"Sgce",-4.33447332909399,"ENSMUSG00000004631.15",TRUE,"ENSMUSG00000004631","ENSG00000127990","SGCE"
"Csf2rb2",0.836797957102054,5.18756111204544,40.2578749821421,1.46135608336714e-05,0.000346494789169437,"Csf2rb2",4.3344340206501,"ENSMUSG00000071714.7",TRUE,"ENSMUSG00000071714","ENSG00000100368","CSF2RB"
"Nid1",-0.548531659768738,11.0892027424422,40.2547652987031,1.46197575006409e-05,0.000346494789169437,"Nid1",-4.33434075007932,"ENSMUSG00000005397.8",TRUE,"ENSMUSG00000005397","ENSG00000116962","NID1"
"Efna5",-1.11748759189437,2.73406816307088,40.2106558650949,1.47079769637322e-05,0.000348066901271179,"Efna5",-4.33301696736593,"ENSMUSG00000048915.12",TRUE,"ENSMUSG00000048915","ENSG00000184349","EFNA5"
"Slc39a13",0.518100880055369,6.31247011303674,40.1601039568936,1.48098268231517e-05,0.000349956427887937,"Slc39a13",4.33149803699837,"ENSMUSG00000002105.15",TRUE,"ENSMUSG00000002105","ENSG00000165915","SLC39A13"
"Krt36",-2.22075987159018,1.78378517678518,40.1039395010373,1.49239263859839e-05,0.000352129378807569,"Krt36",-4.32980820631306,"ENSMUSG00000020916.8",TRUE,"ENSMUSG00000020916","ENSG00000126337","KRT36"
"Igsf21",-4.96783980427327,-0.18845344513906,40.0428398944435,1.50491886572215e-05,0.000354558884764138,"Igsf21",-4.32796718158871,"ENSMUSG00000040972.8",TRUE,"ENSMUSG00000040972","ENSG00000117154","IGSF21"
"Stx16",-0.502781554943547,6.06087052702645,40.0053281341621,1.51266849525922e-05,0.000355857501185021,"Stx16",-4.32683549265491,"ENSMUSG00000027522.15",TRUE,"ENSMUSG00000027522","ENSG00000124222","STX16"
"Pxylp1",0.664539323301238,5.24351229890297,39.9209041702001,1.53027638872636e-05,0.000359468026734347,"Pxylp1",4.32428460030855,"ENSMUSG00000043587.15",TRUE,"ENSMUSG00000043587","ENSG00000155893","PXYLP1"
"Gmppb",0.676859148872099,4.89296395393511,39.870490867729,1.54090195060566e-05,0.000361430143369939,"Gmppb",4.3227587579521,"ENSMUSG00000070284.10",TRUE,"ENSMUSG00000070284","ENSG00000173540","GMPPB"
"Blvrb",-0.770055973434562,4.79264389324484,39.7839457397846,1.55933923650542e-05,0.000365216080679612,"Blvrb",-4.32013479184889,"ENSMUSG00000040466.16",TRUE,"ENSMUSG00000040466","ENSG00000090013","BLVRB"
"Il6",-0.767582884532245,9.10276057856274,39.7013086353071,1.57717844243063e-05,0.000368851011323152,"Il6",-4.31762394680017,"ENSMUSG00000025746.11",TRUE,"ENSMUSG00000025746","ENSG00000136244","IL6"
"Gpr153",0.491205941376099,7.35834563078142,39.6503377861693,1.58829741802463e-05,0.000370905930085841,"Gpr153",4.31607262577159,"ENSMUSG00000042804.13",TRUE,"ENSMUSG00000042804","ENSG00000158292","GPR153"
"Cdkn1a",0.464834920931945,7.35535070315178,39.6083328712635,1.59752756262718e-05,0.000372032433674361,"Cdkn1a",4.3147926784946,"ENSMUSG00000023067.14",TRUE,"ENSMUSG00000023067","ENSG00000124762","CDKN1A"
"Rcc2",0.52036652011049,6.08670798909053,39.6070967296787,1.59780011444123e-05,0.000372032433674361,"Rcc2",4.31475499089006,"ENSMUSG00000040945.13",TRUE,"ENSMUSG00000040945","ENSG00000179051","RCC2"
"Calml4",-1.71050295896594,2.20418032343213,39.569601125358,1.60609255052809e-05,0.000373416517997781,"Calml4",-4.3136112587418,"ENSMUSG00000032246.14",TRUE,"ENSMUSG00000032246","ENSG00000129007","CALML4"
"Hist1h2bc",0.728581732717008,4.45195112175141,39.4021170683999,1.64373550177957e-05,0.000381117801620905,"Hist1h2bc",4.30848913430736,"ENSMUSG00000018102.5",FALSE,"ENSMUSG00000018102",NA,NA
"Mt1",-0.607631954911315,8.93024940185326,39.4009145361658,1.6440093813239e-05,0.000381117801620905,"Mt1",-4.3084522784635,"ENSMUSG00000031765.8",TRUE,"ENSMUSG00000031765","ENSG00000125144","MT1G"
"Ddx5",-0.515300519737109,10.4806590283497,39.3633662236525,1.65258726311378e-05,0.000381643184339226,"Ddx5",-4.30730090874165,"ENSMUSG00000020719.14",TRUE,"ENSMUSG00000020719","ENSG00000108654","DDX5"
"Gask1a",-0.718694662596093,4.43849830807753,39.3600490178018,1.6533475198887e-05,0.000381643184339226,"Gask1a",-4.3071991379138,"ENSMUSG00000038233.9",FALSE,"ENSMUSG00000038233","ENSG00000144649","GASK1A"
"Duox1",-0.950074707830458,4.97779903765303,39.3594922783457,1.65347515569217e-05,0.000381643184339226,"Duox1",-4.30718205647829,"ENSMUSG00000033268.8",FALSE,"ENSMUSG00000033268","ENSG00000137857","DUOX1"
"Nrp2",0.699103905952205,6.0241398449908,39.322004792299,1.6620952188305e-05,0.000383076815435673,"Nrp2",4.30603133634687,"ENSMUSG00000025969.15",TRUE,"ENSMUSG00000025969","ENSG00000118257","NRP2"
"Steap2",0.793124437714742,5.19875705936425,39.1740996997063,1.69660749160698e-05,0.000390465252373744,"Steap2",4.3014804448671,"ENSMUSG00000015653.13",TRUE,"ENSMUSG00000015653","ENSG00000157214","STEAP2"
"Frmd7",-1.68896534685566,1.92986396948378,39.1419401325698,1.70421905958293e-05,0.000391497258010837,"Frmd7",-4.30048864269457,"ENSMUSG00000036131.12",FALSE,"ENSMUSG00000036131","ENSG00000165694","FRMD7"
"Srsf5",-0.582551429287792,8.46287855717352,39.1343750269454,1.70601521600648e-05,0.000391497258010837,"Srsf5",-4.30025521565751,"ENSMUSG00000021134.17",TRUE,"ENSMUSG00000021134","ENSG00000100650","SRSF5"
"Amn",2.11183907722398,1.47707842138684,39.0601741755469,1.72374704544063e-05,0.000394996387084183,"Amn",4.2979632873083,"ENSMUSG00000021278.7",TRUE,"ENSMUSG00000021278","ENSG00000166126","AMN"
"Cyp2j9",-0.98368715330092,3.99325971957077,39.0364848027555,1.72945218129667e-05,0.000395733496966344,"Cyp2j9",-4.29723064513557,"ENSMUSG00000015224.10",TRUE,"ENSMUSG00000015224","ENSG00000134716","CYP2J2"
"Colec12",0.50368269348368,8.10909225054449,38.926703957204,1.75617272348087e-05,0.000401270327895349,"Colec12",4.29382961061444,"ENSMUSG00000036103.9",TRUE,"ENSMUSG00000036103","ENSG00000158270","COLEC12"
"Dpyd",-1.13886698079491,3.26607610014922,38.8444775990638,1.77649420744667e-05,0.000404923009945507,"Dpyd",-4.29127590778035,"ENSMUSG00000033308.16",FALSE,"ENSMUSG00000033308","ENSG00000188641","DPYD"
"Tmem86a",0.596273021725215,5.14533151058851,38.841435225163,1.77725121638662e-05,0.000404923009945507,"Tmem86a",4.2911813167698,"ENSMUSG00000010307.7",TRUE,"ENSMUSG00000010307","ENSG00000151117","TMEM86A"
"Kank1",-0.711861313209252,4.69181038018362,38.7505488049202,1.80003581369411e-05,0.000409135370866389,"Kank1",-4.28835211651456,"ENSMUSG00000032702.16",TRUE,"ENSMUSG00000032702","ENSG00000107104","KANK1"
"Lgals9",-0.46838985501517,6.92001770967794,38.7471863287144,1.8008851135413e-05,0.000409135370866389,"Lgals9",-4.28824731843844,"ENSMUSG00000001123.15",TRUE,"ENSMUSG00000001123","ENSG00000249861","LGALS16"
"Scarf2",0.510498732461397,7.23356879439572,38.7094356731308,1.81045158278179e-05,0.000410721990313536,"Scarf2",4.28707011962862,"ENSMUSG00000012017.4",TRUE,"ENSMUSG00000012017","ENSG00000244486","SCARF2"
"Ptprf",0.743684525391641,5.58109027289784,38.6618912667274,1.82258224292611e-05,0.000412884977339799,"Ptprf",4.28558587749747,"ENSMUSG00000033295.14",TRUE,"ENSMUSG00000033295","ENSG00000142949","PTPRF"
"Gm31378",-1.69845356203505,2.04669623060536,38.595581922847,1.83965533719154e-05,0.000416159869521438,"Gm31378",-4.28351277137306,"ENSMUSG00000111488.1",FALSE,"ENSMUSG00000111488",NA,NA
"Serpinh1",0.452710060558377,11.0396731289728,38.5671988380419,1.84701884812966e-05,0.000417232112809745,"Serpinh1",4.28262430615618,"ENSMUSG00000070436.12",TRUE,"ENSMUSG00000070436","ENSG00000149257","SERPINH1"
"Ppic",0.440560489279679,8.70406003851606,38.5556526934785,1.85002388678133e-05,0.000417318154205441,"Ppic",4.28226269384733,"ENSMUSG00000024538.8",TRUE,"ENSMUSG00000024538","ENSG00000168938","PPIC"
"Cemip2",0.738953806961273,4.75702590356195,38.5021453541887,1.8640226763455e-05,0.000419880348752443,"Cemip2",4.28058548528757,"ENSMUSG00000024754.13",TRUE,"ENSMUSG00000024754","ENSG00000135048","CEMIP2"
"Tmem132a",0.640552666855942,4.8232992832179,38.4514416436531,1.87739923131072e-05,0.000422295332044333,"Tmem132a",4.2789939999959,"ENSMUSG00000024736.15",TRUE,"ENSMUSG00000024736","ENSG00000006118","TMEM132A"
"Foxf1",0.836503198362821,3.91337549117687,38.4317431941302,1.88262545742336e-05,0.000422716326750674,"Foxf1",4.27837513871506,"ENSMUSG00000042812.5",TRUE,"ENSMUSG00000042812","ENSG00000103241","FOXF1"
"Zfp36",-0.477611860325973,11.4377467324033,38.4243657648815,1.88458703179417e-05,0.000422716326750674,"Zfp36",-4.2781432820252,"ENSMUSG00000044786.6",TRUE,"ENSMUSG00000044786","ENSG00000128016","ZFP36"
"Fuca2",0.723659438430441,4.88405766453434,38.4004975115212,1.89094927156024e-05,0.00042295029909455,"Fuca2",4.27739284851684,"ENSMUSG00000019810.15",TRUE,"ENSMUSG00000019810","ENSG00000001036","FUCA2"
"Dact2",-1.08859485560168,4.327578205015,38.3799268695821,1.89645211448961e-05,0.00042358536484169,"Dact2",-4.27674571893937,"ENSMUSG00000048826.7",FALSE,"ENSMUSG00000048826","ENSG00000164488","DACT2"
"Tacc2",-0.525873989011512,5.52821234772655,38.3260707791663,1.91094559785897e-05,0.000426223952913761,"Tacc2",-4.27504981854405,"ENSMUSG00000030852.17",TRUE,"ENSMUSG00000030852","ENSG00000138162","TACC2"
"Klf4",-0.54720448892137,10.7431077538638,38.3031180641049,1.91716077138713e-05,0.000427011312988368,"Klf4",-4.27432632365057,"ENSMUSG00000003032.8",TRUE,"ENSMUSG00000003032","ENSG00000136826","KLF4"
"1810010H24Rik",-1.85477885654179,2.39576797774119,38.2479375028149,1.93219694840647e-05,0.00042975843455256,"1810010H24Rik",-4.27258519271611,"ENSMUSG00000078607.5",TRUE,"ENSMUSG00000078607","ENSG00000186665","C17orf58"
"Ifrd1",-0.771636001738396,8.14095906500891,38.1885121017046,1.94853999416714e-05,0.000432788149821789,"Ifrd1",-4.27070730673501,"ENSMUSG00000001627.12",TRUE,"ENSMUSG00000001627","ENSG00000006652","IFRD1"
"Duoxa1",-0.833432190517178,4.12349472523071,38.147234907159,1.95998449084641e-05,0.000434722919915347,"Duoxa1",-4.26940119407764,"ENSMUSG00000027224.14",TRUE,"ENSMUSG00000027224","ENSG00000140254","DUOXA1"
"Neat1",-0.555370817188684,6.85757418702274,38.100590364584,1.97300924321684e-05,0.000437002311906371,"Neat1",-4.26792354095619,"ENSMUSG00000092274.3",TRUE,"ENSMUSG00000092274",NA,NA
"Col22a1",3.07198138709372,1.55687315346764,38.0181384349135,1.99627417828167e-05,0.000441540309557906,"Col22a1",4.26530710926158,"ENSMUSG00000079022.10",TRUE,"ENSMUSG00000079022",NA,NA
"Nfib",-0.466171356911758,7.117084071501,37.9792300729721,2.00736094364641e-05,0.000443375848427901,"Nfib",-4.26407046421678,"ENSMUSG00000008575.17",TRUE,"ENSMUSG00000008575","ENSG00000147862","NFIB"
"Tnfrsf10b",0.897179140540663,3.1899815849648,37.952018833614,2.01515628073984e-05,0.000444480309744877,"Tnfrsf10b",4.26320484129052,"ENSMUSG00000022074.6",TRUE,"ENSMUSG00000022074","ENSG00000157873","TNFRSF14"
"Cxcl12",0.714354359798218,10.3678645386585,37.9369669674487,2.01948304877794e-05,0.000444817713638719,"Cxcl12",4.26272575610441,"ENSMUSG00000061353.11",TRUE,"ENSMUSG00000061353","ENSG00000107562","CXCL12"
"Lrrc8b",-0.803540532570457,4.03024606301596,37.7461643553926,2.07525661535047e-05,0.000456470345144102,"Lrrc8b",-4.25663616835362,"ENSMUSG00000070639.5",TRUE,"ENSMUSG00000070639","ENSG00000197147","LRRC8B"
"Igfbp7",0.462978083590392,9.82404769326148,37.6869872285471,2.09290910552897e-05,0.00045971731360811,"Igfbp7",4.25474123559995,"ENSMUSG00000036256.13",TRUE,"ENSMUSG00000036256","ENSG00000163453","IGFBP7"
"Rin1",1.61368218512105,2.56724438051338,37.5430789371796,2.1365539752296e-05,0.000468656798180363,"Rin1",4.25012065253912,"ENSMUSG00000024883.8",TRUE,"ENSMUSG00000024883","ENSG00000174791","RIN1"
"Ociad2",0.73338058464717,4.18410950330173,37.4989910227293,2.15013153527567e-05,0.000470985424318029,"Ociad2",4.24870154209609,"ENSMUSG00000029153.11",FALSE,"ENSMUSG00000029153","ENSG00000145247","OCIAD2"
"Slc15a3",0.743215107646263,4.1435193164364,37.4771582724335,2.15689158374008e-05,0.000471816325395028,"Slc15a3",4.24799816784033,"ENSMUSG00000024737.2",TRUE,"ENSMUSG00000024737","ENSG00000110446","SLC15A3"
"Col27a1",0.516639680422045,6.68747156106273,37.3462154057544,2.19794612552457e-05,0.000480051781318152,"Col27a1",4.24377104020783,"ENSMUSG00000045672.15",TRUE,"ENSMUSG00000045672","ENSG00000196739","COL27A1"
"Zmat3",0.735521908466369,5.34119397404649,37.337919518909,2.2005769262462e-05,0.000480051781318152,"Zmat3",4.24350273199088,"ENSMUSG00000027663.12",TRUE,"ENSMUSG00000027663","ENSG00000172667","ZMAT3"
"Prkacb",0.51463738655291,7.06238226882954,37.3119216675339,2.20884461987871e-05,0.000481195287533302,"Prkacb",4.24266151536681,"ENSMUSG00000005034.15",TRUE,"ENSMUSG00000005034","ENSG00000142875","PRKACB"
"Bmp4",-0.808481743208494,3.73687609197929,37.2863590785946,2.2170083563164e-05,0.000482313049117644,"Bmp4",-4.24183381164893,"ENSMUSG00000021835.15",TRUE,"ENSMUSG00000021835","ENSG00000125378","BMP4"
"S1pr3",0.47299905036823,6.15246653452711,37.1944067760098,2.24665953083406e-05,0.000488075462829877,"S1pr3",4.23885175031724,"ENSMUSG00000067586.4",TRUE,"ENSMUSG00000067586","ENSG00000213694","S1PR3"
"Stab1",1.14258128093314,4.05442084748256,37.1852584212431,2.24963412094762e-05,0.000488075462829877,"Stab1",4.23855466190121,"ENSMUSG00000042286.13",TRUE,"ENSMUSG00000042286","ENSG00000010327","STAB1"
"Carhsp1",-0.457459576383713,7.18790990071289,37.1649523802752,2.25625265510568e-05,0.000488844495560568,"Carhsp1",-4.23789497219778,"ENSMUSG00000008393.9",TRUE,"ENSMUSG00000008393","ENSG00000153048","CARHSP1"
"Fkbp5",0.659874850019826,5.66050692256088,37.1400755328833,2.26439119971827e-05,0.000489940316314554,"Fkbp5",4.23708629848306,"ENSMUSG00000024222.17",TRUE,"ENSMUSG00000024222","ENSG00000096060","FKBP5"
"Fads3",0.626637027019692,5.59776007567927,37.1139265232753,2.27298195033895e-05,0.000491130868970656,"Fads3",4.23623568744835,"ENSMUSG00000024664.5",TRUE,"ENSMUSG00000024664","ENSG00000221968","FADS3"
"Gm15674",-1.76982008504922,1.63507284089371,37.0854359169751,2.28238421113587e-05,0.000492493298638993,"Gm15674",-4.23530822457793,"ENSMUSG00000087691.1",FALSE,"ENSMUSG00000087691",NA,NA
"Azin1",-0.62943932342215,6.97134609181994,37.0151711926458,2.30576212626164e-05,0.000496469045258242,"Azin1",-4.2330178342634,"ENSMUSG00000037458.15",TRUE,"ENSMUSG00000037458","ENSG00000155096","AZIN1"
"Mbp",-1.0692680962304,4.73688529339052,37.0113152351801,2.3070529110598e-05,0.000496469045258242,"Mbp",-4.23289201766703,"ENSMUSG00000041607.17",TRUE,"ENSMUSG00000041607","ENSG00000197971","MBP"
"Inava",1.64191348241103,1.82467837478247,36.9435213494898,2.32988175388589e-05,0.000500704182865505,"Inava",4.23067782243464,"ENSMUSG00000041605.16",FALSE,"ENSMUSG00000041605","ENSG00000163362","INAVA"
"Zbtb7c",0.720887378749618,4.60083977373741,36.9127082474077,2.3403425719115e-05,0.000502273521202544,"Zbtb7c",4.22967010509289,"ENSMUSG00000044646.15",TRUE,"ENSMUSG00000044646","ENSG00000184828","ZBTB7C"
"Lmo2",-0.863758735328267,4.76617884230791,36.8796877057082,2.35161213974666e-05,0.000503468040722726,"Lmo2",-4.2285892635005,"ENSMUSG00000032698.15",TRUE,"ENSMUSG00000032698","ENSG00000135363","LMO2"
"Angpt2",0.697441268088826,4.43125711634232,36.877852834245,2.35224017013762e-05,0.000503468040722726,"Angpt2",4.22852917545089,"ENSMUSG00000031465.6",TRUE,"ENSMUSG00000031465","ENSG00000091879","ANGPT2"
"Ncoa1",-0.567469775701054,5.78878156956626,36.801359630527,2.37859240662836e-05,0.000508424126916811,"Ncoa1",-4.22602153293431,"ENSMUSG00000020647.10",TRUE,"ENSMUSG00000020647","ENSG00000084676","NCOA1"
"Fkbp11",0.614633436161859,4.73878290201495,36.7554360736345,2.39457451637026e-05,0.000511153268910554,"Fkbp11",4.22451354369844,"ENSMUSG00000003355.7",FALSE,"ENSMUSG00000003355","ENSG00000134285","FKBP11"
"Fgf23",-1.71602705160699,2.21652410535423,36.6796868395658,2.42120404640341e-05,0.000515498706132001,"Fgf23",-4.22202206160603,"ENSMUSG00000000182.9",TRUE,"ENSMUSG00000000182","ENSG00000118972","FGF23"
"Naglu",0.479277808400179,6.30514073789372,36.6790922287342,2.421414409109e-05,0.000515498706132001,"Naglu",4.22200248387177,"ENSMUSG00000001751.9",TRUE,"ENSMUSG00000001751","ENSG00000108784","NAGLU"
"Tiam2",0.689730036164329,4.03123962802868,36.566909283917,2.46147725829219e-05,0.000523327176986908,"Tiam2",4.21830315776852,"ENSMUSG00000023800.15",TRUE,"ENSMUSG00000023800","ENSG00000146426","TIAM2"
"Ctxn1",1.51172171694495,2.16012867376345,36.5501795418059,2.46751615472477e-05,0.000523885202847682,"Ctxn1",4.21775051189221,"ENSMUSG00000048644.8",FALSE,"ENSMUSG00000048644","ENSG00000178531","CTXN1"
"AU020206",0.842396514033333,3.84658494696682,36.5414043572269,2.47069044919677e-05,0.000523885202847682,"AU020206",4.21746053400312,"ENSMUSG00000097415.2",TRUE,"ENSMUSG00000097415",NA,NA
"Foxs1",1.12346681019928,3.07950220389109,36.4732477315399,2.49550385233604e-05,0.000528442047452729,"Foxs1",4.21520591899801,"ENSMUSG00000074676.2",TRUE,"ENSMUSG00000074676","ENSG00000179772","FOXS1"
"Mmd2",-4.9411092022618,0.4012221996087,36.4519390011794,2.50331967292538e-05,0.000529392190937929,"Mmd2",-4.2145001670227,"ENSMUSG00000039533.8",TRUE,"ENSMUSG00000039533","ENSG00000136297","MMD2"
"Itpkc",-0.708514715289302,4.9149969092489,36.4153397797478,2.51680895350394e-05,0.000531538018427267,"Itpkc",-4.21328702970557,"ENSMUSG00000003752.9",TRUE,"ENSMUSG00000003752","ENSG00000086544","ITPKC"
"Gucy1a1",0.620128947888726,6.2773704451533,36.3930467027897,2.52506596445112e-05,0.000532574589292654,"Gucy1a1",4.21254749636323,"ENSMUSG00000033910.13",TRUE,"ENSMUSG00000033910","ENSG00000164116","GUCY1A1"
"Rorb",-1.53167769537143,1.91575103130122,36.3620367536709,2.53660285794853e-05,0.000534098983543994,"Rorb",-4.21151804581529,"ENSMUSG00000036192.15",FALSE,"ENSMUSG00000036192","ENSG00000198963","RORB"
"Plekhb2",0.629531929095788,5.06758408104996,36.3555856367655,2.5390104480869e-05,0.000534098983543994,"Plekhb2",4.21130377550107,"ENSMUSG00000026123.11",TRUE,"ENSMUSG00000026123","ENSG00000115762","PLEKHB2"
"Adamtsl5",-0.6498589275327,5.46725350748731,36.2964009766708,2.56122018762474e-05,0.00053759979454753,"Adamtsl5",-4.20933622111282,"ENSMUSG00000043822.18",TRUE,"ENSMUSG00000043822","ENSG00000185761","ADAMTSL5"
"Col5a3",0.560562079501553,11.6588114835738,36.2932371467614,2.56241365947952e-05,0.00053759979454753,"Col5a3",4.20923095180541,"ENSMUSG00000004098.7",FALSE,"ENSMUSG00000004098","ENSG00000080573","COL5A3"
"Elovl6",-0.77640702542903,4.53436622586936,36.2682863646567,2.57184788308623e-05,0.000538868206649806,"Elovl6",-4.20840045060334,"ENSMUSG00000041220.10",TRUE,"ENSMUSG00000041220","ENSG00000170522","ELOVL6"
"Tmc6",0.676248611374361,4.9238839583754,36.2501098767783,2.57874553097569e-05,0.000539602502356663,"Tmc6",4.20779507761629,"ENSMUSG00000025572.17",TRUE,"ENSMUSG00000025572","ENSG00000141524","TMC6"
"Enpp1",0.615436370593837,5.03185048497584,36.1479298422831,2.61791482599492e-05,0.000547078836764747,"Enpp1",4.20438631136982,"ENSMUSG00000037370.13",TRUE,"ENSMUSG00000037370","ENSG00000197594","ENPP1"
"L3mbtl3",0.639520504211489,4.97753745405229,36.1167232635438,2.63001200516871e-05,0.000548885576354305,"L3mbtl3",4.20334333641814,"ENSMUSG00000039089.15",TRUE,"ENSMUSG00000039089","ENSG00000198945","L3MBTL3"
"Cnn2",0.472318308499871,5.90757707287489,36.0060244147505,2.67343992840208e-05,0.000557217761223831,"Cnn2",4.19963635672908,"ENSMUSG00000004665.10",TRUE,"ENSMUSG00000004665","ENSG00000064666","CNN2"
"Dapk1",-0.522187210656659,7.62473151720104,35.957627532916,2.6926821746719e-05,0.000560493777798525,"Dapk1",-4.19801212527675,"ENSMUSG00000021559.14",TRUE,"ENSMUSG00000021559","ENSG00000196730","DAPK1"
"Wnt5a",-0.798408063697303,5.15910032010411,35.9021699682866,2.71492565063084e-05,0.000564385132313494,"Wnt5a",-4.19614825838966,"ENSMUSG00000021994.15",FALSE,"ENSMUSG00000021994","ENSG00000114251","WNT5A"
"Gpr88",1.0430401994243,2.64359143899796,35.848792368764,2.73653245505132e-05,0.000568134146640746,"Gpr88",4.19435159206291,"ENSMUSG00000068696.6",FALSE,"ENSMUSG00000068696","ENSG00000181656","GPR88"
"Cxcl14",0.491859390573009,8.71382588159097,35.7763067729851,2.76618787996106e-05,0.000573542188461809,"Cxcl14",4.19190749800773,"ENSMUSG00000021508.11",FALSE,"ENSMUSG00000021508","ENSG00000145824","CXCL14"
"Prokr1",-1.09931277838492,2.93771965791729,35.7171858619377,2.79064634765066e-05,0.000577860011285007,"Prokr1",-4.18991039324513,"ENSMUSG00000049409.9",TRUE,"ENSMUSG00000049409",NA,NA
"Gm36377",1.48098510168963,1.83509487400072,35.6952966119816,2.7997643085402e-05,0.000578994171634784,"Gm36377",4.18917014114327,"ENSMUSG00000113909.1",FALSE,"ENSMUSG00000113909",NA,NA
"Dnajb4",-0.535301648709161,6.94076309134481,35.681131763585,2.80568272999263e-05,0.000579464577338608,"Dnajb4",-4.18869087303219,"ENSMUSG00000028035.13",TRUE,"ENSMUSG00000028035","ENSG00000162616","DNAJB4"
"Prkar2b",0.73867705862997,4.10317942024457,35.6335359989374,2.82567390099892e-05,0.000582836472731334,"Prkar2b",4.18707908342437,"ENSMUSG00000002997.15",TRUE,"ENSMUSG00000002997","ENSG00000005249","PRKAR2B"
"Pfkp",-0.468577458356172,6.29234325773657,35.6021092507602,2.83896256385799e-05,0.000584818933329451,"Pfkp",-4.18601367135266,"ENSMUSG00000021196.14",TRUE,"ENSMUSG00000021196","ENSG00000067057","PFKP"
"Vit",-1.03923952133533,4.18599122340782,35.5259441360425,2.87146457622629e-05,0.000590749044705391,"Vit",-4.18342768534077,"ENSMUSG00000024076.10",FALSE,"ENSMUSG00000024076","ENSG00000205221","VIT"
"Sox10",-1.7340946234918,2.40922589712291,35.4135253399926,2.92021353483689e-05,0.000600002013494974,"Sox10",-4.17960072749061,"ENSMUSG00000033006.10",TRUE,"ENSMUSG00000033006","ENSG00000100146","SOX10"
"Eda",-0.761028398944232,4.33273376909727,35.398331479739,2.92687408728943e-05,0.00060059456271179,"Eda",-4.17908257388669,"ENSMUSG00000059327.9",TRUE,"ENSMUSG00000059327","ENSG00000158813","EDA"
"Rtn4rl2",1.29234105904136,2.78069247607536,35.3880210528882,2.93140372399251e-05,0.000600748884312537,"Rtn4rl2",4.17873083347417,"ENSMUSG00000050896.12",TRUE,"ENSMUSG00000050896","ENSG00000186907","RTN4RL2"
"Sncg",0.910427715389352,3.16784952645542,35.3464037445487,2.94976850854949e-05,0.000602090668590695,"Sncg",4.17731002394106,"ENSMUSG00000023064.4",TRUE,"ENSMUSG00000023064","ENSG00000173267","SNCG"
"Stx1b",-1.03417636879936,2.8548047664939,35.3458874859947,2.94999714216793e-05,0.000602090668590695,"Stx1b",-4.17729238852116,"ENSMUSG00000030806.6",TRUE,"ENSMUSG00000030806","ENSG00000099365","STX1B"
"Aldh1l2",0.850358863539286,4.76833769213105,35.343493872744,2.9510574567021e-05,0.000602090668590695,"Aldh1l2",4.17721061922506,"ENSMUSG00000020256.14",TRUE,"ENSMUSG00000020256","ENSG00000136010","ALDH1L2"
"Ebf3",-0.499987858554304,5.80767672411644,35.3343993517769,2.95509007052706e-05,0.000602090668590695,"Ebf3",-4.17689988711702,"ENSMUSG00000010476.14",TRUE,"ENSMUSG00000010476","ENSG00000108001","EBF3"
"Nmt2",-0.497470415382045,5.8092407983179,35.3233372503584,2.96000358315846e-05,0.000602090668590695,"Nmt2",-4.17652182181431,"ENSMUSG00000026643.16",TRUE,"ENSMUSG00000026643","ENSG00000152465","NMT2"
"Map3k8",-0.602121399740902,5.45113854904994,35.32065484947,2.96119643891752e-05,0.000602090668590695,"Map3k8",-4.17643012871013,"ENSMUSG00000024235.11",TRUE,"ENSMUSG00000024235","ENSG00000107968","MAP3K8"
"Socs2",0.510359387428902,5.34648585980697,35.3133375377767,2.96445320698305e-05,0.000602090668590695,"Socs2",4.17617996429626,"ENSMUSG00000020027.18",TRUE,"ENSMUSG00000020027","ENSG00000120833","SOCS2"
"Tmem98",0.771166941831823,4.86360263768146,35.2535354439988,2.99122299658916e-05,0.00060675279738211,"Tmem98",4.17413351973156,"ENSMUSG00000035413.8",TRUE,"ENSMUSG00000035413","ENSG00000006042","TMEM98"
"Gm42047",0.897256960584305,4.55224383387826,35.1715856241168,3.02835474524108e-05,0.000613502235841642,"Gm42047",4.17132357555537,"ENSMUSG00000110631.1",TRUE,"ENSMUSG00000110631",NA,NA
"Adamts3",0.891430966423178,3.54902472778514,35.1556315953061,3.03564438691443e-05,0.000614196599047076,"Adamts3",4.17077577949807,"ENSMUSG00000043635.12",FALSE,"ENSMUSG00000043635","ENSG00000156140","ADAMTS3"
"C1qtnf7",0.52848941904659,5.9326289453834,35.0740915818719,3.07321437828609e-05,0.000621007982946426,"C1qtnf7",4.167972175215,"ENSMUSG00000061535.11",FALSE,"ENSMUSG00000061535","ENSG00000163145","C1QTNF7"
"Bcr",0.43114037042337,6.7798190967067,35.041119476514,3.08855640798729e-05,0.000622782346280613,"Bcr",4.16683665499523,"ENSMUSG00000009681.10",TRUE,"ENSMUSG00000009681","ENSG00000186716","BCR"
"Ehbp1",-0.470684630403449,5.75797677551325,35.0383178562208,3.08986402179293e-05,0.000622782346280613,"Ehbp1",-4.1667401217122,"ENSMUSG00000042302.14",TRUE,"ENSMUSG00000042302","ENSG00000115504","EHBP1"
"Socs3",-0.427141367631855,10.3983532114397,35.0300134991346,3.09374365567304e-05,0.000622782346280613,"Socs3",-4.16645393990231,"ENSMUSG00000053113.3",TRUE,"ENSMUSG00000053113","ENSG00000184557","SOCS3"
"Mmp14",0.440220076055685,10.8117167434483,35.0183478059796,3.09920300278242e-05,0.000623092608764208,"Mmp14",4.16605180735035,"ENSMUSG00000000957.11",FALSE,"ENSMUSG00000000957","ENSG00000157227","MMP14"
"Pkig",0.593751184159597,4.63732456105446,34.9258573002058,3.14287696180258e-05,0.000631075408125587,"Pkig",4.16285882620369,"ENSMUSG00000035268.14",TRUE,"ENSMUSG00000035268","ENSG00000168734","PKIG"
"Nupr1",0.47554195685531,7.26312242593634,34.9144783421024,3.1482983004154e-05,0.000631366807963508,"Nupr1",4.16246542034467,"ENSMUSG00000030717.9",TRUE,"ENSMUSG00000030717","ENSG00000176046","NUPR1"
"Kctd10",0.464446997089313,5.90667898336306,34.846596736105,3.18086136260235e-05,0.000637093680723742,"Kctd10",4.16011590117015,"ENSMUSG00000001098.15",TRUE,"ENSMUSG00000001098","ENSG00000110906","KCTD10"
"Tpbgl",-1.6431215031686,2.09727479225904,34.8006192264827,3.20313456410486e-05,0.000640747785823391,"Tpbgl",-4.15852195094113,"ENSMUSG00000096606.2",TRUE,"ENSMUSG00000096606","ENSG00000261594","TPBGL"
"Pkd1l2",-2.54628319554911,0.79210704330325,34.7402099056409,3.23266924720469e-05,0.000645843455254977,"Pkd1l2",-4.15642450581793,"ENSMUSG00000034416.18",FALSE,"ENSMUSG00000034416","ENSG00000166473","PKD1L2"
"Ripk1",-0.584207504009282,6.54854191796439,34.7304984604004,3.23744610715067e-05,0.000645986266524682,"Ripk1",-4.15608698222602,"ENSMUSG00000021408.15",TRUE,"ENSMUSG00000021408","ENSG00000137275","RIPK1"
"Ncs1",0.789724953393343,4.71660407536991,34.6816330908416,3.26160415096972e-05,0.000649991112943251,"Ncs1",4.1543872358527,"ENSMUSG00000062661.6",TRUE,"ENSMUSG00000062661","ENSG00000107130","NCS1"
"Egr1",-0.425255701108856,12.0689443608232,34.6107135308067,3.29703098673802e-05,0.00065622883331783,"Egr1",-4.15191612988788,"ENSMUSG00000038418.7",TRUE,"ENSMUSG00000038418","ENSG00000120738","EGR1"
"Htr2a",-0.946789943930423,3.483512024392,34.5806844759221,3.31216331458436e-05,0.000658416664897939,"Htr2a",-4.15086829380355,"ENSMUSG00000034997.5",TRUE,"ENSMUSG00000034997","ENSG00000102468","HTR2A"
"Sp110",-0.72956919523658,3.92567573078449,34.5708864318194,3.31711785523504e-05,0.000658578342719136,"Sp110",-4.15052620533773,"ENSMUSG00000070034.13",TRUE,"ENSMUSG00000070034","ENSG00000135899","SP110"
"Pir",-0.878209094222983,3.29507543190305,34.5086845338075,3.34876860663457e-05,0.000663179690093631,"Pir",-4.14835225153514,"ENSMUSG00000031379.13",TRUE,"ENSMUSG00000031379","ENSG00000087842","PIR"
"Lima1",-0.453555753071558,9.22946195655937,34.5008014113737,3.35280431890385e-05,0.000663179690093631,"Lima1",-4.14807646004906,"ENSMUSG00000023022.14",TRUE,"ENSMUSG00000023022","ENSG00000050405","LIMA1"
"Ecscr",0.792488803420589,5.44188709617506,34.3876291662065,3.41135621151342e-05,0.000673922954431031,"Ecscr",4.14411023916934,"ENSMUSG00000073599.10",TRUE,"ENSMUSG00000073599","ENSG00000279686",""
"Sel1l3",-1.1330546345239,2.87556053070421,34.3145520665533,3.44978195019688e-05,0.000680668515558077,"Sel1l3",-4.14154232551165,"ENSMUSG00000029189.10",TRUE,"ENSMUSG00000029189","ENSG00000091490","SEL1L3"
"Vegfc",0.642126716281268,4.29340225127013,34.2802407812443,3.46799335244957e-05,0.000681897165018459,"Vegfc",4.14033476909396,"ENSMUSG00000031520.6",TRUE,"ENSMUSG00000031520","ENSG00000150630","VEGFC"
"Tubb2b",0.502001056812533,6.04698395463129,34.2753981517917,3.47057247089869e-05,0.000681897165018459,"Tubb2b",4.14016424070574,"ENSMUSG00000045136.6",FALSE,"ENSMUSG00000045136","ENSG00000137285","TUBB2B"
"Pmp22",-0.447394093408819,8.26700092896558,34.275356996616,3.47059439893221e-05,0.000681897165018459,"Pmp22",-4.14016279136507,"ENSMUSG00000018217.12",TRUE,"ENSMUSG00000018217","ENSG00000109099","PMP22"
"Dusp6",0.501837109677014,5.59757385883014,34.2705430300727,3.4731604330312e-05,0.000681897165018459,"Dusp6",4.13999324851327,"ENSMUSG00000019960.8",TRUE,"ENSMUSG00000019960","ENSG00000139318","DUSP6"
"Hecw2",-0.898939045110835,3.41672336890848,34.188034923718,3.51747772371754e-05,0.000689135285055086,"Hecw2",-4.13708373603165,"ENSMUSG00000042807.15",TRUE,"ENSMUSG00000042807","ENSG00000138411","HECW2"
"Azin2",0.720503514960889,4.32656021408205,34.1857878516466,3.51869365191932e-05,0.000689135285055086,"Azin2",4.13700439973719,"ENSMUSG00000028789.16",TRUE,"ENSMUSG00000028789","ENSG00000142920","AZIN2"
"Adam22",-0.947830199073463,3.66605570298577,34.1657192984639,3.52957430976191e-05,0.0006904159932121,"Adam22",-4.13629562044365,"ENSMUSG00000040537.17",TRUE,"ENSMUSG00000040537","ENSG00000008277","ADAM22"
"Ajuba",0.645142616275628,4.30167722787294,34.1200420645693,3.55448232963525e-05,0.000694434060051466,"Ajuba",4.13468086184743,"ENSMUSG00000022178.11",TRUE,"ENSMUSG00000022178","ENSG00000129474","AJUBA"
"Fam110b",0.756441806953134,4.10616722176587,33.9662287920065,3.63983966550885e-05,0.00071023767117285,"Fam110b",4.12922759289623,"ENSMUSG00000049119.14",TRUE,"ENSMUSG00000049119","ENSG00000169122","FAM110B"
"Tln2",0.713436679889513,5.88569876787056,33.8532318670755,3.7040328590967e-05,0.000721554791950346,"Tln2",4.1252058666081,"ENSMUSG00000052698.15",TRUE,"ENSMUSG00000052698","ENSG00000171914","TLN2"
"Acta2",0.626242328436084,7.78709614098762,33.8482155754341,3.70691231228971e-05,0.000721554791950346,"Acta2",4.12502702252207,"ENSMUSG00000035783.9",TRUE,"ENSMUSG00000035783","ENSG00000107796","ACTA2"
"Mboat1",0.888588239428011,3.22394343814369,33.7810811409817,3.74569494592799e-05,0.000728212551651501,"Mboat1",4.12263098236681,"ENSMUSG00000038732.15",TRUE,"ENSMUSG00000038732","ENSG00000172197","MBOAT1"
"Asb4",-2.03864231076515,1.72496023433041,33.7375553513878,3.77108578942989e-05,0.000731926553317883,"Asb4",-4.12107502816784,"ENSMUSG00000042607.15",TRUE,"ENSMUSG00000042607","ENSG00000005981","ASB4"
"Gm12688",-4.15243722996402,-0.497916287442597,33.7325751140595,3.77400348186294e-05,0.000731926553317883,"Gm12688",-4.12089686910171,"ENSMUSG00000086096.1",TRUE,"ENSMUSG00000086096",NA,NA
"Sh3pxd2a",0.455441441929524,7.38888485689911,33.6618812267805,3.8156979542052e-05,0.000738604538447908,"Sh3pxd2a",4.1183651211544,"ENSMUSG00000053617.12",TRUE,"ENSMUSG00000053617","ENSG00000107957","SH3PXD2A"
"Slco3a1",-0.48442475429225,5.85921183705584,33.653507414179,3.82067135514903e-05,0.000738604538447908,"Slco3a1",-4.11806488407981,"ENSMUSG00000025790.14",TRUE,"ENSMUSG00000025790","ENSG00000176463","SLCO3A1"
"Cpne8",-0.580937618567735,4.96241237884935,33.6458598606663,3.82521985721145e-05,0.000738604538447908,"Cpne8",-4.11779062215813,"ENSMUSG00000052560.15",TRUE,"ENSMUSG00000052560","ENSG00000139117","CPNE8"
"Entpd1",-0.73747258949817,4.23154482987238,33.6256468233458,3.83727156260919e-05,0.00073968642012332,"Entpd1",-4.11706543209751,"ENSMUSG00000048120.16",TRUE,"ENSMUSG00000048120","ENSG00000138185","ENTPD1"
"Sipa1l1",0.58516833901411,4.67600852619127,33.575627921292,3.86728068094518e-05,0.000744270828929612,"Sipa1l1",4.11526903799826,"ENSMUSG00000042700.16",TRUE,"ENSMUSG00000042700","ENSG00000197555","SIPA1L1"
"Otud1",-0.683154849272834,4.19967171523197,33.5666655647632,3.87268585267292e-05,0.000744270828929612,"Otud1",-4.11494688258378,"ENSMUSG00000043415.5",TRUE,"ENSMUSG00000043415","ENSG00000165312","OTUD1"
"Itgb5",0.42719219555044,8.44273939858038,33.5626766833276,3.87509429889781e-05,0.000744270828929612,"Itgb5",4.11480347341883,"ENSMUSG00000022817.15",TRUE,"ENSMUSG00000022817","ENSG00000082781","ITGB5"
"Gm43311",-1.57523827286083,2.29934394291104,33.4434823700528,3.94785487461547e-05,0.00075733095381194,"Gm43311",-4.11051040603655,"ENSMUSG00000105896.1",FALSE,"ENSMUSG00000105896",NA,NA
"Cbx7",-0.67435482190836,4.79579584782686,33.4249634929669,3.95929838565432e-05,0.000757698221745615,"Cbx7",-4.10984205199499,"ENSMUSG00000053411.16",TRUE,"ENSMUSG00000053411","ENSG00000100307","CBX7"
"Wls",0.442951741738374,8.49345057433766,33.3771967246832,3.98898986483179e-05,0.000762222159153276,"Wls",4.10811644433322,"ENSMUSG00000028173.10",TRUE,"ENSMUSG00000028173","ENSG00000116729","WLS"
"Fxyd1",-0.529683221608747,6.35642643208103,33.371538394374,3.99252379157819e-05,0.000762222159153276,"Fxyd1",-4.1079118721379,"ENSMUSG00000036570.14",TRUE,"ENSMUSG00000036570","ENSG00000266964","FXYD1"
"C4b",-0.418308527572781,11.3125654935185,33.3286848813191,4.01940400455681e-05,0.000766433835545168,"C4b",-4.10636142948695,"ENSMUSG00000073418.4",FALSE,"ENSMUSG00000073418","ENSG00000244731","C4A"
"Etfa",-0.437510365914046,6.36567917981285,33.3091645904918,4.0317164679085e-05,0.000767860922025735,"Etfa",-4.1056545334278,"ENSMUSG00000032314.14",TRUE,"ENSMUSG00000032314","ENSG00000140374","ETFA"
"Cpq",-0.522987158230833,7.61943863970404,33.2939834490716,4.04132166645884e-05,0.000768769598824102,"Cpq",-4.10510449073226,"ENSMUSG00000039007.10",TRUE,"ENSMUSG00000039007","ENSG00000104324","CPQ"
"Igsf1",-2.11957377534773,1.50616315597319,33.2790404734136,4.05080160602812e-05,0.000769652305145343,"Igsf1",-4.1045628360847,"ENSMUSG00000031111.16",FALSE,"ENSMUSG00000031111","ENSG00000147255","IGSF1"
"Ctsb",0.407646375465826,10.7648381690508,33.2646113432342,4.05997957171703e-05,0.00077047559819828,"Ctsb",4.10403958011672,"ENSMUSG00000021939.8",TRUE,"ENSMUSG00000021939","ENSG00000164733","CTSB"
"Serpinb1a",-0.527847435973835,5.69081843465559,33.2480984475445,4.07051200147701e-05,0.000771553663402728,"Serpinb1a",-4.10344048456613,"ENSMUSG00000044734.16",TRUE,"ENSMUSG00000044734","ENSG00000021355","SERPINB1"
"Ighm",2.12344331539511,4.51983311991193,33.2398909273977,4.07575857027227e-05,0.000771628435036189,"Ighm",4.10314260294747,"ENSMUSG00000076617.9",TRUE,"ENSMUSG00000076617","ENSG00000211899","IGHM"
"Stat5b",-0.499853701024638,6.10541114755654,33.1927540292547,4.10603969490994e-05,0.000776436971083862,"Stat5b",-4.10143042562934,"ENSMUSG00000020919.11",TRUE,"ENSMUSG00000020919","ENSG00000173757","STAT5B"
"Reg3g",1.83207563872368,2.33026334703228,33.1833003543523,4.11214357691277e-05,0.000776667687691731,"Reg3g",4.10108674698499,"ENSMUSG00000030017.2",TRUE,"ENSMUSG00000030017","ENSG00000172023","REG1B"
"Tcf7l1",-0.497397439951032,5.83896802889341,33.1331450102825,4.14470014970194e-05,0.00078153367937868,"Tcf7l1",-4.09926178805472,"ENSMUSG00000055799.13",TRUE,"ENSMUSG00000055799","ENSG00000152284","TCF7L1"
"Usp2",-0.542857054205079,5.22757812534024,33.1284912552359,4.14773580705279e-05,0.00078153367937868,"Usp2",-4.09909231814366,"ENSMUSG00000032010.15",TRUE,"ENSMUSG00000032010","ENSG00000036672","USP2"
"Elk3",0.467474472759184,6.17312210139077,33.1154310977797,4.15626850182113e-05,0.000782214650703685,"Elk3",4.09861659779458,"ENSMUSG00000008398.15",TRUE,"ENSMUSG00000008398","ENSG00000111145","ELK3"
"Fam111a",-0.721436826458772,4.63963877130795,33.0335422068934,4.21022696930349e-05,0.000791433090931837,"Fam111a",-4.09562955638275,"ENSMUSG00000024691.13",TRUE,"ENSMUSG00000024691","ENSG00000166801","FAM111A"
"Aqp2",1.60330093576591,1.61564354083222,33.008286100378,4.22702926042895e-05,0.000793653439534847,"Aqp2",4.09470682596708,"ENSMUSG00000023013.5",FALSE,"ENSMUSG00000023013","ENSG00000167580","AQP2"
"Chl1",0.899201537958457,6.54447967468648,32.9563045451746,4.26185198987772e-05,0.000799248021167752,"Chl1",4.09280549607303,"ENSMUSG00000030077.11",TRUE,"ENSMUSG00000030077","ENSG00000134121","CHL1"
"Lum",0.39219540370236,11.2233153636592,32.8361678766174,4.34358804840199e-05,0.000813616969773107,"Lum",4.08839995208605,"ENSMUSG00000036446.5",FALSE,"ENSMUSG00000036446","ENSG00000139329","LUM"
"Cdon",-0.456284884338308,7.94950802964263,32.7739417742022,4.38662427690283e-05,0.000820641046915273,"Cdon",-4.08611182163295,"ENSMUSG00000038119.15",TRUE,"ENSMUSG00000038119","ENSG00000064309","CDON"
"Colgalt1",0.461298199795455,7.69117711232209,32.7670686549993,4.39140747610449e-05,0.000820641046915273,"Colgalt1",4.08585882687436,"ENSMUSG00000034807.9",TRUE,"ENSMUSG00000034807","ENSG00000130309","COLGALT1"
"Cald1",0.4434791793148,8.97860890073038,32.7336564915345,4.41474464491803e-05,0.000823543285857086,"Cald1",4.084628205151,"ENSMUSG00000029761.16",TRUE,"ENSMUSG00000029761","ENSG00000122786","CALD1"
"Mex3a",0.942581216193472,2.88131682267608,32.6990141116648,4.43909016893372e-05,0.000825930748701641,"Mex3a",4.08335096922518,"ENSMUSG00000074480.4",TRUE,"ENSMUSG00000074480","ENSG00000254726","MEX3A"
"Nek6",0.703681068111017,5.96606666554292,32.6970317846415,4.44048789624538e-05,0.000825930748701641,"Nek6",4.08327784227312,"ENSMUSG00000026749.11",TRUE,"ENSMUSG00000026749","ENSG00000119408","NEK6"
"Dpp6",1.24858542521667,3.02915551332104,32.6674152359099,4.46143008385417e-05,0.000828856572704823,"Dpp6",4.08218478537092,"ENSMUSG00000061576.15",TRUE,"ENSMUSG00000061576","ENSG00000130226","DPP6"
"Plxnd1",0.432463184755618,6.89286251277625,32.5731744277401,4.52882016041958e-05,0.000840394714249154,"Plxnd1",4.07870015795724,"ENSMUSG00000030123.15",TRUE,"ENSMUSG00000030123","ENSG00000004399","PLXND1"
"Adamts9",0.6485887870913,4.14398031424355,32.5491118905723,4.54621197692317e-05,0.000842638800338103,"Adamts9",4.07780884080968,"ENSMUSG00000030022.14",TRUE,"ENSMUSG00000030022","ENSG00000163638","ADAMTS9"
"Adamts6",0.707246169731179,3.9975738141972,32.5377163640105,4.55447488910463e-05,0.000843187592100477,"Adamts6",4.07738650551642,"ENSMUSG00000046169.10",TRUE,"ENSMUSG00000046169","ENSG00000049192","ADAMTS6"
"Kalrn",0.684829961988824,4.92802233128088,32.5290427829672,4.5607755664215e-05,0.00084337225386978,"Kalrn",4.07706495229858,"ENSMUSG00000061751.16",TRUE,"ENSMUSG00000061751","ENSG00000160145","KALRN"
"Heca",-0.515784577702287,5.60907772305911,32.4590984409035,4.61194862453294e-05,0.000851844587409376,"Heca",-4.07446884638396,"ENSMUSG00000039879.9",TRUE,"ENSMUSG00000039879","ENSG00000112406","HECA"
"Fam83f",-1.47000758228711,1.67035264249784,32.3811935182058,4.66971638639156e-05,0.000861513917549709,"Fam83f",-4.07157080089378,"ENSMUSG00000022408.7",FALSE,"ENSMUSG00000022408","ENSG00000133477","FAM83F"
"Qsox1",0.455816669580893,7.12194288723737,32.3452941449464,4.69661309481681e-05,0.000864320289908975,"Qsox1",4.07023304984092,"ENSMUSG00000033684.14",TRUE,"ENSMUSG00000033684","ENSG00000116260","QSOX1"
"Kcnj15",1.69228488407298,2.55166396701268,32.3401307937028,4.70049608502532e-05,0.000864320289908975,"Kcnj15",4.07004052341869,"ENSMUSG00000062609.14",TRUE,"ENSMUSG00000062609","ENSG00000157551","KCNJ15"
"Bpgm",0.679673078208344,4.32123196755501,32.3391517168591,4.70123279111654e-05,0.000864320289908975,"Bpgm",4.0700040130775,"ENSMUSG00000038871.5",TRUE,"ENSMUSG00000038871","ENSG00000172331","BPGM"
"Col16a1",0.420573017018928,9.18406777493396,32.3266322350971,4.71066465950602e-05,0.000865054273442542,"Col16a1",4.0695370588017,"ENSMUSG00000040690.15",FALSE,"ENSMUSG00000040690","ENSG00000084636","COL16A1"
"Serpine1",0.491458132340842,9.14407927385882,32.1556296487196,4.84167299036166e-05,0.000888086800065992,"Serpine1",4.06314115856258,"ENSMUSG00000037411.10",TRUE,"ENSMUSG00000037411","ENSG00000106366","SERPINE1"
"Jam2",-0.47068180844576,5.47327163552826,32.1379303845175,4.85546785874896e-05,0.000889591075549363,"Jam2",-4.06247726164836,"ENSMUSG00000053062.16",TRUE,"ENSMUSG00000053062","ENSG00000154721","JAM2"
"Laptm5",0.868820447674658,3.23673628631556,32.1239450550715,4.8663997024003e-05,0.000890538741561421,"Laptm5",4.0619524204895,"ENSMUSG00000028581.17",TRUE,"ENSMUSG00000028581","ENSG00000162511","LAPTM5"
"Col4a5",-0.919637165358776,6.24413751369316,32.1169985653287,4.87183993685742e-05,0.000890538741561421,"Col4a5",-4.06169164954792,"ENSMUSG00000031274.16",TRUE,"ENSMUSG00000031274","ENSG00000188153","COL4A5"
"Tubb2a",0.431463980016113,7.18710143092999,32.0293967621758,4.9410436198292e-05,0.00090215174151715,"Tubb2a",4.05839833132209,"ENSMUSG00000058672.7",TRUE,"ENSMUSG00000058672","ENSG00000137267","TUBB2A"
"Bfar",0.45734412876483,5.96198235244189,32.016676547198,4.9511850243533e-05,0.000902966690851955,"Bfar",4.0579193918657,"ENSMUSG00000022684.15",TRUE,"ENSMUSG00000022684","ENSG00000103429","BFAR"
"Ccdc50",-0.421316106526616,7.33176387343988,31.9563517012625,4.9996036100397e-05,0.000910752533911355,"Ccdc50",-4.05564551049241,"ENSMUSG00000038127.14",TRUE,"ENSMUSG00000038127","ENSG00000152492","CCDC50"
"Gm17455",1.5714202554462,1.64576564674345,31.93912101325,5.01353223778536e-05,0.000912244887614422,"Gm17455",4.05499524622059,"ENSMUSG00000090439.3",FALSE,"ENSMUSG00000090439","ENSG00000214688","C10orf105"
"Itga2",-0.61573846224921,4.49709984845977,31.864500300118,5.07436454312735e-05,0.000922258506621191,"Itga2",-4.05217518579661,"ENSMUSG00000015533.9",TRUE,"ENSMUSG00000015533","ENSG00000164171","ITGA2"
"Plec",0.645848075673586,7.95545009644133,31.8045681712633,5.12383087168442e-05,0.000930185871602709,"Plec",4.04990555126187,"ENSMUSG00000022565.15",TRUE,"ENSMUSG00000022565","ENSG00000178209","PLEC"
"Pde4d",0.768858980399071,3.4748379704721,31.7956356253136,5.13125042274458e-05,0.000930470643932805,"Pde4d",4.0495669167374,"ENSMUSG00000021699.17",TRUE,"ENSMUSG00000021699","ENSG00000113448","PDE4D"
"Slc39a11",0.623430203364342,4.5180138118818,31.7799812802266,5.14428273437723e-05,0.00093177139322097,"Slc39a11",4.04897323297326,"ENSMUSG00000041654.15",TRUE,"ENSMUSG00000041654","ENSG00000133195","SLC39A11"
"Mpeg1",0.723741314003357,4.17078875943153,31.7571563203746,5.16335215121687e-05,0.000932914011707563,"Mpeg1",4.04810709410417,"ENSMUSG00000046805.10",TRUE,"ENSMUSG00000046805","ENSG00000197629","MPEG1"
"Nmi",-0.72410513139213,4.25800130413147,31.7538407010523,5.16612891350668e-05,0.000932914011707563,"Nmi",-4.04798122562803,"ENSMUSG00000026946.9",TRUE,"ENSMUSG00000026946","ENSG00000123609","NMI"
"Fsd1l",-0.860944630312637,3.55545756776517,31.7513810373262,5.16818992840573e-05,0.000932914011707563,"Fsd1l",-4.04788784287335,"ENSMUSG00000054752.16",FALSE,"ENSMUSG00000054752","ENSG00000106701","FSD1L"
"Dio3",1.43381436385862,2.72712080839027,31.7229414296664,5.19208826246808e-05,0.000936165302018478,"Dio3",4.0468076002346,"ENSMUSG00000075707.5",TRUE,"ENSMUSG00000075707","ENSG00000197406","DIO3"
"Edn1",-1.13224040274247,2.96451681623923,31.6835731395186,5.22537793584824e-05,0.000941100626430289,"Edn1",-4.04531068126118,"ENSMUSG00000021367.8",TRUE,"ENSMUSG00000021367","ENSG00000078401","EDN1"
"Zbtb46",0.764840264900219,3.44261631931734,31.6298142477794,5.2712291761962e-05,0.000948284588111404,"Zbtb46",4.0432636414014,"ENSMUSG00000027583.13",TRUE,"ENSMUSG00000027583","ENSG00000130584","ZBTB46"
"Clstn2",1.69253443168537,1.68878302197175,31.5335277205126,5.35450132537277e-05,0.000962176661891562,"Clstn2",4.03958871105857,"ENSMUSG00000032452.12",FALSE,"ENSMUSG00000032452","ENSG00000158258","CLSTN2"
"Col6a3",0.612613689135695,12.3296492802951,31.4297409016316,5.44594055870704e-05,0.000977503303669504,"Col6a3",4.03561521919599,"ENSMUSG00000048126.16",TRUE,"ENSMUSG00000048126","ENSG00000163359","COL6A3"
"Slc38a4",-1.27379680162847,2.03855322601245,31.3701781056444,5.49921886594227e-05,0.000985953524521758,"Slc38a4",-4.03332905696085,"ENSMUSG00000022464.14",TRUE,"ENSMUSG00000022464","ENSG00000139209","SLC38A4"
"Kcnc2",-1.7553062457573,1.54324180437303,31.3419546716539,5.52467133070193e-05,0.000989401443380099,"Kcnc2",-4.03224429354987,"ENSMUSG00000035681.7",TRUE,"ENSMUSG00000035681","ENSG00000166006","KCNC2"
"Tnfsf11",1.11188074369275,3.47435803267963,31.1323154715845,5.71797958239117e-05,0.00102266111819874,"Tnfsf11",4.02415686822906,"ENSMUSG00000022015.8",FALSE,"ENSMUSG00000022015","ENSG00000120659","TNFSF11"
"Rasd1",0.727596959141985,4.64837534840427,31.126713551884,5.72324967111162e-05,0.00102266111819874,"Rasd1",4.02394003006342,"ENSMUSG00000049892.7",TRUE,"ENSMUSG00000049892","ENSG00000108551","RASD1"
"Gcnt2",0.603269458704364,4.73855490685342,31.1095030618482,5.73947529556111e-05,0.0010237704726609,"Gcnt2",4.0232736110929,"ENSMUSG00000021360.16",TRUE,"ENSMUSG00000021360","ENSG00000111846","GCNT2"
"Creb3l3",0.98903968341193,3.08415946839382,31.106477336513,5.74233328059815e-05,0.0010237704726609,"Creb3l3",4.02315641277577,"ENSMUSG00000035041.8",FALSE,"ENSMUSG00000035041","ENSG00000060566","CREB3L3"
"Gm4841",-1.22357257535052,3.26795654043379,30.937302250615,5.90473617924094e-05,0.00105154557064355,"Gm4841",-4.01658584115423,"ENSMUSG00000068606.6",TRUE,"ENSMUSG00000068606",NA,NA
"Phlda1",-0.649935775593738,7.29578211147055,30.9304239592341,5.91144884483938e-05,0.00105156343377495,"Phlda1",-4.01631795551319,"ENSMUSG00000020205.8",TRUE,"ENSMUSG00000020205","ENSG00000139289","PHLDA1"
"Tgfb1",0.5718900510802,4.90402039377769,30.8922676288324,5.94884443351972e-05,0.00105641276965351,"Tgfb1",4.01483084331057,"ENSMUSG00000002603.15",TRUE,"ENSMUSG00000002603","ENSG00000105329","TGFB1"
"Plxnb3",-2.12119901175063,1.35475325075429,30.885971582229,5.95504078680503e-05,0.00105641276965351,"Plxnb3",-4.0145852879326,"ENSMUSG00000031385.14",FALSE,"ENSMUSG00000031385","ENSG00000198753","PLXNB3"
"Alkal2",-2.1847665779567,1.82803647566803,30.8823195722091,5.95863833477455e-05,0.00105641276965351,"Alkal2",-4.0144428316426,"ENSMUSG00000054204.6",TRUE,"ENSMUSG00000054204","ENSG00000189292","ALKAL2"
"Zfp809",0.679380668345037,4.31072385754895,30.8633310082606,5.9773836232174e-05,0.00105855603296243,"Zfp809",4.0137018679151,"ENSMUSG00000057982.8",TRUE,"ENSMUSG00000057982",NA,NA
"Sfxn4",-1.24682098035946,2.1023339869281,30.8486789131506,5.99189386582122e-05,0.00105994536316079,"Sfxn4",-4.01312981636598,"ENSMUSG00000063698.9",TRUE,"ENSMUSG00000063698","ENSG00000183605","SFXN4"
"Lpar4",-0.833352183467984,4.27839220568837,30.8396916825119,6.00081391597349e-05,0.00106034381895252,"Lpar4",-4.01277880317486,"ENSMUSG00000049929.7",TRUE,"ENSMUSG00000049929","ENSG00000147145","LPAR4"
"Slc16a3",0.851766590959854,3.37029938325656,30.8084937039316,6.0318961476741e-05,0.00106465310140357,"Slc16a3",4.01155953356591,"ENSMUSG00000025161.16",TRUE,"ENSMUSG00000025161","ENSG00000141526","SLC16A3"
"S100a4",0.480447162108377,5.98247943715445,30.7955102916292,6.0448853362056e-05,0.00106576287695873,"S100a4",4.01105176545364,"ENSMUSG00000001020.8",FALSE,"ENSMUSG00000001020","ENSG00000196154","S100A4"
"Kdm6b",-0.515323090716239,7.56113281503965,30.779462272991,6.0609844953223e-05,0.0010674179006546,"Kdm6b",-4.0104238554482,"ENSMUSG00000018476.7",TRUE,"ENSMUSG00000018476","ENSG00000132510","KDM6B"
"Adcy7",0.467449298821821,6.7329938883523,30.6775275787258,6.16439040767339e-05,0.00108442810457113,"Adcy7",4.0064280018774,"ENSMUSG00000031659.13",FALSE,"ENSMUSG00000031659","ENSG00000121281","ADCY7"
"Arhgef5",1.08479481601646,2.94607843189293,30.6619960867041,6.18032161759243e-05,0.00108602933353119,"Arhgef5",4.00581803063204,"ENSMUSG00000033542.13",TRUE,"ENSMUSG00000033542","ENSG00000050327","ARHGEF5"
"Nr2f2",0.481229177072072,5.66648528982428,30.6545937196181,6.18793097158896e-05,0.00108616629405275,"Nr2f2",4.00552721021178,"ENSMUSG00000030551.14",TRUE,"ENSMUSG00000030551","ENSG00000185551","NR2F2"
"Ppp1r13l",0.934245746799313,3.17740029712267,30.6304372263955,6.21283718680966e-05,0.00108835391256377,"Ppp1r13l",4.00457768646644,"ENSMUSG00000040734.14",TRUE,"ENSMUSG00000040734","ENSG00000104881","PPP1R13L"
"Cd63",0.429074007945679,9.03314035837561,30.6292334327178,6.21408132181287e-05,0.00108835391256377,"Cd63",4.00453034966108,"ENSMUSG00000025351.14",TRUE,"ENSMUSG00000025351","ENSG00000135404","CD63"
"Mt2",-0.626788021468358,7.89261286690823,30.5438411592297,6.30306282982892e-05,0.0011027239624067,"Mt2",-4.00116783932088,"ENSMUSG00000031762.7",TRUE,"ENSMUSG00000031762",NA,NA
"Gng7",-0.918109494474678,2.92681000903918,30.5324866511986,6.31500343295811e-05,0.00110359889664102,"Gng7",-4.00072004148632,"ENSMUSG00000048240.14",TRUE,"ENSMUSG00000048240","ENSG00000176533","GNG7"
"Plxnb2",0.453534489435441,7.78616308860044,30.4870407446849,6.36305350336192e-05,0.00111077541014231,"Plxnb2",3.99892612747587,"ENSMUSG00000036606.17",TRUE,"ENSMUSG00000036606","ENSG00000196576","PLXNB2"
"Sema3f",1.27971683213731,2.49387428273547,30.4785101436666,6.37211922584954e-05,0.00111113829000751,"Sema3f",3.99858910390469,"ENSMUSG00000034684.12",TRUE,"ENSMUSG00000034684","ENSG00000001617","SEMA3F"
"Ormdl3",0.459954987932322,5.98281746386736,30.4032628381559,6.45272646240278e-05,0.00112369848999422,"Ormdl3",3.99561228346434,"ENSMUSG00000038150.7",TRUE,"ENSMUSG00000038150","ENSG00000172057","ORMDL3"
"Stmn4",-1.43046544563016,2.01200182817785,30.398117125343,6.45828095236569e-05,0.00112369848999422,"Stmn4",-3.99540845489404,"ENSMUSG00000022044.14",FALSE,"ENSMUSG00000022044","ENSG00000015592","STMN4"
"Nfkbiz",-0.387091492719405,9.60022641773802,30.3683310932381,6.49054028193383e-05,0.00112766820016911,"Nfkbiz",-3.99422793077765,"ENSMUSG00000035356.17",TRUE,"ENSMUSG00000035356","ENSG00000144802","NFKBIZ"
"Atxn1",0.726639058293388,4.57122354685675,30.3639707367709,6.49527806926305e-05,0.00112766820016911,"Atxn1",3.99405502022402,"ENSMUSG00000046876.16",TRUE,"ENSMUSG00000046876","ENSG00000124788","ATXN1"
"Pcdh9",-1.41173595090226,2.25390529670634,30.3208314432529,6.54236413333836e-05,0.00113460432728986,"Pcdh9",-3.99234302351682,"ENSMUSG00000055421.8",FALSE,"ENSMUSG00000055421","ENSG00000184226","PCDH9"
"Pawr",0.801957295566996,3.48651237074402,30.2965507789055,6.56903696500514e-05,0.00113765703466906,"Pawr",3.99137839597731,"ENSMUSG00000035873.8",TRUE,"ENSMUSG00000035873","ENSG00000177425","PAWR"
"Kitl",-0.469562188480959,5.3467729071385,30.2917964871065,6.57427412979226e-05,0.00113765703466906,"Kitl",-3.99118942847418,"ENSMUSG00000019966.18",TRUE,"ENSMUSG00000019966","ENSG00000049130","KITLG"
"C1qc",0.880614041188448,3.46754286945788,30.2449197973981,6.62616701985406e-05,0.00114461673831571,"C1qc",3.9893246892608,"ENSMUSG00000036896.5",TRUE,"ENSMUSG00000036896","ENSG00000159189","C1QC"
"Ggta1",0.776360688476968,4.61106003336545,30.2424736153615,6.62888773180387e-05,0.00114461673831571,"Ggta1",3.9892273038667,"ENSMUSG00000035778.17",TRUE,"ENSMUSG00000035778",NA,NA
"Nlgn2",0.460212671689271,6.99559615491389,30.1843980512479,6.69385580941506e-05,0.00115458122491462,"Nlgn2",3.98691299670897,"ENSMUSG00000051790.15",TRUE,"ENSMUSG00000051790","ENSG00000169992","NLGN2"
"Mgst1",-0.53656909080986,7.61529990122078,30.1756617802344,6.70369146866692e-05,0.00115502497753207,"Mgst1",-3.98656448268812,"ENSMUSG00000008540.11",TRUE,"ENSMUSG00000008540","ENSG00000008394","MGST1"
"Irf7",-0.522849104521058,5.89661385761267,30.1574684103917,6.7242271503425e-05,0.00115576012763558,"Irf7",-3.98583838416228,"ENSMUSG00000025498.15",TRUE,"ENSMUSG00000025498","ENSG00000185507","IRF7"
"Plscr3",0.408202153319804,6.43092018137033,30.1557269756475,6.72619653736262e-05,0.00115576012763558,"Plscr3",3.98576886108395,"ENSMUSG00000019461.12",TRUE,"ENSMUSG00000019461","ENSG00000187838","PLSCR3"
"Gpr68",1.4787235447094,2.0461275060588,30.1525766423627,6.72976091423344e-05,0.00115576012763558,"Gpr68",3.98564308081995,"ENSMUSG00000047415.12",TRUE,"ENSMUSG00000047415","ENSG00000119714","GPR68"
"Has2os",-1.00906462826836,2.62796250912245,30.1076812843719,6.78079106703234e-05,0.00116326774907244,"Has2os",-3.98384919972289,"ENSMUSG00000086541.8",FALSE,"ENSMUSG00000086541",NA,NA
"Abcd2",-0.652026316398108,4.04961416020262,30.0731541283245,6.82033582731682e-05,0.00116879095540754,"Abcd2",-3.98246783244466,"ENSMUSG00000055782.9",FALSE,"ENSMUSG00000055782","ENSG00000173208","ABCD2"
"Cd274",-0.869912412896358,3.36871484619156,30.0129790382744,6.88988460973719e-05,0.00117943848168623,"Cd274",-3.98005665491799,"ENSMUSG00000016496.7",TRUE,"ENSMUSG00000016496","ENSG00000120217","CD274"
"Col4a3",-1.36223282463302,3.08563894871735,29.9027177821305,7.0194261461885e-05,0.00120032187099823,"Col4a3",-3.97562635686412,"ENSMUSG00000079465.8",TRUE,"ENSMUSG00000079465","ENSG00000169031","COL4A3"
"Mertk",0.696525893364101,3.99836549626059,29.8433077772454,7.09037221168525e-05,0.00121115133493481,"Mertk",3.97323268790778,"ENSMUSG00000014361.5",TRUE,"ENSMUSG00000014361","ENSG00000153208","MERTK"
"Sox4",0.643623926900811,5.03797657375661,29.7757744807843,7.17201174761598e-05,0.00122378221912379,"Sox4",3.97050610751524,"ENSMUSG00000076431.4",TRUE,"ENSMUSG00000076431","ENSG00000124766","SOX4"
"Mark1",0.544773144199314,5.02799943476105,29.747969763219,7.20593470217907e-05,0.00122825272849683,"Mark1",3.96938178068788,"ENSMUSG00000026620.11",TRUE,"ENSMUSG00000026620","ENSG00000116141","MARK1"
"Dbx2",1.01853636182932,3.23747271570673,29.7016446185868,7.26285966595087e-05,0.00123663016346485,"Dbx2",3.96750628737082,"ENSMUSG00000045608.7",FALSE,"ENSMUSG00000045608","ENSG00000185610","DBX2"
"Gm2115",-1.97588694131618,1.02865219179696,29.6782943719079,7.29174660984272e-05,0.00124022081643132,"Gm2115",-3.96655986773493,"ENSMUSG00000097789.2",FALSE,"ENSMUSG00000097789","ENSG00000259417","CTXND1"
"Pyroxd2",-0.606528505038598,5.05827053589375,29.6586729806109,7.3161216412889e-05,0.00124303720578437,"Pyroxd2",-3.96576402596927,"ENSMUSG00000060224.4",TRUE,"ENSMUSG00000060224","ENSG00000119943","PYROXD2"
"Palm",-0.453205013660469,7.12823826559792,29.5875586000172,7.40524498887474e-05,0.0012568368309293,"Palm",-3.96287535244538,"ENSMUSG00000035863.14",TRUE,"ENSMUSG00000035863","ENSG00000099864","PALM"
"Serpinb6b",0.789704807652186,3.9447765858873,29.4741571753225,7.54993194288497e-05,0.00128002737406929,"Serpinb6b",3.95825503404511,"ENSMUSG00000042842.11",FALSE,"ENSMUSG00000042842","ENSG00000124570","SERPINB6"
"Gsr",0.544494763484947,4.81208236145395,29.453131063108,7.57711087399835e-05,0.00128326724418739,"Gsr",3.95739647526181,"ENSMUSG00000031584.16",TRUE,"ENSMUSG00000031584","ENSG00000104687","GSR"
"Lman1",0.467399036671364,7.6650495337488,29.4128494033867,7.629491594915e-05,0.00129076388121206,"Lman1",3.95574999683435,"ENSMUSG00000041891.16",TRUE,"ENSMUSG00000041891","ENSG00000074695","LMAN1"
"Htra3",-0.437440395556196,9.31614759271261,29.3824059081684,7.66935258271234e-05,0.00129612873669367,"Htra3",-3.95450419643777,"ENSMUSG00000029096.15",FALSE,"ENSMUSG00000029096","ENSG00000170801","HTRA3"
"Sema5b",1.32922166798403,2.55631265168549,29.304995767495,7.77178082906494e-05,0.00131204491002781,"Sema5b",3.95133080568684,"ENSMUSG00000052133.16",TRUE,"ENSMUSG00000052133","ENSG00000082684","SEMA5B"
"Helz2",-0.454497807470274,7.15517427813496,29.2602116648132,7.83174903685649e-05,0.00132076675432798,"Helz2",-3.9494911987582,"ENSMUSG00000027580.17",TRUE,"ENSMUSG00000027580","ENSG00000130589","HELZ2"
"Top2a",1.4012628108851,2.79876318916155,29.2279690649733,7.87524957439882e-05,0.0013258038674028,"Top2a",3.94816507536824,"ENSMUSG00000020914.17",TRUE,"ENSMUSG00000020914","ENSG00000131747","TOP2A"
"Lsamp",-1.00188449974734,3.65753118525043,29.2252361828356,7.87894930085745e-05,0.0013258038674028,"Lsamp",-3.94805260815302,"ENSMUSG00000061080.11",TRUE,"ENSMUSG00000061080","ENSG00000185565","LSAMP"
"Asap2",-0.580399963838262,5.09858026277882,29.2195687690106,7.88662804856349e-05,0.0013258038674028,"Asap2",-3.9478193427576,"ENSMUSG00000052632.16",TRUE,"ENSMUSG00000052632","ENSG00000151693","ASAP2"
"Vtn",-0.631871511390742,6.47855208399233,29.2094523997245,7.90035583767397e-05,0.00132670917514814,"Vtn",-3.9474028538064,"ENSMUSG00000017344.4",TRUE,"ENSMUSG00000017344","ENSG00000273171",""
"Cdh2",0.748314946057271,3.9963809855471,29.0417506876062,8.13193345851974e-05,0.00136272010317007,"Cdh2",3.94047821843088,"ENSMUSG00000024304.14",TRUE,"ENSMUSG00000024304","ENSG00000170558","CDH2"
"Larp6",-0.63749376963419,4.66147074195865,29.024963423145,8.15553711281062e-05,0.00136292146208149,"Larp6",-3.93978292297329,"ENSMUSG00000034839.5",FALSE,"ENSMUSG00000034839","ENSG00000166173","LARP6"
"Apobec3",0.665002183101709,4.2010890831516,29.0215777566267,8.16030695481176e-05,0.00136292146208149,"Apobec3",3.93964264825797,"ENSMUSG00000009585.18",TRUE,"ENSMUSG00000009585","ENSG00000100298","APOBEC3H"
"Ptprn",1.44089305813261,2.23621912511994,29.0191865452494,8.16367768738232e-05,0.00136292146208149,"Ptprn",3.93954356621867,"ENSMUSG00000026204.15",FALSE,"ENSMUSG00000026204","ENSG00000054356","PTPRN"
"Ubash3b",0.868816447643408,2.93214459818723,29.0165359431386,8.16741591752287e-05,0.00136292146208149,"Ubash3b",3.93943372686991,"ENSMUSG00000032020.15",TRUE,"ENSMUSG00000032020","ENSG00000154127","UBASH3B"
"Lxn",0.584411754191018,4.49550919423555,28.9920556938167,8.20203343013886e-05,0.00136726349726937,"Lxn",3.93841882182017,"ENSMUSG00000047557.2",TRUE,"ENSMUSG00000047557","ENSG00000079257","LXN"
"Kifc3",0.799462819349327,3.80781898274994,28.855053157841,8.39887803215946e-05,0.00139714808938736,"Kifc3",3.93272363529088,"ENSMUSG00000031788.14",TRUE,"ENSMUSG00000031788","ENSG00000140859","KIFC3"
"Arhgef19",0.945149688455258,3.01687096045634,28.8298433953939,8.43568199429003e-05,0.00140180408312638,"Arhgef19",3.93167282435331,"ENSMUSG00000028919.11",FALSE,"ENSMUSG00000028919","ENSG00000142632","ARHGEF19"
"Nlrc5",-0.769816925324494,3.35268819689849,28.7909802193757,8.4927788043942e-05,0.00140981901175659,"Nlrc5",-3.93005116395318,"ENSMUSG00000074151.13",TRUE,"ENSMUSG00000074151","ENSG00000140853","NLRC5"
"Peg10",-0.796268794268589,3.876106077181,28.7792579893822,8.51008704733787e-05,0.0014112191273599,"Peg10",-3.92956161081978,"ENSMUSG00000092035.8",TRUE,"ENSMUSG00000092035","ENSG00000242265","PEG10"
"Smpdl3a",-0.442759102757076,6.34551084133799,28.772626097448,8.51989702204949e-05,0.00141137419105889,"Smpdl3a",-3.9292845592374,"ENSMUSG00000019872.13",TRUE,"ENSMUSG00000019872","ENSG00000172594","SMPDL3A"
"Creld2",0.566319199305509,5.31011792597486,28.7596170234961,8.53917760367502e-05,0.00141309616473719,"Creld2",3.92874091775248,"ENSMUSG00000023272.4",TRUE,"ENSMUSG00000023272","ENSG00000184164","CRELD2"
"Rasgrf1",1.87419811266574,1.28411345243573,28.7143778485969,8.60661359253998e-05,0.00142277521790191,"Rasgrf1",3.92684855097773,"ENSMUSG00000032356.12",TRUE,"ENSMUSG00000032356","ENSG00000058335","RASGRF1"
"Plvap",0.637388218336536,4.11765163483818,28.7032252724669,8.62333121341558e-05,0.00142405852842106,"Plvap",3.92638159391782,"ENSMUSG00000034845.6",TRUE,"ENSMUSG00000034845","ENSG00000130300","PLVAP"
"Trpm3",-1.39344707769797,1.68702046618316,28.4974338863763,8.93854121556569e-05,0.00147458113019856,"Trpm3",-3.91773359421724,"ENSMUSG00000052387.16",TRUE,"ENSMUSG00000052387","ENSG00000083067","TRPM3"
"Ret",-0.807014984722753,5.5481255498908,28.4450210576654,9.02090318795251e-05,0.00148662614920216,"Ret",-3.91552142777958,"ENSMUSG00000030110.13",TRUE,"ENSMUSG00000030110","ENSG00000165731","RET"
"Tnfaip2",-0.490753792578026,7.97861235570644,28.398988584316,9.0939518938012e-05,0.0014959984793974,"Tnfaip2",-3.91357531385866,"ENSMUSG00000021281.15",TRUE,"ENSMUSG00000021281","ENSG00000185215","TNFAIP2"
"Ccl9",0.698774273703255,4.36873872261315,28.3973347340205,9.09658887994267e-05,0.0014959984793974,"Ccl9",3.91350533754867,"ENSMUSG00000019122.8",TRUE,"ENSMUSG00000019122","ENSG00000274736","CCL23"
"Mkx",1.19458590026807,2.62969802253625,28.3371680680924,9.19311604608055e-05,0.00151031120331425,"Mkx",3.91095694509177,"ENSMUSG00000061013.6",FALSE,"ENSMUSG00000061013","ENSG00000150051","MKX"
"Cd74",0.571660934851402,4.96031836689726,28.2895012343399,9.27041732558258e-05,0.0015205621219718,"Cd74",3.90893428944416,"ENSMUSG00000024610.15",FALSE,"ENSMUSG00000024610","ENSG00000019582","CD74"
"Vsig10",-0.565268650126788,4.70275608720282,28.2869132748244,9.27463534121013e-05,0.0015205621219718,"Vsig10",-3.90882438022182,"ENSMUSG00000066894.14",TRUE,"ENSMUSG00000066894","ENSG00000176834","VSIG10"
"Coq10b",-0.564012074588262,6.36489076126556,28.2646739137712,9.31097258263648e-05,0.00152494744574323,"Coq10b",-3.9078794876831,"ENSMUSG00000025981.13",TRUE,"ENSMUSG00000025981","ENSG00000115520","COQ10B"
"Plaat3",0.48284822867442,5.26394817929964,28.2451356141795,9.34303025302591e-05,0.00152862356084229,"Plaat3",3.90704876569528,"ENSMUSG00000060675.13",TRUE,"ENSMUSG00000060675","ENSG00000176485","PLAAT3"
"Zim1",-0.782530245470256,3.83909547021966,28.2338825508322,9.36155083035753e-05,0.00153007957713439,"Zim1",-3.90657006127549,"ENSMUSG00000002266.17",FALSE,"ENSMUSG00000002266",NA,NA
"Prl2c2",5.44039430393021,-1.03834015670621,28.1713043675849,9.46530891252545e-05,0.00154544977038904,"Prl2c2",3.90390463738603,"ENSMUSG00000079092.4",FALSE,"ENSMUSG00000079092","ENSG00000172179","PRL"
"Cybb",0.668255330403333,4.13164690930738,28.1106295333944,9.56716245962475e-05,0.00156047779072218,"Cybb",3.90131484097254,"ENSMUSG00000015340.10",TRUE,"ENSMUSG00000015340","ENSG00000165168","CYBB"
"Gm5345",1.65835114398551,1.44094935701238,28.0834750155941,9.61314976129809e-05,0.00156637213784758,"Gm5345",3.90015405769155,"ENSMUSG00000098050.1",FALSE,"ENSMUSG00000098050",NA,NA
"Scn7a",-0.401789010175837,7.90045568951381,28.0643020705781,9.64577146124216e-05,0.00157007884900854,"Scn7a",-3.89933381532716,"ENSMUSG00000034810.7",FALSE,"ENSMUSG00000034810","ENSG00000136546","SCN7A"
"Mthfd2",0.760922618729838,3.55655760108399,28.0516049819545,9.66744418835609e-05,0.00157120235008884,"Mthfd2",3.89879032160605,"ENSMUSG00000005667.8",TRUE,"ENSMUSG00000005667","ENSG00000065911","MTHFD2"
"Negr1",-1.7412607105551,1.18683067717711,28.0486865480317,9.67243350774681e-05,0.00157120235008884,"Negr1",-3.89866536580754,"ENSMUSG00000040037.13",FALSE,"ENSMUSG00000040037","ENSG00000172260","NEGR1"
"Adamts16",-0.803233246739054,4.35631517939666,28.0026094367519,9.7515960283273e-05,0.00158244522080091,"Adamts16",-3.89669086838501,"ENSMUSG00000049538.14",FALSE,"ENSMUSG00000049538","ENSG00000145536","ADAMTS16"
"Erg",2.0980125085626,0.926262245711175,27.9962700795337,9.76254491584825e-05,0.00158260705195448,"Erg",3.89641896981386,"ENSMUSG00000040732.20",TRUE,"ENSMUSG00000040732","ENSG00000157554","ERG"
"Ankrd16",-0.563258964741163,5.10209506181905,27.9576678451332,9.82951869835978e-05,0.00159183434083393,"Ankrd16",-3.89476202048816,"ENSMUSG00000047909.11",TRUE,"ENSMUSG00000047909","ENSG00000134461","ANKRD16"
"Adamts4",0.443527528375692,8.08015935251388,27.9519495905177,9.83948410387822e-05,0.00159183434083393,"Adamts4",3.89451638515803,"ENSMUSG00000006403.13",TRUE,"ENSMUSG00000006403","ENSG00000158859","ADAMTS4"
"Steap1",0.987345384054054,2.86603028437553,27.9077308814072,9.91693502537126e-05,0.00160206676519029,"Steap1",3.89261527945613,"ENSMUSG00000015652.9",FALSE,"ENSMUSG00000015652","ENSG00000105889","STEAP1B"
"Myog",-2.73474397426267,0.754655843969085,27.9043524342457,9.92288098919972e-05,0.00160206676519029,"Myog",-3.89246991010956,"ENSMUSG00000026459.5",TRUE,"ENSMUSG00000026459","ENSG00000122180","MYOG"
"Mcm2",1.04556338194822,2.97712601151651,27.8491616011515,0.000100205919751705,0.00161620156370321,"Mcm2",3.89009273767811,"ENSMUSG00000002870.8",TRUE,"ENSMUSG00000002870","ENSG00000073111","MCM2"
"Twist2",-0.815493902297342,3.0184001421178,27.8425358869513,0.000100323957220207,0.00161646594901008,"Twist2",-3.88980705170229,"ENSMUSG00000007805.4",FALSE,"ENSMUSG00000007805","ENSG00000233608","TWIST2"
"Stx2",-0.445291785304772,6.07952042344989,27.8223399596922,0.000100684726190335,0.00161977920548775,"Stx2",-3.88893584563032,"ENSMUSG00000029428.13",TRUE,"ENSMUSG00000029428","ENSG00000111450","STX2"
"Lama5",0.617226091405944,4.5736002422357,27.8196272038485,0.000100733297756863,0.00161977920548775,"Lama5",3.88881877730444,"ENSMUSG00000015647.9",TRUE,"ENSMUSG00000015647","ENSG00000130702","LAMA5"
"Hs3st1",-0.823106330562197,3.26743369607427,27.8120905429947,0.000100868380775077,0.00162031298935965,"Hs3st1",-3.88849347699387,"ENSMUSG00000051022.7",TRUE,"ENSMUSG00000051022","ENSG00000002587","HS3ST1"
"Adhfe1",-1.02509054427765,2.88170895563628,27.7980854655538,0.000101119948023892,0.0016210946140502,"Adhfe1",-3.88788875956489,"ENSMUSG00000025911.14",FALSE,"ENSMUSG00000025911","ENSG00000285791",""
"Gja1",-0.429865997283567,8.09420945144263,27.7939746308035,0.000101193924694835,0.0016210946140502,"Gja1",-3.88771120460548,"ENSMUSG00000050953.10",TRUE,"ENSMUSG00000050953","ENSG00000152661","GJA1"
"Cadm4",-1.32019580068561,3.22594880910869,27.7923683116912,0.000101222848000494,0.0016210946140502,"Cadm4",-3.88764181770521,"ENSMUSG00000054793.8",TRUE,"ENSMUSG00000054793","ENSG00000105767","CADM4"
"Frrs1",0.550764260843887,5.14897446500259,27.6874844766397,0.000103131904540104,0.00165000671821054,"Frrs1",3.88310288323639,"ENSMUSG00000033386.10",TRUE,"ENSMUSG00000033386","ENSG00000156869","FRRS1"
"Mospd2",-0.518066321275949,4.64083004708661,27.6150899936636,0.000104473506930318,0.00166979113639483,"Mospd2",-3.87996031999484,"ENSMUSG00000061778.10",TRUE,"ENSMUSG00000061778","ENSG00000130150","MOSPD2"
"Klf9",-0.422709883737599,8.27839069258489,27.6008528634262,0.000104739677970888,0.00167229614535921,"Klf9",-3.87934137258715,"ENSMUSG00000033863.2",TRUE,"ENSMUSG00000033863","ENSG00000119138","KLF9"
"Ost4",0.482338884952169,5.61036191826065,27.590260255156,0.000104938213394151,0.00167229614535921,"Ost4",3.87888066909852,"ENSMUSG00000038803.7",TRUE,"ENSMUSG00000038803","ENSG00000228474","OST4"
"1700047M11Rik",-3.74936617458317,-0.269737161727643,27.5898609749491,0.000104945705405804,0.00167229614535921,"1700047M11Rik",-3.8788632999189,"ENSMUSG00000100147.2",FALSE,"ENSMUSG00000100147",NA,NA
"Gm45714",1.25556897521266,2.69698003947532,27.5161822697118,0.00010633867611061,0.00169279676294998,"Gm45714",3.87565405353259,"ENSMUSG00000109866.1",FALSE,"ENSMUSG00000109866",NA,NA
"Gm13889",0.716319383609808,6.12809617656048,27.4830924231684,0.00010697111172353,0.00170116158973929,"Gm13889",3.87421006769607,"ENSMUSG00000087006.3",TRUE,"ENSMUSG00000087006","ENSG00000187479","C11orf96"
"Spsb1",-0.425173998903882,7.08208757461019,27.4263159666996,0.000108066261928589,0.00171539274607219,"Spsb1",-3.87172855174005,"ENSMUSG00000039911.13",FALSE,"ENSMUSG00000039911","ENSG00000171621","SPSB1"
"Hhipl1",0.716638541450066,5.36916321086819,27.4255194582941,0.000108081716126789,0.00171539274607219,"Hhipl1",3.87169370392999,"ENSMUSG00000021260.8",FALSE,"ENSMUSG00000021260","ENSG00000182218","HHIPL1"
"Ptp4a3",0.491523191789824,5.52981731786191,27.4190124797883,0.000108208061566757,0.00171568574585857,"Ptp4a3",3.87140898266873,"ENSMUSG00000059895.13",TRUE,"ENSMUSG00000059895","ENSG00000184489","PTP4A3"
"Sestd1",-0.396547918575058,6.04659242706764,27.3500271568741,0.000109557932260411,0.00173535836328418,"Sestd1",-3.86838645416341,"ENSMUSG00000042272.17",TRUE,"ENSMUSG00000042272","ENSG00000187231","SESTD1"
"Ctsd",0.394583460129783,8.19667013509943,27.3380344279772,0.000109794550302304,0.00173737585418661,"Ctsd",3.86786025895274,"ENSMUSG00000007891.16",TRUE,"ENSMUSG00000007891","ENSG00000250644",""
"Ryk",0.415307262584222,7.17732854597995,27.3240892535561,0.000110070422009862,0.00174000986205054,"Ryk",3.86724811988611,"ENSMUSG00000032547.12",TRUE,"ENSMUSG00000032547","ENSG00000163785","RYK"
"Astn2",-0.855132989725884,3.15725250036649,27.3093072172163,0.000110363710682696,0.00174291369512106,"Astn2",-3.86659891917106,"ENSMUSG00000028373.16",FALSE,"ENSMUSG00000028373","ENSG00000148219","ASTN2"
"Pmaip1",1.06080707294216,3.24561437763674,27.3006536875737,0.00011053581705312,0.00174389989940056,"Pmaip1",3.86621871542637,"ENSMUSG00000024521.8",TRUE,"ENSMUSG00000024521","ENSG00000141682","PMAIP1"
"Hif1a",0.600891457902473,8.17418489647467,27.2748632848881,0.000111050565935359,0.00175028458877108,"Hif1a",3.86508489689699,"ENSMUSG00000021109.13",TRUE,"ENSMUSG00000021109","ENSG00000100644","HIF1A"
"Enpp5",-0.735011890012923,5.12835232602162,27.2496539091424,0.000111556356363232,0.00175651557944998,"Enpp5",-3.86397562975186,"ENSMUSG00000023960.13",TRUE,"ENSMUSG00000023960","ENSG00000112796","ENPP5"
"Tinagl1",0.508461680448524,6.15744548991068,27.1650567258792,0.000113272940543505,0.00178177999353449,"Tinagl1",3.86024598004352,"ENSMUSG00000028776.14",TRUE,"ENSMUSG00000028776","ENSG00000142910","TINAGL1"
"Sqor",-0.584142076763942,5.36639542523785,27.0594233189306,0.000115458739713257,0.00181436792258886,"Sqor",-3.85557327424896,"ENSMUSG00000005803.14",TRUE,"ENSMUSG00000005803","ENSG00000260170",""
"Hs6st2",1.11091527013044,2.20693877419967,27.0248170486359,0.000116185233212138,0.00182398199780122,"Hs6st2",3.85403866849905,"ENSMUSG00000062184.11",FALSE,"ENSMUSG00000062184","ENSG00000171004","HS6ST2"
"Slc1a5",-0.429685568122573,7.92216175721773,26.9913635847764,0.000116892475173527,0.00183327518016233,"Slc1a5",-3.85255339708778,"ENSMUSG00000001918.17",TRUE,"ENSMUSG00000001918","ENSG00000105281","SLC1A5"
"Aldh2",-0.459733140965637,7.6906935394908,26.9685072093859,0.000117378500878943,0.00183908403889441,"Aldh2",-3.85153760470104,"ENSMUSG00000029455.14",TRUE,"ENSMUSG00000029455","ENSG00000111275","ALDH2"
"C1qb",0.619139102347337,4.1465941394931,26.9344643008845,0.000118106670929795,0.00184867164153201,"C1qb",3.85002312977,"ENSMUSG00000036905.8",TRUE,"ENSMUSG00000036905","ENSG00000173369","C1QB"
"Notch1",0.573813471100747,4.94814595301221,26.9134808938356,0.000118558061977061,0.0018539123496767,"Notch1",3.8490887247165,"ENSMUSG00000026923.15",TRUE,"ENSMUSG00000026923","ENSG00000148400","NOTCH1"
"Cpe",0.617611493331854,7.2004663082176,26.8379986536,0.000120198134349109,0.00187771211252837,"Cpe",3.8457216870301,"ENSMUSG00000037852.8",TRUE,"ENSMUSG00000037852","ENSG00000109472","CPE"
"Uox",1.53159480143293,2.33420397624611,26.8231628510542,0.000120523513437327,0.00188016191001592,"Uox",3.84505884288052,"ENSMUSG00000028186.14",FALSE,"ENSMUSG00000028186",NA,NA
"Bmp7",-1.30853976743871,2.52188805882901,26.8200729547717,0.00012059140716948,0.00188016191001592,"Bmp7",-3.84492074633533,"ENSMUSG00000008999.7",FALSE,"ENSMUSG00000008999","ENSG00000101144","BMP7"
"Fam160a1",1.4526810354157,1.63699083567023,26.8051947767855,0.000120918932715633,0.00188342192651979,"Fam160a1",3.84425558411234,"ENSMUSG00000051000.17",TRUE,"ENSMUSG00000051000","ENSG00000164142","FHIP1A"
"Flt1",1.11151967463736,3.25138692893884,26.7985147838923,0.000121066314128771,0.00188387240077284,"Flt1",3.84395682543363,"ENSMUSG00000029648.13",TRUE,"ENSMUSG00000029648","ENSG00000102755","FLT1"
"Ezr",0.637924033128328,5.41760315647395,26.7606737154144,0.000121905075343418,0.00189506980761131,"Ezr",3.84226306319791,"ENSMUSG00000052397.8",TRUE,"ENSMUSG00000052397","ENSG00000092820","EZR"
"Tslp",-1.41472380571375,1.74962662998153,26.7298586983171,0.000122592989410468,0.00190390264706512,"Tslp",-3.8408820967582,"ENSMUSG00000024379.4",TRUE,"ENSMUSG00000024379","ENSG00000145777","TSLP"
"Tmed9",0.378143590000235,7.6148360067622,26.6339986873899,0.000124761383480076,0.00193568807949625,"Tmed9",3.83657642372324,"ENSMUSG00000058569.8",TRUE,"ENSMUSG00000058569","ENSG00000184840","TMED9"
"Zfp592",-0.422250054830784,6.12331170823526,26.5779816870201,0.000126048706249536,0.00195375494686781,"Zfp592",-3.83405350221281,"ENSMUSG00000005621.11",TRUE,"ENSMUSG00000005621","ENSG00000166716","ZNF592"
"Sulf1",0.55667950728194,8.38025589718287,26.5689314524229,0.00012625810446882,0.00195509506851766,"Sulf1",3.83364541756881,"ENSMUSG00000016918.15",FALSE,"ENSMUSG00000016918","ENSG00000137573","SULF1"
"Prdx6",-0.391218195341901,7.10948148647055,26.5460874488044,0.000126788416891144,0.00195837047137202,"Prdx6",-3.83261476758969,"ENSMUSG00000026701.15",TRUE,"ENSMUSG00000026701","ENSG00000117592","PRDX6"
"Mif",0.61646056405747,4.77096635272273,26.545490304763,0.000126802313261723,0.00195837047137202,"Mif",3.83258781498076,"ENSMUSG00000033307.7",TRUE,"ENSMUSG00000033307","ENSG00000240972","MIF"
"Tmem268",0.684315783669158,3.59851258160844,26.5439115725891,0.000126839060901288,0.00195837047137202,"Tmem268",3.83251655476487,"ENSMUSG00000045917.17",TRUE,"ENSMUSG00000045917","ENSG00000157693","TMEM268"
"Unc119",1.28703715911196,1.81394219974899,26.4811126524275,0.000128310689450075,0.00197917060555241,"Unc119",3.82967867956226,"ENSMUSG00000002058.13",TRUE,"ENSMUSG00000002058","ENSG00000109103","UNC119"
"Hcn4",-1.32142569452118,3.56138513718976,26.4603389291573,0.000128801770832013,0.00198482031157123,"Hcn4",-3.82873850585318,"ENSMUSG00000032338.9",TRUE,"ENSMUSG00000032338","ENSG00000138622","HCN4"
"Exoc2",-0.432076097855624,5.48721277723473,26.4415222639792,0.000129248435385157,0.00198977528357227,"Exoc2",-3.82788629714911,"ENSMUSG00000021357.14",TRUE,"ENSMUSG00000021357","ENSG00000112685","EXOC2"
"Maged1",0.380450758265718,8.97601645966254,26.3575804886251,0.000131262616813988,0.00201690386479099,"Maged1",3.82407751505735,"ENSMUSG00000025151.16",TRUE,"ENSMUSG00000025151","ENSG00000179222","MAGED1"
"Gm17024",-0.683952146357892,3.8078308280784,26.3575126774679,0.00013126425831973,0.00201690386479099,"Gm17024",-3.82407443352017,"ENSMUSG00000090582.1",FALSE,"ENSMUSG00000090582",NA,NA
"Myh11",0.610849042376407,6.63257266313378,26.3278066448347,0.000131985605014209,0.00202602999666117,"Myh11",3.8227237780682,"ENSMUSG00000018830.10",TRUE,"ENSMUSG00000018830","ENSG00000133392","MYH11"
"Lgi4",-0.552521198787278,4.70814128682941,26.3183999264913,0.000132214966614133,0.00202759364904972,"Lgi4",-3.82229577675401,"ENSMUSG00000036560.14",FALSE,"ENSMUSG00000036560","ENSG00000153902","LGI4"
"Draxin",1.38217089893494,1.8491395222543,26.260615467913,0.00013363390368542,0.00204708301561722,"Draxin",3.81966341163554,"ENSMUSG00000029005.4",FALSE,"ENSMUSG00000029005","ENSG00000162490","DRAXIN"
"Pcf11",-0.479473269639476,6.22411214605685,26.2561905982807,0.000133743271912614,0.00204708301561722,"Pcf11",-3.81946160997076,"ENSMUSG00000041328.16",TRUE,"ENSMUSG00000041328","ENSG00000165494","PCF11"
"Etv6",0.505384149232479,5.68836496731147,26.2435651795678,0.000134055891240047,0.00204989503691391,"Etv6",3.81888563413521,"ENSMUSG00000030199.16",TRUE,"ENSMUSG00000030199","ENSG00000139083","ETV6"
"Entpd2",-0.398513041858045,7.02886370888186,26.2208485889673,0.000134620476085501,0.00205655084648197,"Entpd2",-3.81784863132353,"ENSMUSG00000015085.8",TRUE,"ENSMUSG00000015085","ENSG00000054179","ENTPD2"
"Dlgap1",-1.90870682393133,1.0692376077289,26.2120637216944,0.000134839535350759,0.0020579204709051,"Dlgap1",-3.81744737660478,"ENSMUSG00000003279.17",FALSE,"ENSMUSG00000003279","ENSG00000170579","DLGAP1"
"Gfra2",0.651527452916847,4.62870492207832,26.2017531865954,0.000135097156365031,0.00205987543401064,"Gfra2",3.81697627274752,"ENSMUSG00000022103.10",FALSE,"ENSMUSG00000022103","ENSG00000168546","GFRA2"
"Extl3",0.44054727595833,6.51466942052207,26.145097855325,0.000136522793868582,0.00207961876522227,"Extl3",3.81438445443238,"ENSMUSG00000021978.9",TRUE,"ENSMUSG00000021978","ENSG00000012232","EXTL3"
"Ugp2",-0.394145309904058,7.12787827611663,26.1171869136186,0.000137231417326549,0.00208841266004221,"Ugp2",-3.81310564460928,"ENSMUSG00000001891.16",TRUE,"ENSMUSG00000001891","ENSG00000169764","UGP2"
"Cxcl2",-0.723971183375032,4.68529617486387,26.0795847623206,0.000138192717617946,0.00210103134634627,"Cxcl2",-3.81138075154674,"ENSMUSG00000058427.10",TRUE,"ENSMUSG00000058427",NA,NA
"Ptk2b",0.596796765543805,4.77884591164975,26.0739924963668,0.00013833633779343,0.00210120609353287,"Ptk2b",3.81112402010743,"ENSMUSG00000059456.13",TRUE,"ENSMUSG00000059456","ENSG00000120899","PTK2B"
"Itih5",-0.471359104680853,9.53367673180485,26.0649446232543,0.000138569064582165,0.0021027326660784,"Itih5",-3.81070853673222,"ENSMUSG00000025780.7",TRUE,"ENSMUSG00000025780","ENSG00000123243","ITIH5"
"Shpk",-0.917453184015854,3.31706870108304,26.0486235941512,0.000138989997298536,0.00210710955866408,"Shpk",-3.80995871916186,"ENSMUSG00000005951.13",TRUE,"ENSMUSG00000005951","ENSG00000262304",""
"Slc39a1",0.366041556393829,7.6610295649017,26.0419629331952,0.000139162199247206,0.00210771090916982,"Slc39a1",3.80965258804757,"ENSMUSG00000052310.9",TRUE,"ENSMUSG00000052310","ENSG00000143570","SLC39A1"
"App",0.413106774622419,9.94050742655316,26.0354455756935,0.000139330931391005,0.00210825861266522,"App",3.80935297127093,"ENSMUSG00000022892.11",TRUE,"ENSMUSG00000022892","ENSG00000142192","APP"
"Ramp1",0.897352328780422,2.93597668131923,26.013022083796,0.000139913249338461,0.00211505741846915,"Ramp1",3.80832157088709,"ENSMUSG00000034353.14",FALSE,"ENSMUSG00000034353","ENSG00000132329","RAMP1"
"Phf11d",-0.535177398913113,5.03995396100898,25.9791546875211,0.000140798014673774,0.00212641104212443,"Phf11d",-3.80676218908336,"ENSMUSG00000068245.14",TRUE,"ENSMUSG00000068245","ENSG00000136147","PHF11"
"Appl2",-0.428223900735283,6.30133519970967,25.9734211472301,0.000140948429444236,0.00212666306779097,"Appl2",-3.80649800424713,"ENSMUSG00000020263.14",TRUE,"ENSMUSG00000020263","ENSG00000136044","APPL2"
"Slc8b1",-0.553719576932327,5.07499957903392,25.943458717599,0.000141737451018682,0.00213654093227498,"Slc8b1",-3.80511652085076,"ENSMUSG00000032754.14",TRUE,"ENSMUSG00000032754","ENSG00000089060","SLC8B1"
"Tsc22d1",0.4078010369668,7.67222466177735,25.9170538548311,0.00014243695837236,0.00214406066920651,"Tsc22d1",3.80389780995968,"ENSMUSG00000022010.19",TRUE,"ENSMUSG00000022010","ENSG00000102804","TSC22D1"
"Lmx1a",-0.969715630907595,3.01426248710851,25.9144575619362,0.000142505950283046,0.00214406066920651,"Lmx1a",-3.80377791493462,"ENSMUSG00000026686.14",FALSE,"ENSMUSG00000026686","ENSG00000162761","LMX1A"
"Dact1",-0.417234651727563,6.27144825305703,25.8966679295506,0.000142979702978121,0.00214915521404638,"Dact1",-3.80295609490668,"ENSMUSG00000044548.11",TRUE,"ENSMUSG00000044548","ENSG00000165617","DACT1"
"Lurap1l",-0.584848162821947,3.9390633009813,25.8601755596173,0.000143957146675625,0.00216180406381724,"Lurap1l",-3.80126859341346,"ENSMUSG00000048706.3",TRUE,"ENSMUSG00000048706","ENSG00000153714","LURAP1L"
"Hnrnph1",-0.460783695475288,8.49249369385691,25.8451991061425,0.000144360488757412,0.00216581589878219,"Hnrnph1",-3.80057538906127,"ENSMUSG00000007850.16",TRUE,"ENSMUSG00000007850","ENSG00000169045","HNRNPH1"
"Vegfd",-0.393276506920826,6.60033870159723,25.838218102455,0.000144548938841689,0.00216659922186559,"Vegfd",-3.80025213403667,"ENSMUSG00000031380.10",FALSE,"ENSMUSG00000031380","ENSG00000165197","VEGFD"
"Fzd10os",-0.990547728155317,2.71085322978207,25.7635717926179,0.000146581596693588,0.00219293239155045,"Fzd10os",-3.79679044859518,"ENSMUSG00000072591.10",FALSE,"ENSMUSG00000072591",NA,NA
"Fam49a",-0.470415565671383,5.58699348372422,25.7324923807781,0.000147437483893092,0.00220366382175924,"Fam49a",-3.79534634920887,"ENSMUSG00000020589.17",TRUE,"ENSMUSG00000020589","ENSG00000197872","CYRIA"
"Hpse",-0.554115803537267,4.84214915871168,25.7027081738374,0.000148263044545533,0.00221392225108696,"Hpse",-3.7939608777567,"ENSMUSG00000035273.14",TRUE,"ENSMUSG00000035273","ENSG00000173083","HPSE"
"Traf2",0.547357820315787,4.80386903019052,25.6403221911073,0.000150009375071491,0.00223789783467347,"Traf2",3.7910539280918,"ENSMUSG00000026942.13",TRUE,"ENSMUSG00000026942","ENSG00000127191","TRAF2"
"Dock4",-0.642184053691655,4.09028298439936,25.5978582241935,0.000151211434465098,0.00225371644076706,"Dock4",-3.78907143004779,"ENSMUSG00000035954.10",TRUE,"ENSMUSG00000035954","ENSG00000128512","DOCK4"
"P3h2",0.843850690721918,3.15530028096552,25.5781113085936,0.000151774157558459,0.00225856527012995,"P3h2",3.7881484515785,"ENSMUSG00000038168.5",TRUE,"ENSMUSG00000038168","ENSG00000090530","P3H2"
"Rhod",0.942250245917065,2.89828824975157,25.5764780858513,0.000151820805745389,0.00225856527012995,"Rhod",3.78807208387851,"ENSMUSG00000041845.11",TRUE,"ENSMUSG00000041845","ENSG00000173156","RHOD"
"Slc25a28",-0.627569088858057,5.14762989741966,25.4925877995454,0.000154238979379422,0.00229239484959901,"Slc25a28",-3.78414323818363,"ENSMUSG00000040414.8",TRUE,"ENSMUSG00000040414","ENSG00000155287","SLC25A28"
"C1galt1",-0.452854761952553,6.54253434501269,25.4259345032643,0.0001561915713667,0.00231691410121669,"C1galt1",-3.78101291327486,"ENSMUSG00000042460.5",TRUE,"ENSMUSG00000042460","ENSG00000106392","C1GALT1"
"Pdia4",0.411954175135329,7.46326529729442,25.4193824290382,0.000156385027048485,0.00231691410121669,"Pdia4",3.78070478034437,"ENSMUSG00000025823.9",TRUE,"ENSMUSG00000025823","ENSG00000155660","PDIA4"
"Sipa1",-0.424303707468711,5.63771297746143,25.416457799426,0.000156471467314766,0.00231691410121669,"Sipa1",-3.78056721569964,"ENSMUSG00000056917.13",TRUE,"ENSMUSG00000056917","ENSG00000213445","SIPA1"
"Smurf2",-0.448104052562893,6.5342483693403,25.4061060069434,0.00015677786183393,0.00231738524277873,"Smurf2",-3.78008018209388,"ENSMUSG00000018363.16",TRUE,"ENSMUSG00000018363","ENSG00000108854","SMURF2"
"Pofut2",0.391437605825218,7.49530331733802,25.4055369194009,0.000156794725600824,0.00231738524277873,"Pofut2",3.78005340207891,"ENSMUSG00000020260.9",TRUE,"ENSMUSG00000020260","ENSG00000186866","POFUT2"
"Aldh18a1",0.427564016589142,6.38796744572602,25.3821988848755,0.000157488083385027,0.00232547167137613,"Aldh18a1",3.77895467570669,"ENSMUSG00000025007.13",FALSE,"ENSMUSG00000025007","ENSG00000059573","ALDH18A1"
"Atp6v0d2",0.955898068977881,3.06016064658951,25.3538527365449,0.00015833492781303,0.0023307604019947,"Atp6v0d2",3.7776188864624,"ENSMUSG00000028238.6",TRUE,"ENSMUSG00000028238","ENSG00000147614","ATP6V0D2"
"Adamts15",0.490232218017736,8.65949252068078,25.3531498721706,0.000158355991728609,0.0023307604019947,"Adamts15",3.77758574659144,"ENSMUSG00000033453.8",TRUE,"ENSMUSG00000033453","ENSG00000166106","ADAMTS15"
"Ddhd1",-0.539742419267018,4.53843024503724,25.3511403997243,0.000158416230558591,0.0023307604019947,"Ddhd1",-3.77749099569527,"ENSMUSG00000037697.19",TRUE,"ENSMUSG00000037697","ENSG00000100523","DDHD1"
"Ezh1",-0.398909048449241,5.83772029273402,25.350597936999,0.000158432496670834,0.0023307604019947,"Ezh1",-3.77746541620647,"ENSMUSG00000006920.14",TRUE,"ENSMUSG00000006920","ENSG00000108799","EZH1"
"Fhl1",-0.388236784045773,7.6656116261602,25.3342274588172,0.000158924272148362,0.00233472285430886,"Fhl1",-3.77669323277937,"ENSMUSG00000023092.16",TRUE,"ENSMUSG00000023092",NA,NA
"Slc9a3r1",0.656326013637091,3.55715289562966,25.3318623928659,0.000158995463196661,0.00233472285430886,"Slc9a3r1",3.77658163531765,"ENSMUSG00000020733.3",TRUE,"ENSMUSG00000020733","ENSG00000109062","SLC9A3R1"
"C5ar1",1.49300799864239,1.42360187190692,25.3076977744228,0.000159724928524511,0.00234209733072904,"C5ar1",3.77544084377796,"ENSMUSG00000049130.6",TRUE,"ENSMUSG00000049130","ENSG00000197405","C5AR1"
"Arhgef17",0.391259319360647,6.75732579413073,25.3054751230557,0.000159792215546816,0.00234209733072904,"Arhgef17",3.77533586249669,"ENSMUSG00000032875.8",TRUE,"ENSMUSG00000032875","ENSG00000110237","ARHGEF17"
"Tmem63a",-0.391115576780822,6.3722267389442,25.2932568150247,0.000160162680957436,0.00234536566783251,"Tmem63a",-3.7747586059544,"ENSMUSG00000026519.16",TRUE,"ENSMUSG00000026519","ENSG00000196187","TMEM63A"
"Oxtr",-2.02223168382688,1.66835850389054,25.2857340680099,0.000160391260814182,0.00234655218098247,"Oxtr",-3.77440306093796,"ENSMUSG00000049112.9",TRUE,"ENSMUSG00000049112","ENSG00000180914","OXTR"
"Gpm6b",0.487876812878006,7.56064258742846,25.2759521263474,0.000160689042260504,0.00234822143339513,"Gpm6b",3.77394059067581,"ENSMUSG00000031342.17",FALSE,"ENSMUSG00000031342","ENSG00000046653","GPM6B"
"Specc1",0.715539056993114,4.26716119035007,25.2722903613657,0.000160800675405099,0.00234822143339513,"Specc1",3.77376742633399,"ENSMUSG00000042331.13",TRUE,"ENSMUSG00000042331","ENSG00000128487","SPECC1"
"Cntn6",-7.40219014040361,-1.54089443024391,27.9164243261885,0.000161491720400955,0.00235614938489577,"Cntn6",-3.77269799435608,"ENSMUSG00000030092.14",TRUE,"ENSMUSG00000030092","ENSG00000134115","CNTN6"
"Cercam",0.461512364526918,6.73062942456014,25.2381845787009,0.000161844681019848,0.00235885144433122,"Cercam",3.77215342774333,"ENSMUSG00000039787.13",FALSE,"ENSMUSG00000039787","ENSG00000167123","CERCAM"
"Lyz2",0.433402009580569,7.18940209578349,25.2339911911181,0.000161973575879375,0.00235885144433122,"Lyz2",3.77195484034906,"ENSMUSG00000069516.8",TRUE,"ENSMUSG00000069516",NA,NA
"Il27ra",0.991886630663804,2.85459001273686,25.1054977731463,0.000165980391950785,0.0024149919242391,"Il27ra",3.76585456531606,"ENSMUSG00000005465.9",TRUE,"ENSMUSG00000005465","ENSG00000104998","IL27RA"
"Tgfbi",-0.497638107642061,8.31376954863516,25.0915370909911,0.00016642248411963,0.00241921093688709,"Tgfbi",-3.76518999994557,"ENSMUSG00000035493.10",TRUE,"ENSMUSG00000035493","ENSG00000120708","TGFBI"
"Gabrb2",-2.53549644733075,0.165134597408073,25.0863435645984,0.000166587289213854,0.00241939512362367,"Gabrb2",-3.76494268518724,"ENSMUSG00000007653.12",FALSE,"ENSMUSG00000007653","ENSG00000145864","GABRB2"
"Phlpp1",-0.555907280595251,4.60001450664898,25.0457588645912,0.000167881572997737,0.00243596775126188,"Phlpp1",-3.76300838150376,"ENSMUSG00000044340.7",TRUE,"ENSMUSG00000044340","ENSG00000081913","PHLPP1"
"Cep170b",0.461585713265372,5.21730070567362,24.9916992315082,0.000169623403238466,0.00245899816016529,"Cep170b",3.76042724630476,"ENSMUSG00000072825.11",TRUE,"ENSMUSG00000072825","ENSG00000099814","CEP170B"
"Plekhg4",1.09337111658001,2.72011120406773,24.9745866300966,0.000170179060645974,0.0024648065587003,"Plekhg4",3.75960908791651,"ENSMUSG00000014782.16",TRUE,"ENSMUSG00000014782","ENSG00000196155","PLEKHG4"
"Slc38a10",0.416262558558617,8.31827604396368,24.9017133600824,0.000172568620939276,0.00249714174594841,"Slc38a10",3.75611905913443,"ENSMUSG00000061306.16",TRUE,"ENSMUSG00000061306","ENSG00000157637","SLC38A10"
"Efnb2",0.610896191108956,4.20737555085827,24.8608509277526,0.000173925228624825,0.00251448446438235,"Efnb2",3.75415786479768,"ENSMUSG00000001300.16",TRUE,"ENSMUSG00000001300","ENSG00000125266","EFNB2"
"Ppp1r15b",-0.408157228217511,7.16507823443482,24.815705069637,0.000175438180340447,0.00253405393456325,"Ppp1r15b",-3.75198754745981,"ENSMUSG00000046062.5",TRUE,"ENSMUSG00000046062","ENSG00000158615","PPP1R15B"
"Loxl4",-0.581543356201037,5.10093603614497,24.8056287760412,0.000175777904203902,0.00253665699687355,"Loxl4",-3.75150263679145,"ENSMUSG00000025185.14",FALSE,"ENSMUSG00000025185","ENSG00000138131","LOXL4"
"Chst2",0.715758714884477,4.10131717190464,24.7928858610613,0.000176208606597446,0.00253961208203976,"Chst2",3.75088913173928,"ENSMUSG00000033350.7",TRUE,"ENSMUSG00000033350","ENSG00000175040","CHST2"
"Ltbp3",0.367993448640728,8.61547620490246,24.7901254512402,0.000176302064929378,0.00253961208203976,"Ltbp3",3.75075619317806,"ENSMUSG00000024940.11",FALSE,"ENSMUSG00000024940","ENSG00000168056","LTBP3"
"Adgre5",0.482826137289516,5.52619495510227,24.7704770985493,0.00017696892579578,0.00254460834261328,"Adgre5",3.74980954471565,"ENSMUSG00000002885.14",TRUE,"ENSMUSG00000002885","ENSG00000123146","ADGRE5"
"E130114P18Rik",-1.15775015368542,1.9896532181792,24.73032550545,0.000178340611773292,0.002562015130109,"E130114P18Rik",-3.74787285568559,"ENSMUSG00000048747.14",FALSE,"ENSMUSG00000048747",NA,NA
"Ifngr2",0.445967650695498,6.18956388115186,24.7097103752581,0.000179049579965692,0.00256987858320794,"Ifngr2",3.74687734459063,"ENSMUSG00000022965.8",TRUE,"ENSMUSG00000022965","ENSG00000159128","IFNGR2"
"Piga",-0.673034463418235,3.79772202574948,24.6857681563186,0.000179876999439605,0.00257942644011546,"Piga",-3.74572018419005,"ENSMUSG00000031381.16",TRUE,"ENSMUSG00000031381","ENSG00000165195","PIGA"
"Slco2a1",-0.398016712671375,6.27740290856692,24.6764312142761,0.000180200854092636,0.00258174250687855,"Slco2a1",-3.74526863019616,"ENSMUSG00000032548.14",FALSE,"ENSMUSG00000032548","ENSG00000174640","SLCO2A1"
"Sgsm2",-0.417385697021101,5.69141322021116,24.6615605606593,0.000180718018673942,0.00258682146802133,"Sgsm2",-3.74454912179661,"ENSMUSG00000038351.14",TRUE,"ENSMUSG00000038351","ENSG00000141258","SGSM2"
"Acly",-0.414468059821118,7.18177503240939,24.6526196386441,0.000181029775156979,0.00258895369992934,"Acly",-3.74411632335764,"ENSMUSG00000020917.17",TRUE,"ENSMUSG00000020917","ENSG00000131473","ACLY"
"Net1",-0.90386026085506,3.22601385313463,24.6437968895806,0.000181338011452706,0.00259103180245497,"Net1",-3.74368910023376,"ENSMUSG00000021215.15",TRUE,"ENSMUSG00000021215","ENSG00000173848","NET1"
"Gpr107",0.472408477600056,6.27314951789686,24.5905614942062,0.000183210600507912,0.00261543822251107,"Gpr107",3.74110822563027,"ENSMUSG00000000194.13",TRUE,"ENSMUSG00000000194","ENSG00000148358","GPR107"
"Akr1cl",-1.83108684842905,1.70812160124308,24.5850077992556,0.000183407220238256,0.00261589688201703,"Akr1cl",-3.7408386770118,"ENSMUSG00000025955.13",FALSE,"ENSMUSG00000025955",NA,NA
"Dhx34",0.600245050722611,4.11886072208838,24.5603516225349,0.000184283038636744,0.0026260333005736,"Dhx34",3.73964129638553,"ENSMUSG00000006019.15",TRUE,"ENSMUSG00000006019","ENSG00000134815","DHX34"
"Bmp2k",-0.550788606853997,4.60678816576232,24.4608472213797,0.000187866273697581,0.00267469771764783,"Bmp2k",-3.73479752370012,"ENSMUSG00000034663.13",TRUE,"ENSMUSG00000034663","ENSG00000138756","BMP2K"
"Gm18068",-5.62654852229989,-1.39837586996953,24.4525110132582,0.00018817005095788,0.00267662640463611,"Gm18068",-3.73439088395166,"ENSMUSG00000117182.1",TRUE,"ENSMUSG00000117182",NA,NA
"Tsc22d3",-0.394174286645943,7.06177262607492,24.4189681463238,0.000189398041798592,0.00269168637955587,"Tsc22d3",-3.73275334517894,"ENSMUSG00000031431.13",TRUE,"ENSMUSG00000031431","ENSG00000157514","TSC22D3"
"Golm1",0.629941943641981,4.52938726963222,24.4018690505693,0.00019002754213351,0.00269822143084751,"Golm1",3.731917764898,"ENSMUSG00000021556.12",TRUE,"ENSMUSG00000021556","ENSG00000135052","GOLM1"
"Prelid1",0.380300062531589,6.61752320472834,24.3669639121808,0.00019131997758928,0.00271414951258012,"Prelid1",3.73021034672858,"ENSMUSG00000021486.7",TRUE,"ENSMUSG00000021486","ENSG00000169230","PRELID1"
"Tmod1",-0.939968582850909,2.97378109776398,24.3490173328591,0.000191988380791682,0.00272120429565964,"Tmod1",-3.7293315769417,"ENSMUSG00000028328.13",FALSE,"ENSMUSG00000028328","ENSG00000136842","TMOD1"
"Rtp4",-0.629547468383608,4.90623874226036,24.3278999091225,0.000192778286279959,0.00272644177762865,"Rtp4",-3.7282967635834,"ENSMUSG00000033355.6",TRUE,"ENSMUSG00000033355","ENSG00000136514","RTP4"
"Usp18",-0.588092519005413,4.59685990081986,24.3238896898275,0.00019292870778634,0.00272644177762865,"Usp18",-3.72810015608906,"ENSMUSG00000030107.10",TRUE,"ENSMUSG00000030107","ENSG00000161133","USP41"
"Zswim4",0.455273432325197,4.95683366875801,24.3208272811859,0.000193043667333828,0.00272644177762865,"Zswim4",3.7279499960202,"ENSMUSG00000035671.6",TRUE,"ENSMUSG00000035671","ENSG00000132003","ZSWIM4"
"Chpf2",0.480636654965086,6.07794295714116,24.3007403943124,0.000193799643897031,0.002734081982178,"Chpf2",3.72696462825854,"ENSMUSG00000038181.16",TRUE,"ENSMUSG00000038181","ENSG00000033100","CHPF2"
"Cep85l",-0.495920776267169,4.76344981081513,24.2970907023256,0.000193937362793262,0.002734081982178,"Cep85l",-3.72678550940538,"ENSMUSG00000038594.9",TRUE,"ENSMUSG00000038594","ENSG00000111860","CEP85L"
"Jph2",1.0294100808776,3.35345002678945,24.2927740334469,0.000194100393503047,0.002734081982178,"Jph2",3.72657362413878,"ENSMUSG00000017817.11",TRUE,"ENSMUSG00000017817","ENSG00000149596","JPH2"
"Fnbp1",0.384342159456276,5.97376606477802,24.2257043901332,0.00019665361368706,0.00276273157479508,"Fnbp1",3.72327693133453,"ENSMUSG00000075415.13",TRUE,"ENSMUSG00000075415","ENSG00000187239","FNBP1"
"Snhg11",-1.50747405695094,2.45202642338378,24.2238831928042,0.000196723474703824,0.00276273157479508,"Snhg11",-3.72318729394335,"ENSMUSG00000044349.15",FALSE,"ENSMUSG00000044349",NA,NA
"Rpp25",1.62135092790961,1.87743231269962,24.2227496337379,0.000196766972226269,0.00276273157479508,"Rpp25",3.72313149817685,"ENSMUSG00000062309.8",FALSE,"ENSMUSG00000062309","ENSG00000178718","RPP25"
"Slc35f1",-2.34119663896307,1.65076483559481,24.22112827971,0.00019682920670583,0.00276273157479508,"Slc35f1",-3.72305168802157,"ENSMUSG00000038602.7",TRUE,"ENSMUSG00000038602","ENSG00000196376","SLC35F1"
"Atl2",-0.402544454253794,5.49736192792257,24.1577926554637,0.000199277925437597,0.00279463566863678,"Atl2",-3.71993009639605,"ENSMUSG00000059811.13",TRUE,"ENSMUSG00000059811","ENSG00000119787","ATL2"
"Sertad1",-0.50002566920817,7.14311075706852,24.1276021787856,0.00020045736151764,0.00280726796278514,"Sertad1",-3.71843940666513,"ENSMUSG00000008384.8",TRUE,"ENSMUSG00000008384","ENSG00000197019","SERTAD1"
"G0s2",-0.723182274021821,3.66619927466363,24.1257048356372,0.000200531749086583,0.00280726796278514,"G0s2",-3.71834566465487,"ENSMUSG00000009633.3",TRUE,"ENSMUSG00000009633","ENSG00000123689","G0S2"
"Cdh3",1.72664837820143,1.41430223061735,24.0606176572835,0.000203102701634976,0.00284075836772297,"Cdh3",3.7151257041837,"ENSMUSG00000061048.8",TRUE,"ENSMUSG00000061048","ENSG00000062038","CDH3"
"Maff",-0.609392867487385,6.76778859316061,24.0459755496011,0.000203686225082119,0.00284641655314669,"Maff",-3.71440021051741,"ENSMUSG00000042622.14",TRUE,"ENSMUSG00000042622","ENSG00000185022","MAFF"
"Smim14",-0.402700078250666,6.93268333647076,24.0087846250325,0.000205176974549824,0.00286473171752928,"Smim14",-3.71255559232464,"ENSMUSG00000037822.12",TRUE,"ENSMUSG00000037822","ENSG00000163683","SMIM14"
"Fam83a",2.38645248966538,0.407673529153839,24.0028609727536,0.000205415561417477,0.0028655470817738,"Fam83a",3.7122615398674,"ENSMUSG00000051225.9",FALSE,"ENSMUSG00000051225","ENSG00000147689","FAM83A"
"Fjx1",0.90469109480416,2.59796042566594,23.9975428717562,0.000205630027626323,0.00286602482852009,"Fjx1",3.71199748920327,"ENSMUSG00000075012.4",TRUE,"ENSMUSG00000075012","ENSG00000179431","FJX1"
"Bmpr1b",1.38932053924907,2.46857945354951,23.9670645412048,0.000206864073711692,0.00288069996868392,"Bmpr1b",3.71048314047908,"ENSMUSG00000052430.15",FALSE,"ENSMUSG00000052430","ENSG00000138696","BMPR1B"
"Rftn1",0.434518607945878,5.67025321952099,23.9533022620059,0.000207424060443233,0.00288597098270231,"Rftn1",3.7097987546476,"ENSMUSG00000039316.14",TRUE,"ENSMUSG00000039316","ENSG00000131378","RFTN1"
"Copz2",0.417674034376532,6.21626982643791,23.9286934052474,0.000208429702062647,0.00289549931560672,"Copz2",3.70857405829187,"ENSMUSG00000018672.15",TRUE,"ENSMUSG00000018672","ENSG00000005243","COPZ2"
"Rasal2",0.55139625894359,4.78776085297703,23.9276359907444,0.000208473037563333,0.00289549931560672,"Rasal2",3.70852140802048,"ENSMUSG00000070565.11",TRUE,"ENSMUSG00000070565","ENSG00000075391","RASAL2"
"Ccl7",-0.683776698971652,8.32059119369272,23.9143511978531,0.000209018356700778,0.00290054007557807,"Ccl7",-3.70785975205808,"ENSMUSG00000035373.2",TRUE,"ENSMUSG00000035373","ENSG00000108688","CCL7"
"Ier5",-0.609447248842836,8.08951767595364,23.9069985140584,0.00020932087050975,0.00290220558301357,"Ier5",-3.70749339965362,"ENSMUSG00000056708.5",TRUE,"ENSMUSG00000056708","ENSG00000162783","IER5"
"Marcksl1",0.504527755904356,6.03534304293059,23.880687087396,0.000210407500967985,0.00291473039015145,"Marcksl1",3.70618154910054,"ENSMUSG00000047945.6",TRUE,"ENSMUSG00000047945","ENSG00000175130","MARCKSL1"
"Nop58",-0.590343550954702,6.70346906375864,23.8691599580093,0.000210885579833244,0.00291881059711756,"Nop58",-3.70560639576568,"ENSMUSG00000026020.9",TRUE,"ENSMUSG00000026020","ENSG00000055044","NOP58"
"Lrif1",-0.607475017398262,3.77101109389582,23.853981036073,0.000211517001775573,0.00292500424281473,"Lrif1",-3.70484863663173,"ENSMUSG00000056260.15",TRUE,"ENSMUSG00000056260","ENSG00000121931","LRIF1"
"Bace1",0.417594022416095,6.25427272096914,23.8165203268449,0.000213084547634472,0.00294412125198176,"Bace1",3.70297659466158,"ENSMUSG00000032086.12",TRUE,"ENSMUSG00000032086","ENSG00000186318","BACE1"
"Osbpl3",-0.693396917130339,3.76215028351896,23.8017858683758,0.000213704733296888,0.00295012706043438,"Osbpl3",-3.7022395062383,"ENSMUSG00000029822.15",TRUE,"ENSMUSG00000029822","ENSG00000070882","OSBPL3"
"Hfe",-0.662945259845714,5.07984607043856,23.7972764489955,0.000213894949085136,0.00295019199939368,"Hfe",-3.70201383795452,"ENSMUSG00000006611.15",TRUE,"ENSMUSG00000006611","ENSG00000010704","HFE"
"Slc41a2",0.437561875713345,5.60605554245917,23.7902367505097,0.000214192282304989,0.00295173298569865,"Slc41a2",3.70166146488571,"ENSMUSG00000034591.5",FALSE,"ENSMUSG00000034591","ENSG00000136052","SLC41A2"
"Arl15",-0.471365389297227,5.15413590953908,23.7847152935334,0.000214425819431491,0.00295239290599048,"Arl15",-3.70138501923129,"ENSMUSG00000042348.10",TRUE,"ENSMUSG00000042348","ENSG00000185305","ARL15"
"Rps6ka3",-0.409690091780773,6.74394330311145,23.7563205776245,0.000215631399143893,0.00296422346387907,"Rps6ka3",-3.69996241589932,"ENSMUSG00000031309.15",TRUE,"ENSMUSG00000031309","ENSG00000177189","RPS6KA3"
"Tnfsf8",0.766867134289321,3.81339483809684,23.7556999706539,0.000215657834855567,0.00296422346387907,"Tnfsf8",3.69993130509174,"ENSMUSG00000028362.2",TRUE,"ENSMUSG00000028362","ENSG00000106952","TNFSF8"
"Tcfl5",1.28333099057632,1.81671563788288,23.731729683845,0.000216681715571337,0.00297572480374004,"Tcfl5",3.69872910015851,"ENSMUSG00000038932.13",FALSE,"ENSMUSG00000038932","ENSG00000101190","TCFL5"
"Necab3",-1.88538576329267,1.35768891001745,23.6567601278298,0.00021991991266959,0.00301758962138438,"Necab3",-3.69496172576939,"ENSMUSG00000027489.15",FALSE,"ENSMUSG00000027489","ENSG00000125967","NECAB3"
"Il31ra",-2.83106439649252,1.23938932788219,23.5884757586228,0.000222917375649762,0.00305471402259173,"Il31ra",-3.69152055704563,"ENSMUSG00000050377.8",TRUE,"ENSMUSG00000050377","ENSG00000164509","IL31RA"
"Kdelr3",0.375198774695573,7.12245690203181,23.5863895635285,0.000223009682464252,0.00305471402259173,"Kdelr3",3.69141527722877,"ENSMUSG00000010830.8",FALSE,"ENSMUSG00000010830","ENSG00000100196","KDELR3"
"Myrip",-1.67940150096355,1.45503890668652,23.5728047042897,0.000223611830365,0.00306032610868726,"Myrip",-3.69072950426209,"ENSMUSG00000041794.13",TRUE,"ENSMUSG00000041794","ENSG00000170011","MYRIP"
"C3",-0.33602910541287,13.6681799707507,23.5217586342221,0.00022589104993897,0.00308886102079057,"C3",-3.68814935482214,"ENSMUSG00000024164.15",FALSE,"ENSMUSG00000024164","ENSG00000125730","C3"
"Zfp608",0.518024768623493,4.95861267624165,23.4943202561258,0.000227127104614945,0.00310309479784491,"Zfp608",3.68676030322059,"ENSMUSG00000052713.9",TRUE,"ENSMUSG00000052713","ENSG00000168916","ZNF608"
"Nab1",0.371736479971784,6.46147383920199,23.4741557837839,0.000228040391781588,0.00311289815493785,"Nab1",3.68573852141254,"ENSMUSG00000002881.14",TRUE,"ENSMUSG00000002881","ENSG00000138386","NAB1"
"Kdelr2",0.367413572197333,7.78978638676834,23.4491549005297,0.00022917854101485,0.00312429622178834,"Kdelr2",3.68447052709852,"ENSMUSG00000079111.3",TRUE,"ENSMUSG00000079111","ENSG00000136240","KDELR2"
"Kat2b",-0.371074330452654,6.39130702639369,23.4471893639335,0.000229268294713387,0.00312429622178834,"Kat2b",-3.68437078547371,"ENSMUSG00000000708.14",TRUE,"ENSMUSG00000000708","ENSG00000114166","KAT2B"
"Kank4",-1.14871458600866,2.37767659624502,23.4291625115625,0.000230093337250029,0.00313285474510891,"Kank4",-3.68345564382,"ENSMUSG00000035407.8",TRUE,"ENSMUSG00000035407","ENSG00000132854","KANK4"
"Scn1b",0.410705475831979,6.04195017095087,23.4123965853685,0.000230863705875426,0.00314065484562609,"Scn1b",3.68260392280941,"ENSMUSG00000019194.15",TRUE,"ENSMUSG00000019194","ENSG00000105711","SCN1B"
"Abhd2",0.498871932461257,7.16295747612488,23.3891945242824,0.000231934654368665,0.00315252718668794,"Abhd2",3.68142430086202,"ENSMUSG00000039202.12",TRUE,"ENSMUSG00000039202","ENSG00000140526","ABHD2"
"P3h4",0.40027849403813,5.87322475427255,23.2997268854459,0.000236117551456255,0.00320664169155322,"P3h4",3.67686539472387,"ENSMUSG00000006931.15",FALSE,"ENSMUSG00000006931","ENSG00000141696","P3H4"
"Trpc6",1.09338314627243,2.81462923709909,23.2919012947037,0.000236487489821673,0.00320747894927369,"Trpc6",3.67646585728907,"ENSMUSG00000031997.9",FALSE,"ENSMUSG00000031997","ENSG00000137672","TRPC6"
"Podnl1",1.30597204238485,1.78479206212512,23.2898919807369,0.000236582582374271,0.00320747894927369,"Podnl1",3.67636325105309,"ENSMUSG00000012889.8",FALSE,"ENSMUSG00000012889","ENSG00000132000","PODNL1"
"Kctd9",-0.420501888378249,5.85467200620884,23.2695736583198,0.000237546615042074,0.00321780563800179,"Kctd9",-3.67532522503924,"ENSMUSG00000034327.17",TRUE,"ENSMUSG00000034327","ENSG00000104756","KCTD9"
"Nfasc",0.72699538199434,6.16317765658339,23.257508530729,0.00023812117913715,0.00322271561348454,"Nfasc",3.67470843918285,"ENSMUSG00000026442.14",FALSE,"ENSMUSG00000026442","ENSG00000163531","NFASC"
"Sox13",-0.625870443322734,4.14730130978047,23.253459031121,0.000238314378510836,0.00322271561348454,"Sox13",-3.67450135625959,"ENSMUSG00000070643.11",TRUE,"ENSMUSG00000070643","ENSG00000143842","SOX13"
"Kng2",0.91262741210101,4.40535406570359,23.1639733129492,0.000242629584643428,0.00327828231485508,"Kng2",3.66991663328392,"ENSMUSG00000060459.14",FALSE,"ENSMUSG00000060459","ENSG00000113889","KNG1"
"Tjp2",0.652642421371421,4.11730668087231,23.137696943828,0.000243913540966779,0.00329283280305152,"Tjp2",3.6685672474849,"ENSMUSG00000024812.11",TRUE,"ENSMUSG00000024812","ENSG00000285130",""
"Akr1b8",0.37850912206801,6.03652242620154,23.1055103039018,0.000245496850195492,0.00331139644500332,"Akr1b8",3.66691239898539,"ENSMUSG00000029762.6",FALSE,"ENSMUSG00000029762","ENSG00000198074","AKR1B10"
"Fam102b",-0.362596185260386,7.68399053905195,23.0711778176065,0.000247198630635985,0.00333152527373226,"Fam102b",-3.66514485250157,"ENSMUSG00000040339.10",TRUE,"ENSMUSG00000040339","ENSG00000162636","FAM102B"
"Art3",-0.590775151684255,4.9861293124048,23.0248938359326,0.000249514122411372,0.0033598840717257,"Art3",-3.66275811954844,"ENSMUSG00000034842.16",TRUE,"ENSMUSG00000034842","ENSG00000156219","ART3"
"Lysmd3",-0.377843229081007,6.02898620812986,23.0198959617129,0.000249765629861399,0.00336042539059715,"Lysmd3",-3.66250012596966,"ENSMUSG00000035840.7",TRUE,"ENSMUSG00000035840","ENSG00000176018","LYSMD3"
"Adgrb3",1.57073448000175,1.77634050415461,23.0128320234173,0.000250121600139272,0.00336237008200747,"Adgrb3",3.66213539174873,"ENSMUSG00000033569.17",FALSE,"ENSMUSG00000033569","ENSG00000135298","ADGRB3"
"Rap1b",-0.383080793108939,8.17541203454272,22.9329458140722,0.000254187745895203,0.00341414503629343,"Rap1b",-3.65800332924125,"ENSMUSG00000052681.8",TRUE,"ENSMUSG00000052681","ENSG00000127314","RAP1B"
"Npepl1",-0.391364131204413,6.54666763836638,22.9283891497818,0.000254421936160566,0.00341440679389155,"Npepl1",-3.65776723470604,"ENSMUSG00000039263.16",TRUE,"ENSMUSG00000039263","ENSG00000215440","NPEPL1"
"Neto1",-5.45708071337368,-1.54099526739219,22.9162935884949,0.000255044781553211,0.00341739713677068,"Neto1",-3.65714031513853,"ENSMUSG00000050321.3",FALSE,"ENSMUSG00000050321","ENSG00000166342","NETO1"
"Gdi1",-0.373143701756581,6.90519835496677,22.9157165363254,0.000255074539479771,0.00341739713677068,"Gdi1",-3.65711039850753,"ENSMUSG00000015291.10",TRUE,"ENSMUSG00000015291","ENSG00000203879","GDI1"
"Entpd7",0.718352176625161,3.57117183687708,22.9045160029125,0.000255652922194321,0.00342226298119216,"Entpd7",3.65652958024744,"ENSMUSG00000025192.13",TRUE,"ENSMUSG00000025192","ENSG00000198018","ENTPD7"
"Ophn1",-0.509396242479147,4.58832142095228,22.8935223949882,0.000256222072277573,0.00342675084416042,"Ophn1",-3.6559592351245,"ENSMUSG00000031214.13",TRUE,"ENSMUSG00000031214","ENSG00000079482","OPHN1"
"Fgd6",1.09022529384928,2.29172600199283,22.8897224432584,0.000256419135040615,0.00342675084416042,"Fgd6",3.65576203544478,"ENSMUSG00000020021.4",TRUE,"ENSMUSG00000020021","ENSG00000180263","FGD6"
"Ank3",-0.601375203388975,4.43327501972216,22.7854035377642,0.000261897041036191,0.00349701817262682,"Ank3",-3.65033643701061,"ENSMUSG00000069601.14",FALSE,"ENSMUSG00000069601","ENSG00000151150","ANK3"
"Rgs16",0.643973681085157,6.95294798065042,22.736292306419,0.000264521981241998,0.00352910492255998,"Rgs16",3.64777416819399,"ENSMUSG00000026475.7",TRUE,"ENSMUSG00000026475","ENSG00000143333","RGS16"
"Xpnpep1",0.403997919731244,6.16591625182524,22.7057141721568,0.000266171479528289,0.00354628026122513,"Xpnpep1",3.64617622072753,"ENSMUSG00000025027.18",TRUE,"ENSMUSG00000025027","ENSG00000108039","XPNPEP1"
"Zfp618",0.711514912720227,3.78694146744007,22.7041653950954,0.000266255337477382,0.00354628026122513,"Zfp618",3.64609523173729,"ENSMUSG00000028358.15",TRUE,"ENSMUSG00000028358","ENSG00000157657","ZNF618"
"Xist",-0.387471828569159,8.51905447922741,22.6342825553619,0.000270070611102666,0.00359108726016698,"Xist",-3.64243554804036,"ENSMUSG00000086503.4",TRUE,"ENSMUSG00000086503",NA,NA
"Surf4",0.344105720466294,8.70067159842486,22.6342740612192,0.000270071078611564,0.00359108726016698,"Surf4",3.64243510257388,"ENSMUSG00000014867.9",TRUE,"ENSMUSG00000014867","ENSG00000148248","SURF4"
"Tnfrsf21",0.590645374446371,4.90799111088789,22.622216056251,0.000270735669071065,0.00359465837420286,"Tnfrsf21",3.64180257634386,"ENSMUSG00000023915.5",TRUE,"ENSMUSG00000023915","ENSG00000146072","TNFRSF21"
"Fam102a",0.407481807960772,6.4777887289723,22.6212006268071,0.000270791720574421,0.00359465837420286,"Fam102a",3.64174929570444,"ENSMUSG00000039157.12",TRUE,"ENSMUSG00000039157","ENSG00000167106","FAM102A"
"Cmpk1",0.35293682602394,6.19117846126596,22.5844157579419,0.000272831176840723,0.0036187107633845,"Cmpk1",3.63981765535794,"ENSMUSG00000028719.8",TRUE,"ENSMUSG00000028719","ENSG00000162368","CMPK1"
"Cyb5a",-0.440936111619993,7.40785391987692,22.5159554817859,0.00027667355588202,0.00366376092112095,"Cyb5a",-3.6362148876095,"ENSMUSG00000024646.14",TRUE,"ENSMUSG00000024646","ENSG00000166347","CYB5A"
"Ctsa",0.36605036214547,7.26860546166055,22.5156917261358,0.000276688478039757,0.00366376092112095,"Ctsa",3.63620098763006,"ENSMUSG00000017760.16",TRUE,"ENSMUSG00000017760","ENSG00000064601","CTSA"
"Dram1",0.477142644860959,7.29730892783465,22.5009710834889,0.000277522763467102,0.00366956221684852,"Dram1",3.63542496680786,"ENSMUSG00000020057.2",TRUE,"ENSMUSG00000020057","ENSG00000136048","DRAM1"
"Aplp2",-0.394240917162524,7.7814446689913,22.4801429112032,0.000278708089219798,0.00368130792596549,"Aplp2",-3.63432617271775,"ENSMUSG00000031996.17",TRUE,"ENSMUSG00000031996","ENSG00000084234","APLP2"
"Ivd",-0.479388418159293,4.81945165532469,22.4600201306535,0.00027985875018212,0.00369343875862759,"Ivd",-3.63326369374091,"ENSMUSG00000027332.11",TRUE,"ENSMUSG00000027332","ENSG00000128928","IVD"
"Nfkbia",-0.379989355626172,8.51035743945473,22.4413471322794,0.000280931351376873,0.00370209736242635,"Nfkbia",-3.63227697234532,"ENSMUSG00000021025.8",TRUE,"ENSMUSG00000021025","ENSG00000100906","NFKBIA"
"Cryzl2",0.72513578012081,3.50878452802429,22.4404949480133,0.000280980413535094,0.00370209736242635,"Cryzl2",3.63223192291727,"ENSMUSG00000033488.11",TRUE,"ENSMUSG00000033488",NA,NA
"Crlf2",0.581132343836486,3.92274874579886,22.4242136850716,0.000281919639019326,0.00371139736699034,"Crlf2",3.63137093360862,"ENSMUSG00000033467.12",TRUE,"ENSMUSG00000033467","ENSG00000205755","CRLF2"
"Hs6st1",0.464892130181524,4.80724790804169,22.4158891133852,0.000282401243912372,0.00371466251607813,"Hs6st1",3.63093048764349,"ENSMUSG00000045216.7",TRUE,"ENSMUSG00000045216","ENSG00000136720","HS6ST1"
"Nlrc3",1.68100969085053,1.17275863915713,22.4059695544206,0.000282976348176835,0.00371915112814563,"Nlrc3",3.63040545405171,"ENSMUSG00000049871.14",TRUE,"ENSMUSG00000049871","ENSG00000167984","NLRC3"
"Fndc10",0.687981814816694,3.27653221501546,22.3838455625954,0.00028426383778121,0.00373298745849264,"Fndc10",3.62923367319825,"ENSMUSG00000074738.2",TRUE,"ENSMUSG00000074738","ENSG00000228594","FNDC10"
"Plekhb1",-1.11337546530597,2.3993877372197,22.3406529691444,0.00028679667282369,0.00376314149167916,"Plekhb1",-3.62694291011595,"ENSMUSG00000030701.17",TRUE,"ENSMUSG00000030701","ENSG00000021300","PLEKHB1"
"Slc25a23",-0.541090254733951,3.98953253112548,22.3204352726399,0.000287991072649288,0.00377569829212005,"Slc25a23",-3.62586923246935,"ENSMUSG00000046329.14",TRUE,"ENSMUSG00000046329","ENSG00000125648","SLC25A23"
"Dtnbp1",-0.389004451091689,6.03445538555336,22.2837868813041,0.000290170618640493,0.00379585838682156,"Dtnbp1",-3.62392068835765,"ENSMUSG00000057531.14",TRUE,"ENSMUSG00000057531","ENSG00000047579","DTNBP1"
"Ror2",-0.375653137901152,5.87009710769667,22.2808240635612,0.000290347641952455,0.00379585838682156,"Ror2",-3.62376302968436,"ENSMUSG00000021464.14",FALSE,"ENSMUSG00000021464","ENSG00000169071","ROR2"
"Rrm2",1.07382600037862,2.17489717792695,22.2787466891786,0.000290471834884222,0.00379585838682156,"Rrm2",3.62365247599669,"ENSMUSG00000020649.11",TRUE,"ENSMUSG00000020649","ENSG00000171848","RRM2"
"Sigmar1",0.356760278510697,6.11540249890217,22.2785510339162,0.000290483534978422,0.00379585838682156,"Sigmar1",3.62364206312468,"ENSMUSG00000036078.16",TRUE,"ENSMUSG00000036078","ENSG00000147955","SIGMAR1"
"Epha2",0.643318536818687,3.71574363424449,22.2338058113669,0.00029317343103104,0.00382786295048164,"Epha2",3.62125847081617,"ENSMUSG00000006445.3",TRUE,"ENSMUSG00000006445","ENSG00000142627","EPHA2"
"Klf3",-0.417153802456291,6.68241615523486,22.1985117090304,0.00029531518735206,0.00385266400693996,"Klf3",-3.61937520484021,"ENSMUSG00000029178.14",TRUE,"ENSMUSG00000029178","ENSG00000109787","KLF3"
"Plekha2",-0.366768379774883,5.78604233552048,22.1746848871279,0.00029677114900732,0.00386848490382247,"Plekha2",-3.6181022550603,"ENSMUSG00000031557.16",FALSE,"ENSMUSG00000031557","ENSG00000169499","PLEKHA2"
"Arhgap21",-0.385214751478538,7.29458811042453,22.16463378796,0.000297387781836526,0.00387334798898139,"Arhgap21",-3.61756489435596,"ENSMUSG00000036591.16",TRUE,"ENSMUSG00000036591","ENSG00000107863","ARHGAP21"
"Rab27a",1.22233597567984,1.90915466326739,22.1435565517147,0.000298685610248463,0.00388706813402726,"Rab27a",3.61643731143016,"ENSMUSG00000032202.11",TRUE,"ENSMUSG00000032202","ENSG00000069974","RAB27A"
"Arl4a",-0.478896374446094,5.01840799693348,22.1067811749788,0.000300965526951963,0.0039135362020581,"Arl4a",-3.61446753285266,"ENSMUSG00000047446.18",TRUE,"ENSMUSG00000047446","ENSG00000122644","ARL4A"
"6330403L08Rik",1.02547562154968,2.93119173742124,22.0818239951145,0.000302524055661397,0.00393058828201241,"6330403L08Rik",3.61312903706506,"ENSMUSG00000075585.3",FALSE,"ENSMUSG00000075585",NA,NA
"Prag1",0.815120064529705,2.9553323785956,22.068150875612,0.00030338181251406,0.00393851507298865,"Prag1",3.6123951307301,"ENSMUSG00000050271.12",TRUE,"ENSMUSG00000050271","ENSG00000275342","PRAG1"
"Steap3",-0.353943923065071,8.6270400803624,22.0515782663788,0.000304425178943374,0.00394603741022506,"Steap3",-3.6115050296027,"ENSMUSG00000026389.16",TRUE,"ENSMUSG00000026389","ENSG00000115107","STEAP3"
"S100a10",-0.412435318496309,8.59337579986509,22.0478397642247,0.000304661109444441,0.00394603741022506,"S100a10",-3.61130415217942,"ENSMUSG00000041959.14",TRUE,"ENSMUSG00000041959","ENSG00000197747","S100A10"
"Rpn1",0.35565835971999,7.88537548324527,22.0471343666551,0.00030470564923325,0.00394603741022506,"Rpn1",3.61126624618029,"ENSMUSG00000030062.7",TRUE,"ENSMUSG00000030062","ENSG00000163902","RPN1"
"Itpr3",0.452736113091896,5.58078073559426,22.0369319286455,0.000305350675466161,0.00395117314234204,"Itpr3",3.61071787152301,"ENSMUSG00000042644.9",TRUE,"ENSMUSG00000042644","ENSG00000096433","ITPR3"
"Actr1b",0.341804792554376,6.58546841602976,22.025734142078,0.000306060421194183,0.00395713729939113,"Actr1b",3.61011572705267,"ENSMUSG00000037351.9",TRUE,"ENSMUSG00000037351","ENSG00000115073","ACTR1B"
"Casp4",-0.588949680810704,5.91103140663708,22.0039083244029,0.000307449207011196,0.00397186412599436,"Casp4",-3.60894126148246,"ENSMUSG00000033538.13",TRUE,"ENSMUSG00000033538",NA,NA
"Znrf1",0.473884444749752,5.35460748431802,21.9930671192656,0.000308141704438959,0.00397757916046491,"Znrf1",3.60835748651504,"ENSMUSG00000033545.14",TRUE,"ENSMUSG00000033545","ENSG00000186187","ZNRF1"
"Zfp395",-0.472567301665823,5.29207244200011,21.9831667336385,0.000308775657973476,0.00398252983678198,"Zfp395",-3.60782414004424,"ENSMUSG00000034522.10",TRUE,"ENSMUSG00000034522","ENSG00000186918","ZNF395"
"Trim16",-0.608059357449643,3.7311960358164,21.9309288040579,0.000312145316993236,0.00402272850578884,"Trim16",-3.60500633257857,"ENSMUSG00000047821.16",TRUE,"ENSMUSG00000047821","ENSG00000221926","TRIM16"
"Sc5d",-0.524114730329668,4.42924263074705,21.9102096926143,0.000313493409138902,0.00403683051460401,"Sc5d",-3.60388698759538,"ENSMUSG00000032018.14",TRUE,"ENSMUSG00000032018","ENSG00000109929","SC5D"
"Fbln1",0.425239982014283,8.43032810642402,21.9054614600488,0.000313803286825184,0.00403755151325315,"Fbln1",3.60363032767766,"ENSMUSG00000006369.14",FALSE,"ENSMUSG00000006369","ENSG00000077942","FBLN1"
"Cd164",-0.352285065342715,8.51421997993981,21.8960993224649,0.000314415298384894,0.0040421556105214,"Cd164",-3.60312411807317,"ENSMUSG00000019818.15",TRUE,"ENSMUSG00000019818","ENSG00000135535","CD164"
"Nhsl2",0.603521374781359,4.8471261125443,21.8908279450806,0.000314760491351327,0.00404332479318267,"Nhsl2",3.60283900732715,"ENSMUSG00000079481.11",TRUE,"ENSMUSG00000079481","ENSG00000204131","NHSL2"
"Praf2",0.509813418158226,5.04424656423302,21.8769261177615,0.000315672916258916,0.00405177270965741,"Praf2",3.60208680069148,"ENSMUSG00000031149.7",TRUE,"ENSMUSG00000031149","ENSG00000243279","PRAF2"
"Ctso",-0.383308126087222,6.27992848531053,21.8562239432896,0.000317037260390943,0.00406600286451384,"Ctso",-3.60096581862042,"ENSMUSG00000028015.3",TRUE,"ENSMUSG00000028015","ENSG00000256043","CTSO"
"Camk2n1",-0.55455427161526,5.47018423975202,21.8443543912932,0.000317822533184474,0.00407278948044536,"Camk2n1",-3.60032266313516,"ENSMUSG00000046447.3",TRUE,"ENSMUSG00000046447","ENSG00000162545","CAMK2N1"
"Vstm2b",-1.35565072345532,1.70230628072784,21.8365617233429,0.000318339289728671,0.00407612699239538,"Vstm2b",-3.5999002393341,"ENSMUSG00000039257.11",FALSE,"ENSMUSG00000039257","ENSG00000187135","VSTM2B"
"Hdlbp",0.378660627995751,9.18607286368204,21.8172187066762,0.000319626127595262,0.00408931159062546,"Hdlbp",3.59885109379272,"ENSMUSG00000034088.15",TRUE,"ENSMUSG00000034088","ENSG00000115677","HDLBP"
"Clcf1",0.700500223191103,3.11719393215787,21.8094837841724,0.000320142368316996,0.00409262386120996,"Clcf1",3.59843131897309,"ENSMUSG00000040663.9",TRUE,"ENSMUSG00000040663","ENSG00000175505","CLCF1"
"Cdk1",1.50787526056665,2.08121210174133,21.7842374582921,0.00032183396755415,0.00410842653600146,"Cdk1",3.59706024156023,"ENSMUSG00000019942.13",TRUE,"ENSMUSG00000019942","ENSG00000170312","CDK1"
"Igdcc4",0.46026024828151,6.25043918296383,21.7833263370955,0.000321895206178571,0.00410842653600146,"Igdcc4",3.59701073296333,"ENSMUSG00000032816.15",FALSE,"ENSMUSG00000032816","ENSG00000103742","IGDCC4"
"Actc1",-2.86437622257045,0.107933202095274,21.77913878602,0.000322176832184958,0.00410872346610857,"Actc1",-3.59678316479135,"ENSMUSG00000068614.7",FALSE,"ENSMUSG00000068614","ENSG00000159251","ACTC1"
"Nudt4",0.358605497598587,7.60214855784192,21.7733857617526,0.000322564198940021,0.0041103673523583,"Nudt4",3.59647045669225,"ENSMUSG00000020029.6",TRUE,"ENSMUSG00000020029","ENSG00000173598","NUDT4"
"Nbl1",0.346555423254934,9.10373702658943,21.7558166358541,0.000323750463659479,0.00412218064337606,"Nbl1",3.59551500687578,"ENSMUSG00000041120.6",FALSE,"ENSMUSG00000041120","ENSG00000158747","NBL1"
"Pde5a",0.414827339536467,5.03016863278625,21.746873093742,0.000324356238317383,0.00412658980636908,"Pde5a",3.59502836267367,"ENSMUSG00000053965.10",FALSE,"ENSMUSG00000053965","ENSG00000138735","PDE5A"
"Plekhf2",-0.620768598966033,3.6039663106084,21.7248079430011,0.000325856311058769,0.00414202948879496,"Plekhf2",-3.59382694286239,"ENSMUSG00000049969.3",TRUE,"ENSMUSG00000049969","ENSG00000175895","PLEKHF2"
"Rnf165",-0.842317756653486,2.95174145915794,21.7213702006739,0.000326090732564377,0.00414202948879496,"Rnf165",-3.59363966069814,"ENSMUSG00000025427.15",FALSE,"ENSMUSG00000025427","ENSG00000141622","RNF165"
"Gm6093",1.70583330674637,1.87718144031564,21.7039963703151,0.000327278405833377,0.00415379767595227,"Gm6093",3.59269274625157,"ENSMUSG00000112963.1",FALSE,"ENSMUSG00000112963",NA,NA
"Mthfr",0.392173750126792,5.3596873216707,21.6831798308002,0.000328707915814369,0.00416861402328222,"Mthfr",3.59155727451193,"ENSMUSG00000029009.17",TRUE,"ENSMUSG00000029009","ENSG00000177000","MTHFR"
"Pde4c",-1.20220519771129,2.02077712125699,21.6708466338311,0.000329558213592543,0.0041760671480177,"Pde4c",-3.59088406579195,"ENSMUSG00000031842.14",TRUE,"ENSMUSG00000031842","ENSG00000285188",""
"Rcn1",0.353594234724754,8.20447043450487,21.6461346986391,0.000331269499070261,0.00419440990741589,"Rcn1",3.5895340981457,"ENSMUSG00000005973.6",TRUE,"ENSMUSG00000005973","ENSG00000049449","RCN1"
"Pla2g7",0.641212273011888,3.61954430851861,21.6248353976251,0.000332752586606459,0.00420983642386835,"Pla2g7",3.58836941526333,"ENSMUSG00000023913.17",TRUE,"ENSMUSG00000023913","ENSG00000146070","PLA2G7"
"Glb1",0.378735729920223,6.11464185777832,21.6116522770596,0.000333674326684094,0.00421546992910995,"Glb1",3.58764800907415,"ENSMUSG00000045594.10",FALSE,"ENSMUSG00000045594","ENSG00000170266","GLB1"
"Srm",0.406112047353248,5.41362181852141,21.6108856662328,0.000333728016144717,0.00421546992910995,"Srm",3.58760604614305,"ENSMUSG00000006442.10",FALSE,"ENSMUSG00000006442","ENSG00000116649","SRM"
"Actg1",-0.365124340259801,8.94998233048943,21.5975640642218,0.000334662565274109,0.00422391966313822,"Actg1",-3.5868766257693,"ENSMUSG00000062825.15",TRUE,"ENSMUSG00000062825","ENSG00000184009","ACTG1"
"Trp53i11",0.782017451104188,3.0021128245911,21.5605553878523,0.000337274514544742,0.00425351039239098,"Trp53i11",3.58484804751848,"ENSMUSG00000068735.14",TRUE,"ENSMUSG00000068735","ENSG00000175274","TP53I11"
"Tmeff1",-0.798709582603697,2.86249188402619,21.5536815051834,0.000337762203102993,0.00425628551184382,"Tmeff1",-3.58447091192092,"ENSMUSG00000028347.14",FALSE,"ENSMUSG00000028347","ENSG00000241697","TMEFF1"
"Ccrl2",0.636567422543558,3.69971794170167,21.5393777376579,0.000338779604472518,0.00425779733066781,"Ccrl2",3.58368578016692,"ENSMUSG00000043953.12",TRUE,"ENSMUSG00000043953","ENSG00000121797","CCRL2"
"Ints6l",-0.493700606859356,4.69884037695611,21.5381993960239,0.00033886357331161,0.00425779733066781,"Ints6l",-3.58362107974055,"ENSMUSG00000035967.15",TRUE,"ENSMUSG00000035967","ENSG00000165359","INTS6L"
"Man2b1",0.361854295599159,7.07393833993311,21.5376333843919,0.000338903915831692,0.00425779733066781,"Man2b1",3.58358999999285,"ENSMUSG00000005142.10",TRUE,"ENSMUSG00000005142","ENSG00000269242",""
"Lrrc59",0.345449693985228,7.25058201401314,21.5369431875967,0.000338953117061274,0.00425779733066781,"Lrrc59",3.58355210020846,"ENSMUSG00000020869.8",TRUE,"ENSMUSG00000020869","ENSG00000108829","LRRC59"
"Nans",0.386468261263447,5.51758979528669,21.5291734450462,0.00033950755105457,0.00426139588352078,"Nans",3.58312537426091,"ENSMUSG00000028334.10",TRUE,"ENSMUSG00000028334","ENSG00000095380","NANS"
"Rhou",-0.383790448187647,5.92821092860998,21.4966130594189,0.000341842260717936,0.00428731661845215,"Rhou",-3.58133556402,"ENSMUSG00000039960.5",FALSE,"ENSMUSG00000039960","ENSG00000116574","RHOU"
"Gas6",0.356443572009749,9.34511972070387,21.4634017803065,0.000344242500954275,0.00431401772472485,"Gas6",3.57950739989527,"ENSMUSG00000031451.6",TRUE,"ENSMUSG00000031451","ENSG00000183087","GAS6"
"Tsga10",-0.970058868315098,2.87308574759235,21.4393550597888,0.000345992385278416,0.00433253299455327,"Tsga10",-3.57818208546012,"ENSMUSG00000060771.14",FALSE,"ENSMUSG00000060771","ENSG00000135951","TSGA10"
"Iglon5",0.440293641917807,5.27205348606516,21.4275252319899,0.000346856960939409,0.00433994197468089,"Iglon5",3.57752959214952,"ENSMUSG00000013367.5",FALSE,"ENSMUSG00000013367","ENSG00000142549","IGLON5"
"Scube2",1.35364377233963,1.588647597399,21.420476051604,0.00034737331593262,0.00434270016029624,"Scube2",3.57714062544795,"ENSMUSG00000007279.14",FALSE,"ENSMUSG00000007279","ENSG00000175356","SCUBE2"
"Dok6",1.18271602205555,1.86322094828175,21.4170642058666,0.000347623549271025,0.00434270016029624,"Dok6",3.57695232089247,"ENSMUSG00000073514.4",FALSE,"ENSMUSG00000073514","ENSG00000206052","DOK6"
"Myo5a",0.491067427233335,6.4840531700329,21.3729742755931,0.000350875756022735,0.00437988787129479,"Myo5a",3.57451644811963,"ENSMUSG00000034593.16",TRUE,"ENSMUSG00000034593","ENSG00000197535","MYO5A"
"Dhdh",-0.735959565033285,2.97586379685024,21.3573830894112,0.000352034093435766,0.00439090053953646,"Dhdh",-3.57365396185273,"ENSMUSG00000011382.8",TRUE,"ENSMUSG00000011382","ENSG00000104808","DHDH"
"Thbs1",0.390068089749422,9.9445166135201,21.3162954381968,0.000355107597407746,0.00442576498556064,"Thbs1",3.57137826232311,"ENSMUSG00000040152.8",FALSE,"ENSMUSG00000040152","ENSG00000137801","THBS1"
"Plpp5",0.397241090302877,5.76526861953918,21.2864297319524,0.000357360847241886,0.00445035986976328,"Plpp5",3.56972157233117,"ENSMUSG00000031570.17",TRUE,"ENSMUSG00000031570","ENSG00000147535","PLPP5"
"Zfp36l1",-0.33662935588768,8.6845722017472,21.2761570790696,0.000358139639401018,0.00445507078292951,"Zfp36l1",-3.56915124055787,"ENSMUSG00000021127.7",TRUE,"ENSMUSG00000021127","ENSG00000185650","ZFP36L1"
"Lhfp",0.340327058770308,8.00592376851497,21.2740527598967,0.000358299410888942,0.00445507078292951,"Lhfp",3.56903437871548,"ENSMUSG00000048332.13",TRUE,"ENSMUSG00000048332","ENSG00000183722","LHFPL6"
"Foxc2",1.40888825633445,1.29647417889944,21.2485479125971,0.00036024234882915,0.00447321786135488,"Foxc2",3.56761713961556,"ENSMUSG00000046714.7",TRUE,"ENSMUSG00000046714","ENSG00000176692","FOXC2"
"Galm",-0.597483452989899,3.92839214385556,21.2475128269262,0.000360321453838621,0.00447321786135488,"Galm",-3.56755958952865,"ENSMUSG00000035473.10",FALSE,"ENSMUSG00000035473","ENSG00000143891","GALM"
"Pde11a",1.35220970515422,2.06294022961793,21.2344376908644,0.000361322408810168,0.00448214529431209,"Pde11a",3.56683239847527,"ENSMUSG00000075270.11",FALSE,"ENSMUSG00000075270","ENSG00000128655","PDE11A"
"Slc16a7",-1.47437231609341,1.30894806850182,21.2225394906398,0.000362236017907789,0.00448997614402772,"Slc16a7",-3.56617030641843,"ENSMUSG00000020102.15",TRUE,"ENSMUSG00000020102","ENSG00000118596","SLC16A7"
"Acpp",1.53496907643733,2.27182619153595,21.210197358933,0.000363186496140596,0.00449825143934882,"Acpp",3.5654831504926,"ENSMUSG00000032561.15",TRUE,"ENSMUSG00000032561","ENSG00000014257","ACP3"
"Anks1",-0.441222557536037,5.12517248926253,21.199146075796,0.000364039976391707,0.00450531341988896,"Anks1",-3.56486755139658,"ENSMUSG00000024219.16",TRUE,"ENSMUSG00000024219","ENSG00000064999","ANKS1A"
"Tmsb4x",-0.378099551350639,9.50239519229485,21.1948291115295,0.000364373991872815,0.00450594058534477,"Tmsb4x",-3.56462699971535,"ENSMUSG00000049775.16",TRUE,"ENSMUSG00000049775","ENSG00000154620","TMSB4Y"
"Crip1",0.382832337468769,8.67637138974872,21.1651322345581,0.000366681205452391,0.00453094888135926,"Crip1",3.56297099659513,"ENSMUSG00000006360.11",TRUE,"ENSMUSG00000006360","ENSG00000213145","CRIP1"
"Unc5c",1.44518654876009,3.18395123101917,21.1355662461022,0.000368994796403255,0.00455599708633615,"Unc5c",3.56132016993884,"ENSMUSG00000059921.15",TRUE,"ENSMUSG00000059921","ENSG00000182168","UNC5C"
"Radil",-0.427450785967664,5.07133076999289,21.1108438214987,0.000370942141184326,0.00457648787529429,"Radil",-3.55993815580001,"ENSMUSG00000029576.17",FALSE,"ENSMUSG00000029576","ENSG00000157927","RADIL"
"C1qa",0.743449444336151,3.74941782737853,21.0643576321277,0.000374635570330409,0.00461847246121279,"C1qa",3.55733549024045,"ENSMUSG00000036887.5",TRUE,"ENSMUSG00000036887","ENSG00000173372","C1QA"
"Wsb1",-0.554306439192903,7.80522630317055,21.0566229647806,0.000375254162859933,0.0046225150673598,"Wsb1",-3.55690193053047,"ENSMUSG00000017677.11",TRUE,"ENSMUSG00000017677","ENSG00000109046","WSB1"
"Btg2",-0.366792572130178,10.2963753958584,21.0247280915211,0.000377817328506675,0.00465048682294245,"Btg2",-3.55511254669268,"ENSMUSG00000020423.6",TRUE,"ENSMUSG00000020423","ENSG00000159388","BTG2"
"Lrig3",0.401959141022007,5.57232518896495,21.0170429615295,0.000378437906106362,0.0046545228312525,"Lrig3",3.55468101877478,"ENSMUSG00000020105.9",TRUE,"ENSMUSG00000020105","ENSG00000139263","LRIG3"
"Ets2",-0.436005344394612,6.60374206597615,21.0069419940085,0.00037925533050757,0.00466097180916684,"Ets2",-3.55411361879292,"ENSMUSG00000022895.16",TRUE,"ENSMUSG00000022895","ENSG00000157557","ETS2"
"Gatm",-1.25976217378331,2.30030759217353,20.992760713487,0.00038040635217775,0.00467150750477433,"Gatm",-3.55331659340764,"ENSMUSG00000027199.14",TRUE,"ENSMUSG00000027199","ENSG00000171766","GATM"
"Osr1",-0.429890689443923,5.83482877128259,20.9707551387537,0.000382200319138394,0.00468991641609405,"Osr1",-3.55207884340441,"ENSMUSG00000048387.8",TRUE,"ENSMUSG00000048387","ENSG00000143867","OSR1"
"Bcat1",0.709619586995304,4.93426820449099,20.9518399788493,0.000383750050666454,0.00470530227891181,"Bcat1",3.55101396760893,"ENSMUSG00000030268.17",TRUE,"ENSMUSG00000030268","ENSG00000060982","BCAT1"
"1700017B05Rik",0.4678696255524,5.21707177538024,20.9095702593571,0.000387239179152007,0.00474168396025053,"1700017B05Rik",3.54863109836975,"ENSMUSG00000032300.7",FALSE,"ENSMUSG00000032300","ENSG00000167173","C15orf39"
"Gm32014",-2.03333247618425,1.13256188183852,20.9086739478008,0.000387313554949723,0.00474168396025053,"Gm32014",-3.54858052281958,"ENSMUSG00000111602.1",FALSE,"ENSMUSG00000111602",NA,NA
"Osbpl6",-0.757403474580549,3.56806413293501,20.8848337356909,0.000389297797719798,0.00476230990549073,"Osbpl6",-3.54723457756639,"ENSMUSG00000042359.18",FALSE,"ENSMUSG00000042359","ENSG00000079156","OSBPL6"
"AI427809",0.695307802458619,3.90405880557572,20.8606595065177,0.0003913216748324,0.00478338862018421,"AI427809",3.54586833567593,"ENSMUSG00000086712.2",TRUE,"ENSMUSG00000086712",NA,NA
"Ssr2",0.343876513111675,7.17032358370602,20.8515508540234,0.000392087362242989,0.00478659682961596,"Ssr2",3.54535317040788,"ENSMUSG00000041355.13",TRUE,"ENSMUSG00000041355","ENSG00000163479","SSR2"
"Garem1",0.86074724374533,3.18228254541508,20.8503776501779,0.000392186107589108,0.00478659682961596,"Garem1",3.54528680159584,"ENSMUSG00000042680.8",FALSE,"ENSMUSG00000042680","ENSG00000141441","GAREM1"
"Magi3",-0.566769198693771,4.95160401350078,20.8439072598781,0.000392731211822696,0.00478793316280597,"Magi3",-3.54492070641627,"ENSMUSG00000052539.15",TRUE,"ENSMUSG00000052539","ENSG00000081026","MAGI3"
"Grik3",-2.69221215668031,0.874149955385027,20.8397305214055,0.000393083543556845,0.00478793316280597,"Grik3",-3.54468433091367,"ENSMUSG00000001985.9",FALSE,"ENSMUSG00000001985","ENSG00000163873","GRIK3"
"Tril",-0.431149322529871,5.73925466777839,20.838364987764,0.000393198812213079,0.00478793316280597,"Tril",-3.54460704141181,"ENSMUSG00000043496.7",TRUE,"ENSMUSG00000043496","ENSG00000255690","TRIL"
"Mcfd2",0.341390583455007,6.86791636498481,20.8164731068362,0.000395052036670643,0.00480048238824597,"Mcfd2",3.54336732211853,"ENSMUSG00000024150.12",TRUE,"ENSMUSG00000024150","ENSG00000180398","MCFD2"
"Unc93a",2.49384365488605,1.08235887012191,20.8157117157597,0.000395116669922336,0.00480048238824597,"Unc93a",3.54332418367135,"ENSMUSG00000067049.8",FALSE,"ENSMUSG00000067049","ENSG00000112494","UNC93A"
"Mpzl1",0.447045115056624,4.78325894424424,20.7678444222168,0.00039920433726595,0.0048462187599545,"Mpzl1",3.5406092402934,"ENSMUSG00000026566.15",TRUE,"ENSMUSG00000026566","ENSG00000197965","MPZL1"
"Atp8a1",-0.980065027029221,3.0872639510836,20.7483753294987,0.000400880682863357,0.00486285697908159,"Atp8a1",-3.539503349723,"ENSMUSG00000037685.15",TRUE,"ENSMUSG00000037685","ENSG00000124406","ATP8A1"
"Arhgef7",0.346501062630337,6.30572799681789,20.743664880633,0.000401287470154683,0.00486387556845575,"Arhgef7",3.53923564230052,"ENSMUSG00000031511.15",TRUE,"ENSMUSG00000031511","ENSG00000102606","ARHGEF7"
"Nfia",-0.380361625109236,7.12264942680729,20.7403231119768,0.000401576345430573,0.00486387556845575,"Nfia",-3.53904568688265,"ENSMUSG00000028565.18",TRUE,"ENSMUSG00000028565","ENSG00000162599","NFIA"
"Ifi30",0.394726971483017,5.47380514001982,20.7104346918234,0.000404170576628002,0.00489157129384712,"Ifi30",3.53734549873085,"ENSMUSG00000031838.8",TRUE,"ENSMUSG00000031838","ENSG00000216490","IFI30"
"B4galt6",0.609277822443733,4.04820069795091,20.6205588420296,0.000412087318697845,0.00497980594927951,"B4galt6",3.53221939060963,"ENSMUSG00000056124.5",TRUE,"ENSMUSG00000056124","ENSG00000118276","B4GALT6"
"Synpo2",0.562755387449997,5.46639591355525,20.5998273554167,0.000413938441729317,0.00499811914345664,"Synpo2",3.53103406019718,"ENSMUSG00000050315.14",FALSE,"ENSMUSG00000050315","ENSG00000172403","SYNPO2"
"Itpripl2",0.386122481150323,7.00060725331078,20.5940822938176,0.000414453095774925,0.00499811914345664,"Itpripl2",3.5307053911034,"ENSMUSG00000095115.2",TRUE,"ENSMUSG00000095115","ENSG00000205730","ITPRIPL2"
"Dgkk",2.16713566746216,0.552368739290044,20.5930502027615,0.000414545629769182,0.00499811914345664,"Dgkk",3.53064633734528,"ENSMUSG00000062393.13",FALSE,"ENSMUSG00000062393","ENSG00000274588","DGKK"
"Tmem88b",-2.24373870842331,0.510157645834329,20.5827848235172,0.000415467273367184,0.00500543640027146,"Tmem88b",-3.53005882974267,"ENSMUSG00000073680.2",TRUE,"ENSMUSG00000073680","ENSG00000205116","TMEM88B"
"A530053G22Rik",-7.07532272830267,-1.80439879177308,22.4472381370567,0.000416219363149331,0.00501070138695217,"A530053G22Rik",-3.52958030650942,"ENSMUSG00000046764.8",FALSE,"ENSMUSG00000046764",NA,NA
"Tmem176b",0.418443569436045,8.05930835961696,20.5683661337988,0.000416765753395418,0.00501348394572416,"Tmem176b",3.52923316745581,"ENSMUSG00000029810.15",TRUE,"ENSMUSG00000029810","ENSG00000106565","TMEM176B"
"Sec22b",0.330007621149728,6.7540946167016,20.5476108702821,0.000418643001716775,0.00503225975533021,"Sec22b",3.52804372213504,"ENSMUSG00000027879.9",TRUE,"ENSMUSG00000027879","ENSG00000265808","SEC22B"
"Sos2",-0.39436936149671,5.37935006598033,20.4905008949272,0.000423858340969427,0.00508435063755378,"Sos2",-3.52476517864617,"ENSMUSG00000034801.13",FALSE,"ENSMUSG00000034801","ENSG00000100485","SOS2"
"Spata33",-1.88149028501737,1.434276629577,20.489660155402,0.000423935669081073,0.00508435063755378,"Spata33",-3.52471685150929,"ENSMUSG00000048478.7",FALSE,"ENSMUSG00000048478",NA,NA
"Pfkfb3",0.431611130204458,4.96855763992751,20.461482875989,0.000426536631038987,0.0051097898001071,"Pfkfb3",3.52309612477027,"ENSMUSG00000026773.19",FALSE,"ENSMUSG00000026773","ENSG00000170525","PFKFB3"
"Pgf",-1.05795529642787,3.0680814570664,20.4597258450254,0.00042669941863436,0.0051097898001071,"Pgf",-3.52299499471828,"ENSMUSG00000004791.7",TRUE,"ENSMUSG00000004791","ENSG00000119630","PGF"
"Adh7",-0.631162367483301,3.96106353239399,20.4475339442288,0.000427830940675315,0.00511948491313735,"Adh7",-3.52229304257848,"ENSMUSG00000055301.8",FALSE,"ENSMUSG00000055301","ENSG00000196344","ADH7"
"Tmprss2",-1.41982405110502,1.75463697591399,20.4286638725168,0.000429589006150557,0.00513665711640023,"Tmprss2",-3.52120583873811,"ENSMUSG00000000385.8",TRUE,"ENSMUSG00000000385","ENSG00000184012","TMPRSS2"
"Cep85",0.594606363887377,3.92713854212258,20.3885973797783,0.000433349236993061,0.00517772570691258,"Cep85",3.51889435361726,"ENSMUSG00000037443.13",TRUE,"ENSMUSG00000037443","ENSG00000130695","CEP85"
"Aldh6a1",-0.489729631715111,5.03422024324421,20.3535907870517,0.000436665315263515,0.00521342981128805,"Aldh6a1",-3.51687138324462,"ENSMUSG00000021238.11",TRUE,"ENSMUSG00000021238","ENSG00000119711","ALDH6A1"
"Mpdz",-0.428844230880638,6.87912603509873,20.3496078990292,0.000437044431764473,0.00521404170919011,"Mpdz",-3.51664101785847,"ENSMUSG00000028402.18",TRUE,"ENSMUSG00000028402","ENSG00000107186","MPDZ"
"Kctd12b",-0.637784012678236,3.74018969344063,20.3449869127604,0.000437484756531506,0.00521538237115483,"Kctd12b",-3.51637369407559,"ENSMUSG00000041633.14",TRUE,"ENSMUSG00000041633",NA,NA
"Ptpre",0.883052567589386,2.73008120309372,20.3387430391415,0.000438080526185336,0.00521857274001902,"Ptpre",3.51601239832147,"ENSMUSG00000041836.10",TRUE,"ENSMUSG00000041836","ENSG00000132334","PTPRE"
"Porcn",0.527170542497015,3.90224456613967,20.3212606382796,0.000439753562257094,0.00523364940491955,"Porcn",3.51500025726796,"ENSMUSG00000031169.13",FALSE,"ENSMUSG00000031169","ENSG00000102312","PORCN"
"Scap",0.391400140361118,5.74602937081226,20.3186465121449,0.000440004354799562,0.00523364940491955,"Scap",3.51484884453553,"ENSMUSG00000032485.14",TRUE,"ENSMUSG00000032485","ENSG00000114650","SCAP"
"Bmp5",-0.628709160570212,4.85955284496384,20.3027919776139,0.000441528893928909,0.00524785799712365,"Bmp5",-3.51393015348757,"ENSMUSG00000032179.7",TRUE,"ENSMUSG00000032179","ENSG00000112175","BMP5"
"Robo1",0.708876794122103,5.6339633739403,20.2882048640242,0.000442936878343382,0.00526066107266229,"Robo1",3.51308432486715,"ENSMUSG00000022883.11",FALSE,"ENSMUSG00000022883","ENSG00000169855","ROBO1"
"Flnb",-0.461354366947075,7.36291604652121,20.2725669866563,0.00044445196976578,0.00527471617551134,"Flnb",-3.51217695174486,"ENSMUSG00000025278.9",TRUE,"ENSMUSG00000025278","ENSG00000136068","FLNB"
"Prkx",-0.534367802193686,4.6780770034917,20.2628157338825,0.000445399718398402,0.00528202216382535,"Prkx",-3.51161082127204,"ENSMUSG00000035725.13",TRUE,"ENSMUSG00000035725","ENSG00000183943","PRKX"
"Omd",-0.693744606767483,3.79561088603808,20.2574836592925,0.000445918929734571,0.00528423900116907,"Omd",-3.51130115084342,"ENSMUSG00000048368.9",FALSE,"ENSMUSG00000048368","ENSG00000127083","OMD"
"Tceal9",0.356270904099977,6.88628137944247,20.2493390400421,0.000446713344639864,0.00528971133269378,"Tceal9",3.5108279929916,"ENSMUSG00000042712.10",TRUE,"ENSMUSG00000042712","ENSG00000185222","TCEAL9"
"Evc",-0.330548467057267,6.25784792815878,20.240870535401,0.000447541061322701,0.00529556956712419,"Evc",-3.5103358351052,"ENSMUSG00000029122.11",FALSE,"ENSMUSG00000029122","ENSG00000072840","EVC"
"Ttyh1",-1.29942112820888,1.50707310721389,20.2312670570601,0.00044848182618901,0.00530275574861251,"Ttyh1",-3.50977748955017,"ENSMUSG00000030428.16",TRUE,"ENSMUSG00000030428","ENSG00000167614","TTYH1"
"Osr2",-0.551922133183925,6.9307314207915,20.2268019209664,0.000448920001905214,0.00530399315772558,"Osr2",-3.50951780455134,"ENSMUSG00000022330.5",TRUE,"ENSMUSG00000022330","ENSG00000164920","OSR2"
"Gdf11",0.68873111261538,3.7863729598186,20.1470895333399,0.000456825062656263,0.00539338453706202,"Gdf11",3.50487304804375,"ENSMUSG00000025352.6",FALSE,"ENSMUSG00000025352","ENSG00000135414","GDF11"
"Yif1a",0.356598975756928,5.60168339248691,20.1030676587755,0.000461258623123625,0.00544168834090134,"Yif1a",3.50230075808342,"ENSMUSG00000024875.5",TRUE,"ENSMUSG00000024875","ENSG00000174851","YIF1A"
"Arhgap18",-0.41521203405986,4.89928186305065,20.0854108097537,0.000463050651779836,0.00545352645689986,"Arhgap18",-3.50126758980572,"ENSMUSG00000039031.16",TRUE,"ENSMUSG00000039031","ENSG00000146376","ARHGAP18"
"Hnmt",-0.703319255697737,3.21544424159639,20.0819753337311,0.000463400246222657,0.00545352645689986,"Hnmt",-3.5010664711441,"ENSMUSG00000026986.14",FALSE,"ENSMUSG00000026986","ENSG00000150540","HNMT"
"Furin",0.356868908346638,6.65694410000569,20.0811926933004,0.000463479929857472,0.00545352645689986,"Furin",3.50102064964891,"ENSMUSG00000030530.15",TRUE,"ENSMUSG00000030530","ENSG00000140564","FURIN"
"Tmem104",0.596832145194483,4.32545646176179,20.0796821787053,0.000463633765310231,0.00545352645689986,"Tmem104",3.50093220847839,"ENSMUSG00000045980.13",TRUE,"ENSMUSG00000045980","ENSG00000109066","TMEM104"
"Lrfn4",0.753224249616353,3.83145573728844,20.0472868009195,0.000466947055156409,0.00548843977690493,"Lrfn4",3.49903398804033,"ENSMUSG00000045045.7",TRUE,"ENSMUSG00000045045","ENSG00000173621","LRFN4"
"Adarb1",0.446894682245476,4.90735955083367,20.0432277832451,0.000467364096573892,0.00548928451094136,"Adarb1",3.49879595141039,"ENSMUSG00000020262.15",TRUE,"ENSMUSG00000020262","ENSG00000197381","ADARB1"
"B4galt7",0.547718819505064,4.16088787404717,20.0396067797093,0.000467736492686827,0.00548960401712075,"B4galt7",3.49858356460383,"ENSMUSG00000021504.14",TRUE,"ENSMUSG00000021504","ENSG00000027847","B4GALT7"
"Ift20",0.408246030387273,5.58576553570952,20.0232316386802,0.000469424794137882,0.00550535582682503,"Ift20",3.49762265861763,"ENSMUSG00000001105.15",TRUE,"ENSMUSG00000001105","ENSG00000109083","IFT20"
"Gng12",-0.339910305702433,8.54482641663082,20.0044467364004,0.000471370103328973,0.0055240963546357,"Gng12",-3.49651946480257,"ENSMUSG00000036402.13",TRUE,"ENSMUSG00000036402","ENSG00000172380","GNG12"
"Heph",-0.70468002476738,4.5645088025941,19.9871081808247,0.000473173788521253,0.00554115077971539,"Heph",-3.49550037470437,"ENSMUSG00000031209.14",TRUE,"ENSMUSG00000031209","ENSG00000089472","HEPH"
"Aatk",-0.735067203835554,3.55400822136586,19.9587268711224,0.000476143221579365,0.005571821672389,"Aatk",-3.49383049920215,"ENSMUSG00000025375.15",TRUE,"ENSMUSG00000025375","ENSG00000181409","AATK"
"Ephx3",0.744610162213452,3.23100483347841,19.9200448683598,0.000480224633375631,0.00561545025336225,"Ephx3",3.49155107907472,"ENSMUSG00000037577.13",FALSE,"ENSMUSG00000037577","ENSG00000105131","EPHX3"
"Tmed3",0.348215429290676,7.59459723510738,19.8857400433487,0.000483877579700808,0.00565400819249225,"Tmed3",3.48952622374496,"ENSMUSG00000032353.9",TRUE,"ENSMUSG00000032353","ENSG00000166557","TMED3"
"Mcam",0.392624920973393,6.30990843786863,19.8720156129882,0.000485347884182237,0.00566702452433929,"Mcam",3.48871524462733,"ENSMUSG00000032135.15",TRUE,"ENSMUSG00000032135","ENSG00000076706","MCAM"
"Chst15",0.577736532949319,5.43473127506858,19.8655059739247,0.000486047044255303,0.00567102431752904,"Chst15",3.48833041085397,"ENSMUSG00000030930.14",TRUE,"ENSMUSG00000030930","ENSG00000182022","CHST15"
"Dclk1",0.474534349438957,7.8194819877884,19.8535398449386,0.000487335248061424,0.00568188596035251,"Dclk1",3.48762270382891,"ENSMUSG00000027797.15",FALSE,"ENSMUSG00000027797","ENSG00000133083","DCLK1"
"Enpp2",-0.360929927013455,7.78626947388298,19.8294874916046,0.00048993637129063,0.00570802792134424,"Enpp2",-3.48619901372908,"ENSMUSG00000022425.16",TRUE,"ENSMUSG00000022425","ENSG00000136960","ENPP2"
"Snx27",-0.357704407798047,5.5406839899109,19.8253679892119,0.000490383456673435,0.00570905425437602,"Snx27",-3.48595501765995,"ENSMUSG00000028136.15",FALSE,"ENSMUSG00000028136","ENSG00000143376","SNX27"
"Gm42517",1.6268893868292,1.12995953177388,19.805896423507,0.000492502987576273,0.00572953548750949,"Gm42517",3.484801102833,"ENSMUSG00000105867.2",TRUE,"ENSMUSG00000105867","ENSG00000273238","TMEM271"
"Kctd5",0.469599129809333,4.94496274737448,19.7932553716401,0.000493884587233129,0.00574140832658513,"Kctd5",3.48405142295806,"ENSMUSG00000016946.6",TRUE,"ENSMUSG00000016946","ENSG00000167977","KCTD5"
"Adamts18",0.778499092673494,2.77533123886381,19.7869888865944,0.000494571117636786,0.0057416469278291,"Adamts18",3.48367962669689,"ENSMUSG00000053399.9",TRUE,"ENSMUSG00000053399","ENSG00000140873","ADAMTS18"
"Cacna1g",0.544244311300462,4.46469270500521,19.7864774586146,0.000494627195568501,0.0057416469278291,"Cacna1g",3.48364927848973,"ENSMUSG00000020866.17",FALSE,"ENSMUSG00000020866","ENSG00000006283","CACNA1G"
"Fhl5",1.03992221869308,2.07662798752038,19.7775290258821,0.000495609562078247,0.00574885402314396,"Fhl5",3.48311816194408,"ENSMUSG00000028259.13",FALSE,"ENSMUSG00000028259","ENSG00000112214","FHL5"
"Pilra",0.72499894269958,3.15207323142297,19.7686125134626,0.000496590636291042,0.00575196409700696,"Pilra",3.4825887228669,"ENSMUSG00000046245.13",TRUE,"ENSMUSG00000046245",NA,NA
"Rtl3",-0.534672615229683,4.6249060717473,19.7685178577684,0.000496601063018962,0.00575196409700696,"Rtl3",-3.48258310129741,"ENSMUSG00000047686.9",FALSE,"ENSMUSG00000047686","ENSG00000179300","RTL3"
"Samd9l",-0.369196510894615,6.01981284902351,19.7641846513434,0.000497078651383693,0.00575330552616803,"Samd9l",-3.48232572746807,"ENSMUSG00000047735.14",TRUE,"ENSMUSG00000047735","ENSG00000177409","SAMD9L"
"Hlf",-0.729981719195656,3.2525512263743,19.7522931919887,0.000498391970801718,0.00576431091757071,"Hlf",-3.48161916259971,"ENSMUSG00000003949.16",TRUE,"ENSMUSG00000003949","ENSG00000108924","HLF"
"Acvr2a",-0.367345633975249,6.20255894487013,19.7397704686908,0.000499779284623995,0.0057761554966391,"Acvr2a",-3.48087467178049,"ENSMUSG00000052155.5",TRUE,"ENSMUSG00000052155","ENSG00000121989","ACVR2A"
"B4galt2",0.447814913407501,5.71318997039715,19.7295847440067,0.000500910942839602,0.00578503030063776,"B4galt2",3.48026880205103,"ENSMUSG00000028541.14",FALSE,"ENSMUSG00000028541","ENSG00000117411","B4GALT2"
"Nectin2",0.800101646608757,3.63631003946562,19.7245443337892,0.00050147202417711,0.00578730740238649,"Nectin2",3.47996888213537,"ENSMUSG00000062300.14",TRUE,"ENSMUSG00000062300","ENSG00000130202","NECTIN2"
"Rnd1",-0.768956548195232,3.43530584595876,19.6852130336502,0.000505874932499694,0.00583043859189078,"Rnd1",-3.47762615678685,"ENSMUSG00000054855.13",TRUE,"ENSMUSG00000054855","ENSG00000172602","RND1"
"Ttc14",-0.430379387000733,5.05004325745036,19.6846115554289,0.000505942605597012,0.00583043859189078,"Ttc14",-3.47759029743893,"ENSMUSG00000027677.17",TRUE,"ENSMUSG00000027677","ENSG00000163728","TTC14"
"Ube2ql1",1.66695372409513,1.60966503437998,19.6781037818761,0.00050667546367687,0.00583465597310156,"Ube2ql1",3.47720224887676,"ENSMUSG00000052981.6",TRUE,"ENSMUSG00000052981","ENSG00000215218","UBE2QL1"
"Dock5",0.707900253943048,3.389719560405,19.6713768079803,0.000507434278247672,0.00583908038682943,"Dock5",3.4768010073326,"ENSMUSG00000044447.5",TRUE,"ENSMUSG00000044447","ENSG00000147459","DOCK5"
"Cdkn2c",0.577135151274593,3.9700046021809,19.6656142425973,0.000508085335765042,0.00583908038682943,"Cdkn2c",3.47645719053325,"ENSMUSG00000028551.14",FALSE,"ENSMUSG00000028551","ENSG00000123080","CDKN2C"
"Eif1",-0.407712937581469,8.77060941597591,19.6608889895421,0.000508619907559355,0.00583908038682943,"Eif1",-3.47617519556832,"ENSMUSG00000035530.13",TRUE,"ENSMUSG00000035530","ENSG00000173812","EIF1"
"2410131K14Rik",0.572223579453257,4.01070194968301,19.6602970169418,0.000508686923075141,0.00583908038682943,"2410131K14Rik",3.47613986332946,"ENSMUSG00000032840.7",TRUE,"ENSMUSG00000032840","ENSG00000111412","SPRING1"
"Rgs10",0.563129553481509,3.92663746353947,19.6576069249742,0.000508991587433407,0.00583908038682943,"Rgs10",3.47597929142254,"ENSMUSG00000030844.11",FALSE,"ENSMUSG00000030844","ENSG00000148908","RGS10"
"Gsc",-2.27027045540685,0.370467711199302,19.6552147502795,0.000509262686067561,0.00583908038682943,"Gsc",-3.47583648548805,"ENSMUSG00000021095.5",FALSE,"ENSMUSG00000021095","ENSG00000133937","GSC"
"P2rx7",0.536780487382579,5.34341629671083,19.6481017435304,0.000510069756236682,0.00584412055722763,"P2rx7",3.47541176633346,"ENSMUSG00000029468.17",TRUE,"ENSMUSG00000029468","ENSG00000089041","P2RX7"
"Slc35a2",0.409834952831783,5.18256123828204,19.6424144647221,0.000510716106272072,0.00584668356395846,"Slc35a2",3.47507207735301,"ENSMUSG00000031156.18",TRUE,"ENSMUSG00000031156","ENSG00000102100","SLC35A2"
"Plppr3",-0.450181396885224,5.17514000232139,19.639666465007,0.000511028746393904,0.00584668356395846,"Plppr3",-3.47490791325036,"ENSMUSG00000035835.14",TRUE,"ENSMUSG00000035835","ENSG00000129951","PLPPR3"
"Smim3",0.607700735207519,4.49269993134652,19.6122294092221,0.000514162250572549,0.00587830501139845,"Smim3",3.47326769421498,"ENSMUSG00000038059.7",FALSE,"ENSMUSG00000038059","ENSG00000256235","SMIM3"
"Prss12",-0.431708187545784,4.62643889275089,19.5827476778643,0.000517553700077632,0.00591282793989554,"Prss12",-3.47150292148981,"ENSMUSG00000027978.9",FALSE,"ENSMUSG00000027978","ENSG00000164099","PRSS12"
"Marveld1",0.325389922449652,6.72316775854669,19.4948274341673,0.000527820016660644,0.00602578731152493,"Marveld1",3.46622569137241,"ENSMUSG00000044345.9",FALSE,"ENSMUSG00000044345","ENSG00000155254","MARVELD1"
"Ebf1",-0.355505752367986,7.31085281153677,19.4750009360372,0.000530167074177452,0.00604824030175324,"Ebf1",-3.46503266810107,"ENSMUSG00000057098.14",TRUE,"ENSMUSG00000057098","ENSG00000164330","EBF1"
"Myh10",-0.477761116422956,6.30035385169372,19.465565027425,0.000531288271045798,0.00605638929936922,"Myh10",-3.46446449318887,"ENSMUSG00000020900.15",TRUE,"ENSMUSG00000020900","ENSG00000133026","MYH10"
"Sema6b",-0.687916043117917,3.48642979143315,19.4625839399881,0.000531643052374988,0.00605638929936922,"Sema6b",-3.46428493779359,"ENSMUSG00000001227.12",TRUE,"ENSMUSG00000001227","ENSG00000167680","SEMA6B"
"Mpp3",-1.43726701025909,1.61726882851383,19.4418695194042,0.000534115759487722,0.00608020252192787,"Mpp3",-3.46303658883041,"ENSMUSG00000052373.14",TRUE,"ENSMUSG00000052373","ENSG00000161647","MPP3"
"Lclat1",0.54496723526363,4.93484123517276,19.4314561753762,0.000535363762510545,0.00609005001087639,"Lclat1",3.46240857655917,"ENSMUSG00000054469.14",TRUE,"ENSMUSG00000054469","ENSG00000172954","LCLAT1"
"Myo1c",0.405855131579136,7.61172463683301,19.4119339808954,0.00053771239502384,0.00611239472341968,"Myo1c",3.46123040256534,"ENSMUSG00000017774.19",TRUE,"ENSMUSG00000017774","ENSG00000197879","MYO1C"
"Serpinb8",0.668186082712453,3.69645809752363,19.4010111961892,0.000539031590571243,0.00612301384632463,"Serpinb8",3.46057073920064,"ENSMUSG00000026315.13",TRUE,"ENSMUSG00000026315","ENSG00000166401","SERPINB8"
"Nt5c2",-0.426202858371541,5.02296807918649,19.3860283544711,0.000540847141994783,0.00613925203364957,"Nt5c2",-3.45966532853207,"ENSMUSG00000025041.17",TRUE,"ENSMUSG00000025041","ENSG00000076685","NT5C2"
"P4ha2",0.353066615733961,7.11758389895149,19.372274716678,0.000542519881029094,0.00615384712411247,"P4ha2",3.45883364087475,"ENSMUSG00000018906.14",TRUE,"ENSMUSG00000018906","ENSG00000072682","P4HA2"
"Eva1b",0.493438271268543,5.04936620765593,19.3564267337688,0.000544454653033854,0.00617139155181566,"Eva1b",3.4578746446736,"ENSMUSG00000050212.4",TRUE,"ENSMUSG00000050212","ENSG00000142694","EVA1B"
"Rbm43",-0.436892804791548,4.60149783308064,19.331020759661,0.000547572725113733,0.0062023141363844,"Rbm43",-3.45633579045833,"ENSMUSG00000036249.16",TRUE,"ENSMUSG00000036249","ENSG00000184898","RBM43"
"Smc4",0.545181054966995,5.13443852273806,19.3251820843674,0.000548292177732545,0.00620522659242651,"Smc4",3.45598188010739,"ENSMUSG00000034349.14",TRUE,"ENSMUSG00000034349","ENSG00000113810","SMC4"
"Fcho1",-3.93269750802321,-0.882461312785869,19.3226036807826,0.000548610236367458,0.00620522659242651,"Fcho1",-3.45582555981236,"ENSMUSG00000070000.13",TRUE,"ENSMUSG00000070000","ENSG00000130475","FCHO1"
"Trim30d",-0.461161242755184,4.5194383517612,19.2599895240591,0.000556398928004602,0.00628885014360852,"Trim30d",-3.45202366341526,"ENSMUSG00000057596.13",TRUE,"ENSMUSG00000057596","ENSG00000239920",""
"Nrk",-0.887744654161645,2.58283726126836,19.2273214737196,0.00056051254830872,0.00633084592027952,"Nrk",-3.45003564056961,"ENSMUSG00000052854.15",FALSE,"ENSMUSG00000052854","ENSG00000123572","NRK"
"Por",-0.445101095227201,6.12486087101858,19.2046829686915,0.000563383563608551,0.00635792822776973,"Por",-3.44865617722969,"ENSMUSG00000005514.14",TRUE,"ENSMUSG00000005514","ENSG00000127948","POR"
"Khk",-0.90689111076133,2.68104919822359,19.2021179389711,0.000563709916440628,0.00635792822776973,"Khk",-3.44849978608397,"ENSMUSG00000029162.15",TRUE,"ENSMUSG00000029162","ENSG00000138030","KHK"
"Bnc2",0.661919055153994,4.74523793572689,19.1772540358432,0.000566884581926204,0.0063892030520003,"Bnc2",3.44698284269303,"ENSMUSG00000028487.18",FALSE,"ENSMUSG00000028487","ENSG00000173068","BNC2"
"Rcn3",0.366006426864633,8.49868831547988,19.1217197839572,0.000574049146581127,0.00646537080600543,"Rcn3",3.44358828165301,"ENSMUSG00000019539.11",FALSE,"ENSMUSG00000019539","ENSG00000142552","RCN3"
"Large1",0.424957209957642,5.58530219412724,19.113533712605,0.000575113947633915,0.006472779270504,"Large1",3.4430871511609,"ENSMUSG00000004383.18",TRUE,"ENSMUSG00000004383","ENSG00000133424","LARGE1"
"Snx8",0.454721699761071,4.70493545465781,19.0718224954927,0.000580574602181522,0.00652961661845314,"Snx8",3.44053068449461,"ENSMUSG00000029560.12",TRUE,"ENSMUSG00000029560","ENSG00000106266","SNX8"
"Ncln",0.339759821508237,6.40718210235402,19.0624431587168,0.000581810628012232,0.00653889358111556,"Ncln",3.43995513334847,"ENSMUSG00000020238.14",TRUE,"ENSMUSG00000020238","ENSG00000125912","NCLN"
"Ubtd1",0.562526517862037,4.55595185242035,19.0464584571263,0.000583924038160293,0.00655801128450787,"Ubtd1",3.43897366337716,"ENSMUSG00000025171.2",TRUE,"ENSMUSG00000025171","ENSG00000165886","UBTD1"
"Bak1",0.505685828041554,4.73481950923298,19.0364403612089,0.000585253036051972,0.00656829854081476,"Bak1",3.43835816764334,"ENSMUSG00000057789.14",TRUE,"ENSMUSG00000057789","ENSG00000030110","BAK1"
"Rerg",0.839212476410765,3.01468120408881,19.0312202798515,0.000585946896588277,0.00657144816392339,"Rerg",3.43803733843967,"ENSMUSG00000030222.13",FALSE,"ENSMUSG00000030222","ENSG00000134533","RERG"
"Orai2",0.587802470656356,3.64222675123127,18.9985250770943,0.00059031417549631,0.00661576203870178,"Orai2",3.43602606544792,"ENSMUSG00000039747.11",TRUE,"ENSMUSG00000039747","ENSG00000160991","ORAI2"
"Pltp",0.431205188465865,6.70722221726102,18.9514941926319,0.000596661575120417,0.00668218945714084,"Pltp",3.43312744112749,"ENSMUSG00000017754.13",TRUE,"ENSMUSG00000017754","ENSG00000100979","PLTP"
"Dnajc25",0.388926040281027,5.10880008456834,18.9228033085025,0.000600571955949735,0.00672124969420734,"Dnajc25",3.43135596885556,"ENSMUSG00000070972.13",TRUE,"ENSMUSG00000070972",NA,NA
"Daglb",-0.581414455456615,4.68610015960672,18.906695389227,0.000602780159543675,0.0067364812910914,"Daglb",-3.43036035041227,"ENSMUSG00000039206.13",TRUE,"ENSMUSG00000039206","ENSG00000164535","DAGLB"
"Pdxk",-0.493976646241708,4.51192535418524,18.8980710944752,0.000603966250358526,0.00674499668500817,"Pdxk",-3.42982697508096,"ENSMUSG00000032788.15",FALSE,"ENSMUSG00000032788","ENSG00000160209","PDXK"
"Lpl",-0.526894146137537,9.85295332590869,18.885431763281,0.000605709334332567,0.00675632205971094,"Lpl",-3.42904489086263,"ENSMUSG00000015568.16",TRUE,"ENSMUSG00000015568","ENSG00000175445","LPL"
"B3gnt9",0.377601248432592,6.0368901260852,18.8834295792938,0.000605985980294331,0.00675632205971094,"B3gnt9",3.42892095842146,"ENSMUSG00000069920.10",FALSE,"ENSMUSG00000069920","ENSG00000237172","B3GNT9"
"Amph",-2.33094428593353,0.0069491407602217,18.8790204223946,0.000606595710675972,0.00675632205971094,"Amph",-3.42864799592835,"ENSMUSG00000021314.12",TRUE,"ENSMUSG00000021314","ENSG00000078053","AMPH"
"Cadm2",-2.09521802982029,0.444171455508042,18.8784131771316,0.000606679739751444,0.00675632205971094,"Cadm2",-3.42861039803451,"ENSMUSG00000064115.13",FALSE,"ENSMUSG00000064115","ENSG00000175161","CADM2"
"Gm19688",-3.71299396697331,-0.315229464582472,18.8732250131745,0.000607398206011608,0.00675958969223415,"Gm19688",-3.42828912586043,"ENSMUSG00000112643.1",FALSE,"ENSMUSG00000112643",NA,NA
"Daam1",-0.360448700120725,5.74505880771844,18.8654536292918,0.000608476216237119,0.00676685123553769,"Daam1",-3.42780774140303,"ENSMUSG00000034574.10",TRUE,"ENSMUSG00000034574","ENSG00000100592","DAAM1"
"St6galnac4",0.593015541143964,3.86614345859608,18.8597761499573,0.000609265148323013,0.00677089004457085,"St6galnac4",3.42745594722282,"ENSMUSG00000079442.12",TRUE,"ENSMUSG00000079442","ENSG00000136840","ST6GALNAC4"
"Scn3b",-2.52512310618913,0.435649848649455,18.8358076433668,0.00061260864375564,0.00680329278047901,"Scn3b",-3.42596973266033,"ENSMUSG00000049281.16",TRUE,"ENSMUSG00000049281","ENSG00000166257","SCN3B"
"Six4",0.868058155186096,2.41861138063746,18.8263559959523,0.000613932850368742,0.00681324083699518,"Six4",3.42538319650255,"ENSMUSG00000034460.9",FALSE,"ENSMUSG00000034460","ENSG00000100625","SIX4"
"Mpp2",0.900523721140611,2.41040319542341,18.797348809625,0.000618017267736906,0.0068537856407392,"Mpp2",3.42358145569187,"ENSMUSG00000017314.12",TRUE,"ENSMUSG00000017314","ENSG00000108852","MPP2"
"Slc6a2",-0.811108386344669,3.96682461164594,18.7902269595108,0.00061902480457585,0.00686017523844582,"Slc6a2",-3.42313870936906,"ENSMUSG00000055368.14",FALSE,"ENSMUSG00000055368","ENSG00000103546","SLC6A2"
"Mdfic",0.326058406072677,5.93292161675535,18.7819857521363,0.000620193035745489,0.00686833554837083,"Mdfic",3.42262618710782,"ENSMUSG00000041390.18",TRUE,"ENSMUSG00000041390","ENSG00000135272","MDFIC"
"Adam23",-0.444473532012287,4.89790678394542,18.7744329572863,0.000621265888356545,0.00687542896488109,"Adam23",-3.42215629962956,"ENSMUSG00000025964.15",FALSE,"ENSMUSG00000025964","ENSG00000114948","ADAM23"
"Lrrn2",0.681832436311327,3.64991422772854,18.7630197619951,0.000622891115633075,0.00688402999352037,"Lrrn2",3.42144591950556,"ENSMUSG00000026443.3",FALSE,"ENSMUSG00000026443","ENSG00000170382","LRRN2"
"Adamts14",0.42297454623047,6.352032519807,18.7628955331189,0.000622908832338289,0.00688402999352037,"Adamts14",3.4214381851132,"ENSMUSG00000059901.12",FALSE,"ENSMUSG00000059901","ENSG00000138316","ADAMTS14"
"Emcn",1.09483105617607,2.0600144946036,18.7587588818434,0.000623499102453963,0.00688576821272595,"Emcn",3.42118061414073,"ENSMUSG00000054690.17",TRUE,"ENSMUSG00000054690","ENSG00000164035","EMCN"
"Pdia6",0.325946191663769,7.96863236882916,18.7551378921048,0.000624016314740245,0.00688669774692166,"Pdia6",3.4209551091907,"ENSMUSG00000020571.12",TRUE,"ENSMUSG00000020571","ENSG00000143870","PDIA6"
"Syde2",-0.468050781830278,4.38474449650609,18.7285632866427,0.000627827158690422,0.00692394958713855,"Syde2",-3.41929891896308,"ENSMUSG00000036863.12",FALSE,"ENSMUSG00000036863","ENSG00000097096","SYDE2"
"Sil1",0.46251456309573,4.8668508218804,18.6922356110767,0.000633079603850634,0.00697703738048277,"Sil1",3.4170314728198,"ENSMUSG00000024357.10",TRUE,"ENSMUSG00000024357","ENSG00000120725","SIL1"
"Cyp2j6",-0.411832385867665,5.03103690358884,18.6815717139878,0.000634630942438406,0.00698929077395981,"Cyp2j6",-3.41636511756856,"ENSMUSG00000052914.4",TRUE,"ENSMUSG00000052914",NA,NA
"Zbtb34",0.491404651308512,3.94648762058549,18.656920704175,0.000638233680943603,0.00701924635411212,"Zbtb34",3.41482343960884,"ENSMUSG00000068966.10",TRUE,"ENSMUSG00000068966","ENSG00000177125","ZBTB34"
"Selenbp1",-0.745993277134629,4.4910203285899,18.6255759644564,0.000642848422715561,0.0070651129692091,"Selenbp1",-3.41286048899972,"ENSMUSG00000068874.13",TRUE,"ENSMUSG00000068874","ENSG00000143416","SELENBP1"
"Leng8",-0.395128290278691,6.85655136854937,18.5946445420392,0.000647439634356469,0.00711065780743849,"Leng8",-3.41092051075319,"ENSMUSG00000035545.13",TRUE,"ENSMUSG00000035545","ENSG00000167615","LENG8"
"Gria3",0.59494324776958,4.86840725901255,18.5737857531225,0.000650556846627966,0.00713996240988581,"Gria3",3.40961063792188,"ENSMUSG00000001986.16",FALSE,"ENSMUSG00000001986","ENSG00000125675","GRIA3"
"Fbxo32",0.4696540350587,4.35408325678004,18.5458666954529,0.000654755981030172,0.00718109266642953,"Fbxo32",3.40785533157145,"ENSMUSG00000022358.7",TRUE,"ENSMUSG00000022358","ENSG00000156804","FBXO32"
"Tubb5",0.367237763058137,8.16866783597798,18.5200333038431,0.000658668962048366,0.00721902998170584,"Tubb5",3.40622903949483,"ENSMUSG00000001525.10",TRUE,"ENSMUSG00000001525","ENSG00000196230","TUBB"
"Grsf1",0.377658168527043,5.59693340022637,18.4978863677719,0.00066204478796842,0.00725103186161279,"Grsf1",3.40483319957407,"ENSMUSG00000044221.14",TRUE,"ENSMUSG00000044221","ENSG00000132463","GRSF1"
"Mcrip1",0.32191418078068,6.4348128105294,18.4693905317216,0.000666417420301891,0.00729389968001443,"Mcrip1",3.40303500432069,"ENSMUSG00000061111.8",TRUE,"ENSMUSG00000061111","ENSG00000225663","MCRIP1"
"Fgfr4",0.829564212265423,2.77342782725654,18.4570537613571,0.000668320678984922,0.00730457012587109,"Fgfr4",3.40225573527866,"ENSMUSG00000005320.9",FALSE,"ENSMUSG00000005320","ENSG00000160867","FGFR4"
"Mtif2",-0.53716633619991,3.91823244887853,18.454145192432,0.000668770301406546,0.00730457012587109,"Mtif2",-3.40207194347387,"ENSMUSG00000020459.14",TRUE,"ENSMUSG00000020459","ENSG00000085760","MTIF2"
"Setbp1",0.476537301135999,5.56759960999769,18.4467277238826,0.000669918495860123,0.00731208911438815,"Setbp1",3.40160311769947,"ENSMUSG00000024548.11",FALSE,"ENSMUSG00000024548","ENSG00000152217","SETBP1"
"Sema3e",-0.935815855949687,3.34767335813508,18.4435635081987,0.000670408987430336,0.00731242395549014,"Sema3e",-3.40140307000759,"ENSMUSG00000063531.7",FALSE,"ENSMUSG00000063531","ENSG00000170381","SEMA3E"
"Syt5",2.17502448884795,0.320216659310672,18.4358144730529,0.000671611911081356,0.00732052379844195,"Syt5",3.40091303136067,"ENSMUSG00000004961.7",FALSE,"ENSMUSG00000004961","ENSG00000129990","SYT5"
"Olfm2",-0.882252451895811,2.61382696333326,18.425778849668,0.000673173452236962,0.00732922893327241,"Olfm2",-3.40027811735903,"ENSMUSG00000032172.8",FALSE,"ENSMUSG00000032172","ENSG00000105088","OLFM2"
"Tpbg",0.534289819840222,4.9181491239673,18.4247595017063,0.000673332294001823,0.00732922893327241,"Tpbg",3.4002136099197,"ENSMUSG00000035274.13",FALSE,"ENSMUSG00000035274","ENSG00000146242","TPBG"
"Hdac4",-0.438739825432785,5.01458080113971,18.4186915443087,0.000674278729212433,0.00733451069128955,"Hdac4",-3.39982954488904,"ENSMUSG00000026313.16",TRUE,"ENSMUSG00000026313","ENSG00000068024","HDAC4"
"Plxnb1",0.650367214795638,3.63905149396235,18.4026346586451,0.000676790488116611,0.00735680050069615,"Plxnb1",3.39881269355949,"ENSMUSG00000053646.13",FALSE,"ENSMUSG00000053646","ENSG00000164050","PLXNB1"
"Gm5976",6.70942050660125,-2.1887294834114,19.9344515877897,0.000678246642467488,0.00736271838223118,"Gm5976",3.39822479466667,"ENSMUSG00000097833.1",TRUE,"ENSMUSG00000097833",NA,NA
"Mlf2",0.312609743000032,6.56449808220907,18.3932665342742,0.000678260858326648,0.00736271838223118,"Mlf2",3.39821906102776,"ENSMUSG00000030120.14",FALSE,"ENSMUSG00000030120","ENSG00000089693","MLF2"
"Crocc2",-0.732712748353318,2.77921570607051,18.3809904929075,0.000680193155192657,0.00737865739906468,"Crocc2",-3.39744075133823,"ENSMUSG00000084989.3",FALSE,"ENSMUSG00000084989","ENSG00000226321","CROCC2"
"Rela",-0.364180136139118,6.92695563043532,18.3622951015759,0.000683147950737324,0.00740565907333037,"Rela",-3.39625455491638,"ENSMUSG00000024927.8",TRUE,"ENSMUSG00000024927","ENSG00000173039","RELA"
"Mindy2",-0.461509918644128,5.19391771272571,18.3445741523298,0.000685962251226318,0.00743110196270581,"Mindy2",-3.39512918601515,"ENSMUSG00000042444.10",TRUE,"ENSMUSG00000042444","ENSG00000128923","MINDY2"
"Ikbip",0.356747618390583,6.90902357053804,18.3182526051062,0.000690166859907211,0.00747156131593219,"Ikbip",3.3934558371918,"ENSMUSG00000019975.12",FALSE,"ENSMUSG00000019975","ENSG00000166130","IKBIP"
"Prrg1",-0.588684810309397,4.15006161614107,18.3027179093771,0.000692662158489562,0.00749330239469829,"Prrg1",-3.39246723372323,"ENSMUSG00000047996.16",TRUE,"ENSMUSG00000047996","ENSG00000130962","PRRG1"
"Prkd3",-0.353471361815396,6.63362286397329,18.2998899390461,0.00069311751384023,0.00749330239469829,"Prkd3",-3.39228718531849,"ENSMUSG00000024070.15",TRUE,"ENSMUSG00000024070","ENSG00000115825","PRKD3"
"Ucp2",0.581081193700431,3.78229425038696,18.2954882274529,0.000693826949655575,0.00749587634536183,"Ucp2",3.39200689194056,"ENSMUSG00000033685.13",TRUE,"ENSMUSG00000033685","ENSG00000175567","UCP2"
"Fez2",-0.40636161675006,5.22709679845821,18.2852028075881,0.000695487908070213,0.00750871975698615,"Fez2",-3.39135169872354,"ENSMUSG00000056121.16",TRUE,"ENSMUSG00000056121","ENSG00000171055","FEZ2"
"Galnt16",-0.34538811781334,7.60961590731651,18.2798931390841,0.000696347122539897,0.00751289571896336,"Galnt16",-3.39101333750334,"ENSMUSG00000021130.8",TRUE,"ENSMUSG00000021130","ENSG00000100626","GALNT16"
"Clk1",-0.402434031075653,7.92182992472832,18.267502933628,0.000698356825299162,0.0075255212975318,"Clk1",-3.39022342324124,"ENSMUSG00000026034.17",TRUE,"ENSMUSG00000026034","ENSG00000013441","CLK1"
"Mylip",-0.346620460023429,5.90729012355,18.2668446992794,0.000698463776341378,0.0075255212975318,"Mylip",-3.3901814453313,"ENSMUSG00000038175.10",FALSE,"ENSMUSG00000038175","ENSG00000007944","MYLIP"
"Ccl2",-0.498155259652596,8.08262929178706,18.2618942273457,0.000699268736038527,0.00752909323576215,"Ccl2",-3.38986569300134,"ENSMUSG00000035385.5",FALSE,"ENSMUSG00000035385","ENSG00000108702","CCL1"
"Hexa",0.34125942801143,7.66140153523632,18.2573434856734,0.000700009631575577,0.00753197102229121,"Hexa",3.38957536877646,"ENSMUSG00000025232.8",TRUE,"ENSMUSG00000025232","ENSG00000260729",""
"Cdyl2",0.943329310449069,2.20874896728223,18.2489251912238,0.000701382554417111,0.00754164081331664,"Cdyl2",3.38903813502885,"ENSMUSG00000031758.10",TRUE,"ENSMUSG00000031758","ENSG00000166446","CDYL2"
"Ripor3",0.772070576157909,3.52350708461412,18.2368701615403,0.000703353933795145,0.00755524406859521,"Ripor3",3.38826842788145,"ENSMUSG00000074577.9",TRUE,"ENSMUSG00000074577","ENSG00000042062","RIPOR3"
"Cdh15",1.03198717590446,1.94341686895434,18.2324831031049,0.00070407292395511,0.00755524406859521,"Cdh15",3.38798820355364,"ENSMUSG00000031962.6",FALSE,"ENSMUSG00000031962","ENSG00000129910","CDH15"
"BC024978",-0.67502387001937,4.06534204997221,18.2238156230453,0.000705495892020287,0.00756540874632409,"BC024978",-3.38743438893405,"ENSMUSG00000078786.9",TRUE,"ENSMUSG00000078786","ENSG00000188493","C19orf54"
"Samhd1",-0.324752839473547,6.71213603557741,18.2164898003356,0.000706701152825241,0.00757322670712925,"Samhd1",-3.38696611661158,"ENSMUSG00000027639.16",TRUE,"ENSMUSG00000027639","ENSG00000101347","SAMHD1"
"Ptgs1",-0.859448264419162,2.84527351297504,18.1985387540591,0.000709664435159651,0.00759986095107336,"Ptgs1",-3.38581795901662,"ENSMUSG00000047250.13",TRUE,"ENSMUSG00000047250","ENSG00000095303","PTGS1"
"Cd44",0.421076934123638,7.83718759291814,18.1366977579132,0.000719981877843711,0.00770516272096133,"Cd44",3.38185480769682,"ENSMUSG00000005087.17",FALSE,"ENSMUSG00000005087","ENSG00000026508","CD44"
"Fap",-0.306950281282669,8.3681961951851,18.1177927561551,0.000723170006648585,0.00773344801676211,"Fap",-3.38064084734649,"ENSMUSG00000000392.17",FALSE,"ENSMUSG00000000392","ENSG00000078098","FAP"
"Mapk9",-0.352906610327557,5.80014800076996,18.1152651735035,0.000723597475252595,0.00773344801676211,"Mapk9",-3.38047845607385,"ENSMUSG00000020366.18",TRUE,"ENSMUSG00000020366","ENSG00000050748","MAPK9"
"Calr",0.303801971677887,9.69270068625925,18.0685416519354,0.00073155154191159,0.007813206293499,"Calr",3.37747292632714,"ENSMUSG00000003814.8",TRUE,"ENSMUSG00000003814","ENSG00000179218","CALR"
"Mustn1",-0.595102910304067,4.70664354017932,18.0417941254982,0.000736149801390046,0.00785704046409792,"Mustn1",-3.37574924234385,"ENSMUSG00000042485.7",TRUE,"ENSMUSG00000042485","ENSG00000272573","MUSTN1"
"C1qtnf12",0.502733096733645,4.35720331256581,18.0388058435892,0.000736665570493936,0.00785727201043934,"C1qtnf12",3.37555652752962,"ENSMUSG00000023571.4",TRUE,"ENSMUSG00000023571","ENSG00000184163","C1QTNF12"
"Dipk1a",-0.865770266731492,3.46342106777957,18.0037033895624,0.000742755101541217,0.00791691312319703,"Dipk1a",-3.37329062722275,"ENSMUSG00000029270.10",TRUE,"ENSMUSG00000029270","ENSG00000154511","DIPK1A"
"Phf1",-0.463116125749699,4.61988872939522,17.9854793214452,0.00074593921018269,0.00794552663063317,"Phf1",-3.37211268846128,"ENSMUSG00000024193.8",TRUE,"ENSMUSG00000024193","ENSG00000112511","PHF1"
"Tubb6",-0.328093583115352,7.66106382753925,17.9721451252487,0.000748278820491322,0.00796511250486847,"Tubb6",-3.37125013840042,"ENSMUSG00000001473.7",FALSE,"ENSMUSG00000001473","ENSG00000176014","TUBB6"
"Gjc3",-1.59084809869882,1.39064377970602,17.9629027154523,0.000749905397593217,0.00797708731633774,"Gjc3",-3.37065193877514,"ENSMUSG00000056966.7",FALSE,"ENSMUSG00000056966","ENSG00000176402","GJC3"
"E130307A14Rik",-0.711676783402708,2.80582107882195,17.9576191660832,0.000750837063275746,0.00798165896876617,"E130307A14Rik",-3.37030984640545,"ENSMUSG00000087177.7",TRUE,"ENSMUSG00000087177",NA,NA
"Fbxw17",-0.436167671721871,5.00718962955952,17.9501032405699,0.000752164645890183,0.00798972730906187,"Fbxw17",-3.3698230602574,"ENSMUSG00000037816.10",FALSE,"ENSMUSG00000037816",NA,NA
"Ddb1",0.312240061536382,8.86076841200223,17.94566209704,0.0007529503692984,0.00798972730906187,"Ddb1",3.36953533391852,"ENSMUSG00000024740.10",TRUE,"ENSMUSG00000024740","ENSG00000167986","DDB1"
"Mogs",0.428008290798449,5.04523712766109,17.9340472364897,0.000755009688437548,0.00800461271681488,"Mogs",3.36878254677939,"ENSMUSG00000030036.8",TRUE,"ENSMUSG00000030036","ENSG00000115275","MOGS"
"Serpinb9",0.421937155773537,6.06207710605293,17.9239490654744,0.000756805317480397,0.00801830443963407,"Serpinb9",3.36812770638063,"ENSMUSG00000045827.10",TRUE,"ENSMUSG00000045827","ENSG00000170542","SERPINB9"
"Uba7",-0.435959757308271,5.59875175036313,17.9192297852051,0.00075764615599503,0.00801938941405307,"Uba7",-3.36782156034633,"ENSMUSG00000032596.14",TRUE,"ENSMUSG00000032596","ENSG00000182179","UBA7"
"Ada",0.641658757080689,3.47425524180434,17.9177150674192,0.000757916260411354,0.00801938941405307,"Ada",3.36772328332654,"ENSMUSG00000017697.3",TRUE,"ENSMUSG00000017697","ENSG00000196839","ADA"
"Wipi1",0.422543186470094,6.82273986478963,17.9068551377106,0.000759856021055671,0.00803456802051086,"Wipi1",3.36701845869918,"ENSMUSG00000041895.15",TRUE,"ENSMUSG00000041895","ENSG00000070540","WIPI1"
"Mrc1",0.962797400707833,2.85470016946801,17.8987596824153,0.000761305684012671,0.0080445477028927,"Mrc1",3.36649280424762,"ENSMUSG00000026712.3",FALSE,"ENSMUSG00000026712","ENSG00000260314","MRC1"
"Twf1",0.342177814459678,6.5783621537604,17.8692464598977,0.000766617419311446,0.00809529669276888,"Twf1",3.3645746532302,"ENSMUSG00000022451.12",TRUE,"ENSMUSG00000022451","ENSG00000151239","TWF1"
"Zbtb20",-0.395092305855835,7.28207069842676,17.8641647981748,0.000767536265123341,0.00809962125033609,"Zbtb20",-3.36424409607597,"ENSMUSG00000022708.16",TRUE,"ENSMUSG00000022708","ENSG00000181722","ZBTB20"
"Hopx",0.688431731491423,3.19609132338392,17.8598956210352,0.000768309171339035,0.00810240102904819,"Hopx",3.36396632544876,"ENSMUSG00000059325.14",TRUE,"ENSMUSG00000059325","ENSG00000171476","HOPX"
"Ptn",0.319719225188879,6.29724336043399,17.8524946074654,0.00076965117935801,0.00811117475502348,"Ptn",3.36348464407976,"ENSMUSG00000029838.11",FALSE,"ENSMUSG00000029838","ENSG00000105894","PTN"
"Tra2a",-0.422713648309774,6.70165156076386,17.8345570262562,0.000772914860691725,0.00814017551627847,"Tra2a",-3.36231647063739,"ENSMUSG00000029817.11",TRUE,"ENSMUSG00000029817","ENSG00000164548","TRA2A"
"Hs2st1",0.407711219910453,6.24881426161642,17.8229061898113,0.000775043142879404,0.00815634703978175,"Hs2st1",3.36155715629599,"ENSMUSG00000040151.9",TRUE,"ENSMUSG00000040151","ENSG00000153936","HS2ST1"
"Ift88",-0.654312464059905,3.36226425033711,17.8205404164498,0.00077547611923222,0.00815634703978175,"Ift88",-3.36140291886126,"ENSMUSG00000040040.16",TRUE,"ENSMUSG00000040040","ENSG00000032742","IFT88"
"D630045J12Rik",0.621268117549877,3.40632252262394,17.8163675753252,0.000776240491793082,0.0081589904434801,"D630045J12Rik",3.3611308245201,"ENSMUSG00000063455.16",FALSE,"ENSMUSG00000063455","ENSG00000122778","KIAA1549"
"Pparg",-0.993553344241352,2.36857571039117,17.7938732699003,0.000780375778921,0.00819703831716028,"Pparg",-3.35966308165407,"ENSMUSG00000000440.12",TRUE,"ENSMUSG00000000440","ENSG00000132170","PPARG"
"Copb2",0.337885939310905,7.85184138640649,17.7874557568115,0.000781560156846638,0.00820406018107729,"Copb2",3.35924403885158,"ENSMUSG00000032458.6",TRUE,"ENSMUSG00000032458","ENSG00000184432","COPB2"
"Nr2f6",0.480478181603649,4.35492501631615,17.7770641649777,0.000783482315869669,0.00821881218289931,"Nr2f6",3.35856521589743,"ENSMUSG00000002393.14",TRUE,"ENSMUSG00000002393","ENSG00000160113","NR2F6"
"Fndc1",-0.349231996689408,10.7678691831797,17.7724360444231,0.000784340125447828,0.00822238695780937,"Fndc1",-3.35826277361646,"ENSMUSG00000071984.10",FALSE,"ENSMUSG00000071984","ENSG00000164694","FNDC1"
"Pex5l",-1.95281702222315,0.906946377058442,17.7393018388608,0.000790512832037226,0.0082784380878422,"Pex5l",-3.35609544088923,"ENSMUSG00000027674.16",FALSE,"ENSMUSG00000027674","ENSG00000114757","PEX5L"
"Hsp90aa1",-0.374355397530865,7.80025386659335,17.7381521496643,0.000790728004491751,0.0082784380878422,"Hsp90aa1",-3.35602017418248,"ENSMUSG00000021270.13",TRUE,"ENSMUSG00000021270","ENSG00000080824","HSP90AA1"
"Flnc",-0.414650140451395,7.45400130900259,17.7338851090515,0.000791527195354284,0.0082813532813942,"Flnc",-3.35574078583726,"ENSMUSG00000068699.12",FALSE,"ENSMUSG00000068699","ENSG00000128591","FLNC"
"Ccdc3",0.483234938477338,4.59510357522662,17.7233819781147,0.000793498294654091,0.00829651767250757,"Ccdc3",3.35505282877608,"ENSMUSG00000026676.7",FALSE,"ENSMUSG00000026676","ENSG00000151468","CCDC3"
"Phc2",0.343212188170172,5.66450864158786,17.7119027170335,0.000795658986007667,0.00831364313697761,"Phc2",3.35430051977377,"ENSMUSG00000028796.17",TRUE,"ENSMUSG00000028796","ENSG00000134686","PHC2"
"Asb13",-0.515374725367874,3.93817599531699,17.6768139968216,0.000802305291122599,0.00837351027941453,"Asb13",-3.3519982390054,"ENSMUSG00000033781.7",TRUE,"ENSMUSG00000033781","ENSG00000196372","ASB13"
"Sfxn5",0.714751413068296,3.17458110229655,17.6760975376737,0.000802441656657721,0.00837351027941453,"Sfxn5",3.35195118752404,"ENSMUSG00000033720.12",TRUE,"ENSMUSG00000033720","ENSG00000144040","SFXN5"
"Tm7sf3",0.318632972261356,7.09646820167735,17.6409964946826,0.000809155006915213,0.00843392372363664,"Tm7sf3",3.34964394272295,"ENSMUSG00000040234.16",TRUE,"ENSMUSG00000040234","ENSG00000064115","TM7SF3"
"Ndufa4l2",0.54389946026314,4.96783263524706,17.6402846868333,0.000809291806720085,0.00843392372363664,"Ndufa4l2",3.34959711227959,"ENSMUSG00000040280.10",TRUE,"ENSMUSG00000040280","ENSG00000185633","NDUFA4L2"
"Cttn",0.31057300795435,7.81248334961746,17.6329666616657,0.000810699762095291,0.00844306373058377,"Cttn",3.34911555569415,"ENSMUSG00000031078.15",TRUE,"ENSMUSG00000031078","ENSG00000085733","CTTN"
"P4hb",0.296097856056435,10.2680933074533,17.6082731418874,0.000815471339184062,0.00848719941560481,"P4hb",3.34748930624861,"ENSMUSG00000025130.11",FALSE,"ENSMUSG00000025130","ENSG00000185624","P4HB"
"Rhpn2",-1.90395364901717,0.94378792529612,17.6002956805709,0.000817019677285204,0.00849775273241766,"Rhpn2",-3.3469634984772,"ENSMUSG00000030494.13",TRUE,"ENSMUSG00000030494","ENSG00000131941","RHPN2"
"Vmp1",0.366207505212794,6.90851732471121,17.5786792632932,0.000821232063444206,0.00853598268297595,"Vmp1",3.34553765871355,"ENSMUSG00000018171.9",TRUE,"ENSMUSG00000018171","ENSG00000062716","VMP1"
"Ctnnb1",0.319523800087611,8.61661793404956,17.5559195478946,0.000825694029646205,0.00856703264786658,"Ctnnb1",3.34403472055683,"ENSMUSG00000006932.17",TRUE,"ENSMUSG00000006932","ENSG00000168036","CTNNB1"
"P4ha1",0.328666706247312,7.48966145621671,17.555303711278,0.000825815145891038,0.00856703264786658,"P4ha1",3.34399402971995,"ENSMUSG00000019916.14",TRUE,"ENSMUSG00000019916","ENSG00000122884","P4HA1"
"Prmt7",-0.532419340647258,4.0224480652391,17.5552005174438,0.00082583544294658,0.00856703264786658,"Prmt7",-3.34398721115837,"ENSMUSG00000060098.11",TRUE,"ENSMUSG00000060098","ENSG00000132600","PRMT7"
"Gys1",0.492836224127862,3.82800134033705,17.5259666792982,0.000831608381132119,0.00861856345772173,"Gys1",3.3420541414171,"ENSMUSG00000003865.16",FALSE,"ENSMUSG00000003865","ENSG00000104812","GYS1"
"Tbx2",0.559755892477222,3.99055543019715,17.5245629119672,0.000831886745117454,0.00861856345772173,"Tbx2",3.34196124609043,"ENSMUSG00000000093.6",TRUE,"ENSMUSG00000000093","ENSG00000121068","TBX2"
"Cnnm4",-0.502884357620624,3.83465064061558,17.5215076697438,0.000832492960296304,0.00861922887213029,"Cnnm4",-3.34175904035559,"ENSMUSG00000037408.10",TRUE,"ENSMUSG00000037408","ENSG00000158158","CNNM4"
"Mras",0.44941476594508,4.93470195904947,17.5048847895898,0.000835800078751741,0.00864783907117043,"Mras",3.34065833570952,"ENSMUSG00000032470.17",TRUE,"ENSMUSG00000032470","ENSG00000158186","MRAS"
"Plekha5",-0.368141866477614,5.83850387542916,17.4895879967665,0.00083885661360899,0.00867382101835096,"Plekha5",-3.33964461902796,"ENSMUSG00000030231.11",TRUE,"ENSMUSG00000030231","ENSG00000052126","PLEKHA5"
"Tspan17",0.432232401427966,4.59753042539766,17.48134714239,0.000840508545063528,0.00868525496565645,"Tspan17",3.33909817216735,"ENSMUSG00000025875.14",TRUE,"ENSMUSG00000025875","ENSG00000048140","TSPAN17"
"Fam172a",-0.37575076194367,5.44566437872483,17.472476934937,0.000842290780934442,0.00869600233348377,"Fam172a",-3.33850973755351,"ENSMUSG00000064138.14",TRUE,"ENSMUSG00000064138","ENSG00000113391","FAM172A"
"Dhrs7",-0.412968858324386,5.79319456314483,17.4707302290874,0.000842642243343928,0.00869600233348377,"Dhrs7",-3.33839383277359,"ENSMUSG00000021094.10",TRUE,"ENSMUSG00000021094","ENSG00000100612","DHRS7"
"Dnlz",0.442488656289632,4.2478459561906,17.455895417889,0.000845633972073397,0.00872121728786202,"Dnlz",3.33740903597273,"ENSMUSG00000075467.4",FALSE,"ENSMUSG00000075467","ENSG00000213221","DNLZ"
"Junb",-0.355272388845121,11.045570709186,17.4511308943234,0.000846597399431317,0.00872549477845511,"Junb",-3.33709258933832,"ENSMUSG00000052837.6",TRUE,"ENSMUSG00000052837","ENSG00000171223","JUNB"
"Tlcd2",-0.66541131199171,3.7559824576038,17.4370342368686,0.000849455201873904,0.00873666229352404,"Tlcd2",-3.33615587855309,"ENSMUSG00000038217.13",FALSE,"ENSMUSG00000038217","ENSG00000185561","TLCD2"
"C430049B03Rik",-0.958588537420792,2.05173717911244,17.436517522015,0.00084956016381104,0.00873666229352404,"C430049B03Rik",-3.33612153052598,"ENSMUSG00000087365.7",TRUE,"ENSMUSG00000087365",NA,NA
"Akp-ps1",-3.04047492120867,-0.749362504587309,17.4355000449209,0.000849766890416016,0.00873666229352404,"Akp-ps1",-3.3360538922624,"ENSMUSG00000101940.2",FALSE,"ENSMUSG00000101940",NA,NA
"Pecam1",1.01110287405427,2.34249693118399,17.432621053722,0.000850352142271,0.00873666229352404,"Pecam1",3.3358624881705,"ENSMUSG00000020717.19",TRUE,"ENSMUSG00000020717","ENSG00000261371","PECAM1"
"Gm16897",-0.866315733336916,2.31317920570042,17.4322490631079,0.000850427795408113,0.00873666229352404,"Gm16897",-3.33583775505638,"ENSMUSG00000097325.2",TRUE,"ENSMUSG00000097325",NA,NA
"Dzip1",-0.444098860977513,4.79628342490672,17.4279860710764,0.000851295324387472,0.00873992869188765,"Dzip1",-3.33555428147831,"ENSMUSG00000042156.16",FALSE,"ENSMUSG00000042156","ENSG00000134874","DZIP1"
"Pnmal2",0.918028340414888,3.02880373366609,17.4251324576063,0.000851876605335086,0.00874025397073798,"Pnmal2",3.33536449210085,"ENSMUSG00000070802.5",FALSE,"ENSMUSG00000070802","ENSG00000204851","PNMA8B"
"Apoe",-0.687271626887789,8.25030748748083,17.4157074559679,0.000853799696310662,0.00875433692484104,"Apoe",-3.33473745390465,"ENSMUSG00000002985.16",TRUE,"ENSMUSG00000002985","ENSG00000130203","APOE"
"Fdxr",0.490673359791712,4.33314737869515,17.4092565842141,0.000855118795257393,0.00876221275836232,"Fdxr",3.33430810870702,"ENSMUSG00000018861.8",TRUE,"ENSMUSG00000018861",NA,NA
"Zfand5",-0.362596960676347,7.61938064988939,17.3679179782675,0.000863627243624043,0.00884369868342122,"Zfand5",-3.33155341514999,"ENSMUSG00000024750.11",TRUE,"ENSMUSG00000024750","ENSG00000107372","ZFAND5"
"Dclk2",0.595851182816672,3.27865405586804,17.3546259508098,0.000866383533338412,0.00886621449850758,"Dclk2",3.33066643450947,"ENSMUSG00000028078.14",TRUE,"ENSMUSG00000028078","ENSG00000170390","DCLK2"
"Ddah2",-0.352267410466786,6.96223273769286,17.3444863042863,0.000868492877962274,0.00888208504066498,"Ddah2",-3.3299894079618,"ENSMUSG00000007039.12",TRUE,"ENSMUSG00000007039","ENSG00000213722","DDAH2"
"Castor2",0.428461649962567,5.74986642321009,17.340622833624,0.00086929813379274,0.00888460682628916,"Castor2",3.32973135079232,"ENSMUSG00000015944.9",TRUE,"ENSMUSG00000015944","ENSG00000274070","CASTOR2"
"Tmtc1",0.468158787548233,5.23488492687139,17.3250532756986,0.000872551907722533,0.00891213422511975,"Tmtc1",3.32869087877392,"ENSMUSG00000030306.14",TRUE,"ENSMUSG00000030306","ENSG00000133687","TMTC1"
"Brdt",-0.563475034221066,3.75028968054303,17.2897080617101,0.000879990141601224,0.0089823383965881,"Brdt",-3.32632577241425,"ENSMUSG00000029279.15",FALSE,"ENSMUSG00000029279","ENSG00000137948","BRDT"
"Zup1",-0.507652359622842,3.7814310476893,17.2774671129044,0.000882583029316702,0.00900170366991103,"Zup1",-3.32550567676662,"ENSMUSG00000039531.8",TRUE,"ENSMUSG00000039531","ENSG00000153975","ZUP1"
"Plpp2",0.9495128419428,2.17203016288973,17.2754109900214,0.000883019413007685,0.00900170366991103,"Plpp2",3.32536787408469,"ENSMUSG00000052151.12",TRUE,"ENSMUSG00000052151","ENSG00000141934","PLPP2"
"Doc2b",0.808639447396829,3.17884018097303,17.263677418298,0.000885514415105525,0.0090213553769527,"Doc2b",3.32458120435217,"ENSMUSG00000020848.7",TRUE,"ENSMUSG00000020848","ENSG00000272636","DOC2B"
"Sesn2",0.738239485557138,3.72251708728312,17.2497434906408,0.000888487744809352,0.00904585186024528,"Sesn2",3.32364639771282,"ENSMUSG00000028893.8",TRUE,"ENSMUSG00000028893","ENSG00000130766","SESN2"
"Fastkd1",-0.786098134084375,2.81355620266284,17.2463777734334,0.000889207653805834,0.0090473891992797,"Fastkd1",-3.32342049641932,"ENSMUSG00000027086.16",TRUE,"ENSMUSG00000027086","ENSG00000138399","FASTKD1"
"Frmd6",-0.305589936253653,8.38571748956658,17.230480220592,0.000892617059788441,0.00907627180422991,"Frmd6",-3.32235295126533,"ENSMUSG00000048285.9",FALSE,"ENSMUSG00000048285","ENSG00000139926","FRMD6"
"Dtx2",-0.44232792760276,4.4559564442158,17.2141547409148,0.000896133763309106,0.00910620781974742,"Dtx2",-3.32125576198151,"ENSMUSG00000004947.15",FALSE,"ENSMUSG00000004947","ENSG00000091073","DTX2"
"Pid1",-0.590350539336072,4.34566083403887,17.1990828900573,0.000899394452923963,0.00913350573745197,"Pid1",-3.32024200731157,"ENSMUSG00000045658.16",TRUE,"ENSMUSG00000045658","ENSG00000153823","PID1"
"Tpd52",0.849921786697127,2.9908357517215,17.1956342006028,0.000900142453642939,0.00913526830905147,"Tpd52",3.32000993286306,"ENSMUSG00000027506.15",TRUE,"ENSMUSG00000027506","ENSG00000276418",""
"Bicc1",0.391636366751918,8.24862549439595,17.1916655878536,0.000901004100780938,0.00913818125938728,"Bicc1",3.3197428199524,"ENSMUSG00000014329.14",TRUE,"ENSMUSG00000014329","ENSG00000122870","BICC1"
"Ifi203",-0.497691643102625,6.98213446347809,17.1841958579828,0.000902628447125736,0.00914495812496052,"Ifi203",-3.31923991147699,"ENSMUSG00000039997.16",TRUE,"ENSMUSG00000039997",NA,NA
"Zfp46",0.42495399060852,5.09217936915074,17.1828846787844,0.000902913916865995,0.00914495812496052,"Zfp46",3.31915161480984,"ENSMUSG00000051351.14",TRUE,"ENSMUSG00000051351","ENSG00000125945","ZNF436"
"Nfe2l2",-0.297927407414491,7.34402790680511,17.1806649859989,0.000903397422770105,0.00914495812496052,"Nfe2l2",-3.31900212395448,"ENSMUSG00000015839.6",TRUE,"ENSMUSG00000015839","ENSG00000116044","NFE2L2"
"B3gntl1",-0.635035153034949,3.2908114987154,17.1673634666762,0.000906301027946638,0.00916365598507042,"B3gntl1",-3.31810594100212,"ENSMUSG00000046605.14",FALSE,"ENSMUSG00000046605","ENSG00000175711","B3GNTL1"
"Arl1",0.314326380824169,7.69296619445439,17.1656277217467,0.000906680710300314,0.00916365598507042,"Arl1",3.31798895076519,"ENSMUSG00000060904.14",TRUE,"ENSMUSG00000060904","ENSG00000120805","ARL1"
"Cdca3",1.26782282837999,1.54974332873191,17.1642912295754,0.000906973182449905,0.00916365598507042,"Cdca3",3.31789886326679,"ENSMUSG00000023505.13",TRUE,"ENSMUSG00000023505","ENSG00000111665","CDCA3"
"Efemp2",0.318495345459863,7.60965044624306,17.1439698783247,0.0009114335004883,0.00920287425921615,"Efemp2",3.31652831840946,"ENSMUSG00000024909.15",FALSE,"ENSMUSG00000024909","ENSG00000172638","EFEMP2"
"Itprip",0.434496601577994,4.48849157893799,17.1332770095543,0.000913790511492233,0.00922081884788133,"Itprip",3.31580657571486,"ENSMUSG00000117975.1",TRUE,"ENSMUSG00000117975","ENSG00000148841","ITPRIP"
"Ecm2",-0.30761949165488,7.17996514639204,17.1303108817194,0.000914445561066355,0.00922157752545228,"Ecm2",-3.31560629868363,"ENSMUSG00000043631.8",TRUE,"ENSMUSG00000043631","ENSG00000106823","ECM2"
"Gdpgp1",1.96803379762532,0.68088005547568,17.1221629477311,0.000916247735771995,0.00922923962191389,"Gdpgp1",3.31505598105644,"ENSMUSG00000050973.11",TRUE,"ENSMUSG00000050973","ENSG00000284626",""
"Fig4",-0.405799226578529,4.93817043059632,17.1216286488886,0.000916366054392381,0.00922923962191389,"Fig4",-3.31501988601565,"ENSMUSG00000038417.4",FALSE,"ENSMUSG00000038417","ENSG00000112367","FIG4"
"Prkcsh",0.332384356703265,6.70721311837203,17.1102464996033,0.000918890735863306,0.00924880972938871,"Prkcsh",3.31425071786769,"ENSMUSG00000003402.14",TRUE,"ENSMUSG00000003402","ENSG00000130175","PRKCSH"
"Firre",-0.618400563850419,4.98523254621774,17.0871795611227,0.000924031594308079,0.00929467074274597,"Firre",-3.31269054138254,"ENSMUSG00000085396.7",TRUE,"ENSMUSG00000085396",NA,NA
"C1qtnf2",0.375247901789199,5.49491031959794,17.0670944393769,0.000928534631652775,0.00933406210314417,"C1qtnf2",3.31133052828351,"ENSMUSG00000046491.10",FALSE,"ENSMUSG00000046491","ENSG00000145861","C1QTNF2"
"Tmem229a",-1.95249902297151,0.542530147840819,17.0636784836093,0.000929302968494646,0.00933588446492126,"Tmem229a",-3.31109908472594,"ENSMUSG00000048022.11",FALSE,"ENSMUSG00000048022","ENSG00000234224","TMEM229A"
"Ppp2r2c",4.437087454469,-1.87163396159241,17.0469628064841,0.00093307322764528,0.00936784314346142,"Ppp2r2c",3.30996594528523,"ENSMUSG00000029120.10",TRUE,"ENSMUSG00000029120","ENSG00000074211","PPP2R2C"
"Cox7a2l",-0.42670601049492,6.18786077576038,17.0240637071031,0.000938266524250197,0.00941403945435387,"Cox7a2l",-3.30841204256434,"ENSMUSG00000024248.14",TRUE,"ENSMUSG00000024248","ENSG00000115944","COX7A2L"
"Pacsin2",-0.379454280668606,6.19521253352953,17.0071402008916,0.000942125800983757,0.00944084852743837,"Pacsin2",-3.30726244844683,"ENSMUSG00000016664.16",TRUE,"ENSMUSG00000016664","ENSG00000100266","PACSIN2"
"Aplp1",1.16359794103936,1.96743793660782,17.0017825090307,0.000943351352404207,0.00944717667335271,"Aplp1",3.30689829604227,"ENSMUSG00000006651.8",TRUE,"ENSMUSG00000006651","ENSG00000105290","APLP1"
"Prrx2",0.385632653400627,5.51934626779306,16.9941348593718,0.000945103874172392,0.00945877086907712,"Prrx2",3.30637832378534,"ENSMUSG00000039476.13",FALSE,"ENSMUSG00000039476","ENSG00000167157","PRRX2"
"Nxt2",-0.636435498710095,4.00815159701389,16.9682407972721,0.000951065341239442,0.00950982455708392,"Nxt2",-3.3046162216307,"ENSMUSG00000042271.13",FALSE,"ENSMUSG00000042271","ENSG00000101888","NXT2"
"Gns",0.316841045305413,8.26626657634405,16.9667881388529,0.000951401048250048,0.00950982455708392,"Gns",3.30451729726347,"ENSMUSG00000034707.7",TRUE,"ENSMUSG00000034707","ENSG00000135677","GNS"
"Gsto1",0.501217284658773,4.62931422612361,16.9416485820122,0.000957232220247416,0.00955551950806744,"Gsto1",3.30280413671822,"ENSMUSG00000025068.8",TRUE,"ENSMUSG00000025068","ENSG00000148834","GSTO1"
"Anxa7",-0.306139159772342,7.22217722309853,16.9402388367977,0.000957560418581426,0.00955551950806744,"Anxa7",-3.30270800176195,"ENSMUSG00000021814.17",TRUE,"ENSMUSG00000021814","ENSG00000138279","ANXA7"
"Acyp2",-0.920636124787166,2.6979803676828,16.9393168072252,0.00095777514279441,0.00955551950806744,"Acyp2",-3.30264512184782,"ENSMUSG00000060923.5",TRUE,"ENSMUSG00000060923","ENSG00000170634","ACYP2"
"Mfge8",0.32163010804328,8.32613250570882,16.9219164121963,0.000961837699053811,0.00959003443765063,"Mfge8",3.30145789528127,"ENSMUSG00000030605.15",TRUE,"ENSMUSG00000030605","ENSG00000140545","MFGE8"
"Slc10a7",0.489618713169539,4.0626451309911,16.9172376976688,0.000962933411946893,0.00959494364047082,"Slc10a7",3.30113848341929,"ENSMUSG00000031684.11",TRUE,"ENSMUSG00000031684","ENSG00000120519","SLC10A7"
"Gm43289",-1.59508498837926,1.07665598388429,16.9111831863164,0.00096435343783865,0.0096030762191284,"Gm43289",-3.3007250313386,"ENSMUSG00000104917.1",FALSE,"ENSMUSG00000104917",NA,NA
"Plin2",-0.309782900394359,6.071643751785,16.8928637661659,0.000968664644878164,0.00963997111858413,"Plin2",-3.29947323387303,"ENSMUSG00000028494.12",FALSE,"ENSMUSG00000028494","ENSG00000147872","PLIN2"
"Fam53c",-0.328761479016569,6.17525308862294,16.8814166225579,0.000971369720780363,0.00966084594719832,"Fam53c",-3.29869042268559,"ENSMUSG00000034300.17",TRUE,"ENSMUSG00000034300","ENSG00000120709","FAM53C"
"Nup93",0.416706004575688,5.56615423600187,16.8740025010676,0.000973126349885999,0.00967226771389815,"Nup93",3.29818315919682,"ENSMUSG00000032939.14",TRUE,"ENSMUSG00000032939","ENSG00000102900","NUP93"
"Slc1a3",0.512456787840089,5.20510236638547,16.8356563770393,0.000982269734674415,0.00975704908839926,"Slc1a3",3.29555643083516,"ENSMUSG00000005360.14",FALSE,"ENSMUSG00000005360","ENSG00000079215","SLC1A3"
"Mmp8",2.17003839145928,0.668388634613652,16.8316748650757,0.000983224702798416,0.00976043848227416,"Mmp8",3.29528339304723,"ENSMUSG00000005800.3",TRUE,"ENSMUSG00000005800","ENSG00000118113","MMP8"
"Gm9553",2.64958841477941,-0.0453553409227699,16.8255507679289,0.000984695639071373,0.00976894245050034,"Gm9553",3.29486331328641,"ENSMUSG00000100044.1",FALSE,"ENSMUSG00000100044",NA,NA
"Slc6a8",0.322492505275881,6.56282204413405,16.8091351524304,0.000988650873914371,0.0098020666133792,"Slc6a8",3.29373662605224,"ENSMUSG00000019558.14",FALSE,"ENSMUSG00000019558","ENSG00000273554",""
"Stim1",-0.320501874020236,5.95216500957071,16.7742454254191,0.000997117659101072,0.00987448654655058,"Stim1",-3.29133874176948,"ENSMUSG00000030987.5",TRUE,"ENSMUSG00000030987","ENSG00000167323","STIM1"
"Krt10",-0.760545119239468,2.56584247762084,16.7739196917858,0.000997197094495393,0.00987448654655058,"Krt10",-3.29131633420514,"ENSMUSG00000019761.10",FALSE,"ENSMUSG00000019761","ENSG00000186395","KRT10"
"Fam129a",-0.367548787119888,7.72913781895822,16.7709717336404,0.000997916329933331,0.00987545948657733,"Fam129a",-3.29111352357911,"ENSMUSG00000026483.13",TRUE,"ENSMUSG00000026483","ENSG00000135842","NIBAN1"
"mt-Tp",-0.518379754215406,4.2819267502611,16.7396953729946,0.00100558360906697,0.0099451468501194,"mt-Tp",-3.28895986789649,"ENSMUSG00000064372.1",FALSE,"ENSMUSG00000064372",NA,NA
"Trafd1",-0.371985017160673,6.11209480597606,16.7310348877633,0.00100771855714817,0.00996006725564164,"Trafd1",-3.28836288983323,"ENSMUSG00000042726.14",TRUE,"ENSMUSG00000042726","ENSG00000135148","TRAFD1"
"Tpi1",0.308806428015203,6.98002480672919,16.7174630029994,0.00101107465147897,0.00998703116923602,"Tpi1",3.28742681523577,"ENSMUSG00000023456.15",TRUE,"ENSMUSG00000023456","ENSG00000111669","TPI1"
"Stard9",-0.402117755094605,6.22980568495902,16.7131853609926,0.00101213507997555,0.00999129992355751,"Stard9",-3.28713164072396,"ENSMUSG00000033705.17",FALSE,"ENSMUSG00000033705",NA,NA
"Bok",0.666307178021704,3.44198011395513,16.7061538948446,0.00101388093982031,0.010002325425535,"Bok",3.2866462966915,"ENSMUSG00000026278.14",TRUE,"ENSMUSG00000026278","ENSG00000176720","BOK"
"Ccl4",-3.00787877235531,-0.10681259549421,16.6964948466161,0.00101628481149853,0.0100149127372886,"Ccl4",-3.28597929158738,"ENSMUSG00000018930.3",TRUE,"ENSMUSG00000018930","ENSG00000275302","CCL4"
"Atp6v0a2",0.331527523869362,5.813321512028,16.6959670752816,0.00101641634647448,0.0100149127372886,"Atp6v0a2",3.28594283657643,"ENSMUSG00000038023.12",TRUE,"ENSMUSG00000038023","ENSG00000185344","ATP6V0A2"
"Ptprz1",-1.34739116317674,2.06579039721472,16.6931285308541,0.00101712412213401,0.0100156810614843,"Ptprz1",-3.28574675098776,"ENSMUSG00000068748.7",FALSE,"ENSMUSG00000068748","ENSG00000106278","PTPRZ1"
"Wee1",-0.540397610680788,4.35553214211446,16.6834580911797,0.0010195396172223,0.0100332540425038,"Wee1",-3.28507850022113,"ENSMUSG00000031016.9",TRUE,"ENSMUSG00000031016","ENSG00000166483","WEE1"
"Mpp1",-0.408544171875697,5.36459912820433,16.6747946410384,0.00102170914295959,0.0100483746480967,"Mpp1",-3.28447954525721,"ENSMUSG00000031402.12",TRUE,"ENSMUSG00000031402","ENSG00000130830","MPP1"
"Pomgnt1",0.33887999894305,5.52298650935155,16.6701895698773,0.00102286450112968,0.0100483746480967,"Pomgnt1",3.28416105826498,"ENSMUSG00000028700.14",TRUE,"ENSMUSG00000028700","ENSG00000085998","POMGNT1"
"Dtx4",0.311483528827733,6.59752326328143,16.6697626909281,0.00102297167548692,0.0100483746480967,"Dtx4",3.28413153137032,"ENSMUSG00000039982.8",FALSE,"ENSMUSG00000039982","ENSG00000110042","DTX4"
"Mvp",0.305465061086968,6.95024936107593,16.6564857735953,0.00102631144779849,0.0100749573792218,"Mvp",3.28321284465922,"ENSMUSG00000030681.18",TRUE,"ENSMUSG00000030681","ENSG00000013364","MVP"
"Acvr1",0.368025554970115,6.23621551109941,16.627839080514,0.00103355990020771,0.0101398538513283,"Acvr1",3.28122846041533,"ENSMUSG00000026836.15",TRUE,"ENSMUSG00000026836","ENSG00000115170","ACVR1"
"Zfp317",-0.466263327950809,4.51490336466158,16.6171185923313,0.00103628749961219,0.0101603453183309,"Zfp317",-3.28048506836409,"ENSMUSG00000057551.10",TRUE,"ENSMUSG00000057551","ENSG00000130803","ZNF317"
"Gcc1",-0.328128419362475,6.23479974141594,16.6102713846807,0.00103803392214463,0.0101711974515502,"Gcc1",-3.28001004086317,"ENSMUSG00000029708.9",TRUE,"ENSMUSG00000029708","ENSG00000179562","GCC1"
"Bmper",-0.362494095871786,7.27012724241576,16.6060829919013,0.00103910385233802,0.0101754116771746,"Bmper",-3.27971938470197,"ENSMUSG00000031963.8",FALSE,"ENSMUSG00000031963","ENSG00000164619","BMPER"
"Pik3r3",0.725514761310333,3.5912332193362,16.5965062234617,0.00104155497964053,0.0101931377484451,"Pik3r3",3.27905455649847,"ENSMUSG00000028698.13",TRUE,"ENSMUSG00000028698","ENSG00000117461","PIK3R3"
"Masp1",0.389075660364426,6.47981471155852,16.5899480580373,0.00104323731487228,0.0102033228895534,"Masp1",3.27859908789784,"ENSMUSG00000022887.9",FALSE,"ENSMUSG00000022887","ENSG00000127241","MASP1"
"Pcdh15",3.47191051159902,-0.795827445943981,16.5725551823041,0.001047714058577,0.0102408092646281,"Pcdh15",3.27739037491799,"ENSMUSG00000052613.16",FALSE,"ENSMUSG00000052613","ENSG00000150275","PCDH15"
"Rpl5",-0.412497680718985,7.19704800576209,16.5381953085966,0.0010566224884738,0.0103215401929969,"Rpl5",-3.27499926415933,"ENSMUSG00000058558.12",TRUE,"ENSMUSG00000058558",NA,NA
"Loxl2",0.385060834537305,9.28693016530579,16.5282738601187,0.00105921086088548,0.0103404728794732,"Loxl2",3.27430801616158,"ENSMUSG00000034205.16",FALSE,"ENSMUSG00000034205","ENSG00000134013","LOXL2"
"Plgrkt",-0.524062958351672,4.88841435408601,16.5190084760815,0.0010616346078837,0.0103543676756605,"Plgrkt",-3.27366214823682,"ENSMUSG00000016495.12",TRUE,"ENSMUSG00000016495","ENSG00000107020","PLGRKT"
"Edem2",-0.400724747425644,5.39150845848939,16.517856702756,0.00106193634402328,0.0103543676756605,"Edem2",-3.27358183861201,"ENSMUSG00000038312.10",FALSE,"ENSMUSG00000038312","ENSG00000088298","EDEM2"
"Clvs1",-1.91822766827015,0.31819167813507,16.4955940280978,0.00106778787795966,0.010405043274015,"Clvs1",-3.27202856318946,"ENSMUSG00000041216.15",FALSE,"ENSMUSG00000041216","ENSG00000177182","CLVS1"
"Lgals7",1.88246258822462,0.489705268613007,16.4555422392272,0.00107840796627225,0.0104991259590757,"Lgals7",3.26922949279824,"ENSMUSG00000053522.11",FALSE,"ENSMUSG00000053522","ENSG00000178934","LGALS7B"
"Sned1",-0.38229693037604,8.22036103332796,16.454210171141,0.00107876324071745,0.0104991259590757,"Sned1",-3.26913629677555,"ENSMUSG00000047793.13",TRUE,"ENSMUSG00000047793","ENSG00000162804","SNED1"
"Snca",-2.60834735512241,-0.37432124963503,16.4478145784034,0.00108047086286385,0.0105089762752064,"Snca",-3.26868874704785,"ENSMUSG00000025889.13",TRUE,"ENSMUSG00000025889","ENSG00000145335","SNCA"
"Ints3",-0.34842626510698,5.75186170657527,16.4454724776636,0.00108109697454805,0.0105089762752064,"Ints3",-3.26852481369345,"ENSMUSG00000027933.11",TRUE,"ENSMUSG00000027933","ENSG00000143624","INTS3"
"Slc16a12",0.800671565513664,3.07923917396671,16.3504877260926,0.00110684139490829,0.0107462242242246,"Slc16a12",3.26185911098058,"ENSMUSG00000009378.4",TRUE,"ENSMUSG00000009378","ENSG00000152779","SLC16A12"
"St3gal5",-0.778073107212644,3.27857016067902,16.3504381492144,0.00110685501347418,0.0107462242242246,"St3gal5",-3.26185562298648,"ENSMUSG00000056091.12",TRUE,"ENSMUSG00000056091","ENSG00000115525","ST3GAL5"
"Thsd4",-0.749561726005717,3.251225881688,16.3468396425975,0.00110784401921488,0.0107492638423272,"Thsd4",-3.2616024243523,"ENSMUSG00000032289.15",FALSE,"ENSMUSG00000032289","ENSG00000187720","THSD4"
"Gas2",0.972297369060221,2.15010670829987,16.3286390120259,0.00111286171098783,0.0107913657255119,"Gas2",3.26032103983766,"ENSMUSG00000030498.15",TRUE,"ENSMUSG00000030498","ENSG00000148935","GAS2"
"Acvrl1",-0.299109227922221,6.74185345052073,16.3228246283148,0.0011144701260413,0.0108003768521845,"Acvrl1",-3.25991142411286,"ENSMUSG00000000530.16",TRUE,"ENSMUSG00000000530","ENSG00000139567","ACVRL1"
"Layn",0.48086597360566,4.8634790658193,16.3089878773564,0.0011183084197885,0.0108309736905581,"Layn",3.25893612853753,"ENSMUSG00000060594.6",TRUE,"ENSMUSG00000060594","ENSG00000204381","LAYN"
"Mtcp1",-1.24015914476244,1.70757241424294,16.30379436144,0.0011197529840275,0.0108365276438399,"Mtcp1",-3.25856987179555,"ENSMUSG00000031200.16",TRUE,"ENSMUSG00000031200","ENSG00000214827","MTCP1"
"Rap1a",-0.315689930762678,6.08985040245635,16.3020282852922,0.00112024469889158,0.0108365276438399,"Rap1a",-3.25844530140807,"ENSMUSG00000068798.10",TRUE,"ENSMUSG00000068798","ENSG00000116473","RAP1A"
"Serpina3i",1.00231249499463,2.15118170493103,16.297919330215,0.00112138967689045,0.010841009137744,"Serpina3i",3.25815543000777,"ENSMUSG00000079014.4",FALSE,"ENSMUSG00000079014","ENSG00000196136","SERPINA3"
"Slfn5",-0.335484747130806,8.3583657921501,16.2877028244797,0.0011242423411919,0.0108619841749543,"Slfn5",-3.25743441610122,"ENSMUSG00000054404.13",FALSE,"ENSMUSG00000054404","ENSG00000166750","SLFN5"
"Commd9",0.495030387560712,4.05187348700464,16.2772143460369,0.00112717956152222,0.0108795118773888,"Commd9",3.25669379578783,"ENSMUSG00000027163.13",TRUE,"ENSMUSG00000027163","ENSG00000110442","COMMD9"
"Arrdc3",-0.499343017967464,7.16241519030833,16.2763402668094,0.00112742473583203,0.0108795118773888,"Arrdc3",-3.25663205577638,"ENSMUSG00000074794.10",FALSE,"ENSMUSG00000074794","ENSG00000113369","ARRDC3"
"Meiob",-2.20983323994953,0.8383880802339,16.2726839630918,0.00112845096819416,0.0108828112475389,"Meiob",-3.25637376367475,"ENSMUSG00000024155.8",TRUE,"ENSMUSG00000024155","ENSG00000162039","MEIOB"
"Tmem88",-1.09498417161226,1.86711396548564,16.2413780505001,0.00113728150843415,0.0109613259567444,"Tmem88",-3.25416013795172,"ENSMUSG00000045377.5",TRUE,"ENSMUSG00000045377","ENSG00000167874","TMEM88"
"Eogt",-0.497515777794354,4.57808869750537,16.211152569885,0.00114588216245397,0.011033328620162,"Eogt",-3.25201936072825,"ENSMUSG00000035245.12",TRUE,"ENSMUSG00000035245","ENSG00000163378","EOGT"
"Bcl6b",1.71262424384222,0.690323084236354,16.2102516634026,0.00114613965166998,0.011033328620162,"Bcl6b",3.25195549869454,"ENSMUSG00000000317.11",TRUE,"ENSMUSG00000000317","ENSG00000161940","BCL6B"
"Akt1s1",0.398490751965945,5.3010854012694,16.205744221337,0.00114742892109316,0.0110390575512066,"Akt1s1",3.25163593560289,"ENSMUSG00000011096.17",TRUE,"ENSMUSG00000011096","ENSG00000204673","AKT1S1"
"Ccng1",0.357590223761841,6.11250943395073,16.1996763722933,0.00114916712943633,0.0110490960456022,"Ccng1",3.25120562180126,"ENSMUSG00000020326.7",TRUE,"ENSMUSG00000020326","ENSG00000113328","CCNG1"
"Erp29",0.302223689025728,6.4632197620318,16.1931844838545,0.00115103013612588,0.0110603216041147,"Erp29",3.25074508014206,"ENSMUSG00000029616.9",FALSE,"ENSMUSG00000029616","ENSG00000089248","ERP29"
"Fam20a",0.368381917966994,5.38435200973429,16.1266596525759,0.00117032096426796,0.0112388975209864,"Fam20a",3.24601640223449,"ENSMUSG00000020614.13",FALSE,"ENSMUSG00000020614","ENSG00000108950","FAM20A"
"Dipk2a",-0.352039535020364,5.40463901459877,16.1157156047751,0.00117352971693296,0.0112602579534261,"Dipk2a",-3.2452368501584,"ENSMUSG00000045414.7",FALSE,"ENSMUSG00000045414","ENSG00000181744","DIPK2A"
"Nmt1",0.33437686548406,6.05062489816552,16.1142459730774,0.0011739613712369,0.0112602579534261,"Nmt1",3.24513213202409,"ENSMUSG00000020936.8",TRUE,"ENSMUSG00000020936","ENSG00000136448","NMT1"
"Tapbp",0.28953842420166,8.03220762687343,16.1069928032502,0.00117609439800697,0.011273917547622,"Tapbp",3.24461518739409,"ENSMUSG00000024308.15",TRUE,"ENSMUSG00000024308","ENSG00000231925","TAPBP"
"Cstb",0.346337052999886,6.22050680962018,16.1027969651655,0.00117733033714481,0.0112789664768758,"Cstb",3.24431605058922,"ENSMUSG00000005054.7",TRUE,"ENSMUSG00000005054","ENSG00000160213","CSTB"
"Gria1",1.25311533641156,2.13920588516412,16.0906058627847,0.00118092980236296,0.0113066385592885,"Gria1",3.24344651503355,"ENSMUSG00000020524.16",FALSE,"ENSMUSG00000020524","ENSG00000155511","GRIA1"
"Zhx2",-0.366231981403622,5.28535963488043,16.0748490059152,0.00118560068497789,0.0113445292979563,"Zhx2",-3.24232179691025,"ENSMUSG00000071757.10",TRUE,"ENSMUSG00000071757","ENSG00000178764","ZHX2"
"Styx",-0.842072536593061,2.42214244398727,16.0636513805899,0.00118893286502591,0.0113695726713813,"Styx",-3.24152192904881,"ENSMUSG00000053205.9",TRUE,"ENSMUSG00000053205","ENSG00000198252","STYX"
"Ckb",-0.641292498942113,5.8665540768912,16.0557838925872,0.00119128045683431,0.0113828709327003,"Ckb",-3.24095964778618,"ENSMUSG00000001270.9",TRUE,"ENSMUSG00000001270","ENSG00000166165","CKB"
"Ank1",0.710885568743671,3.14056846450247,16.0541956334694,0.00119175502125045,0.0113828709327003,"Ank1",3.24084610733583,"ENSMUSG00000031543.18",FALSE,"ENSMUSG00000031543","ENSG00000029534","ANK1"
"Pde12",-0.443985371200251,5.05405637792183,16.0446529041941,0.00119461088956904,0.0114032995058922,"Pde12",-3.24016371610458,"ENSMUSG00000043702.9",TRUE,"ENSMUSG00000043702","ENSG00000174840","PDE12"
"Dnajb11",0.303190764056497,6.65570605214413,16.0388821363787,0.00119634170515035,0.0114061283795,"Dnajb11",3.23975088206671,"ENSMUSG00000004460.17",TRUE,"ENSMUSG00000004460","ENSG00000090520","DNAJB11"
"Mfap3l",-0.640413674829338,2.91950162480093,16.0267357081367,0.00119999411780563,0.0114334851479553,"Mfap3l",-3.23888151648969,"ENSMUSG00000031647.10",FALSE,"ENSMUSG00000031647","ENSG00000198948","MFAP3L"
"Tmcc3",-0.335025904553537,5.36719712281879,16.0245624753152,0.00120064894655633,0.0114334851479553,"Tmcc3",-3.23872590933973,"ENSMUSG00000020023.18",TRUE,"ENSMUSG00000020023","ENSG00000057704","TMCC3"
"Nfe2l1",0.331270147548298,7.85153175540704,15.9674537805043,0.00121800368466353,0.0115832671937499,"Nfe2l1",3.23463021016858,"ENSMUSG00000038615.17",TRUE,"ENSMUSG00000038615","ENSG00000082641","NFE2L1"
"Gng2",0.74984027153584,2.816650573224,15.9657936024325,0.00121851245981519,0.0115832671937499,"Gng2",3.23451095497646,"ENSMUSG00000043004.13",TRUE,"ENSMUSG00000043004","ENSG00000186469","GNG2"
"Plod2",0.408940041375223,7.6218939741265,15.9656290103678,0.00121856291361024,0.0115832671937499,"Plod2",3.23449913128253,"ENSMUSG00000032374.14",TRUE,"ENSMUSG00000032374","ENSG00000152952","PLOD2"
"Rock2",-0.315745714162801,7.24403822284932,15.9434798802812,0.00122537426791827,0.0116410555452236,"Rock2",-3.23290704723372,"ENSMUSG00000020580.10",TRUE,"ENSMUSG00000020580","ENSG00000134318","ROCK2"
"Gldn",-1.3247717563083,1.21730624486366,15.9360649432673,0.00122766422532642,0.0116558472688753,"Gldn",-3.23237362876463,"ENSMUSG00000046167.5",FALSE,"ENSMUSG00000046167","ENSG00000186417","GLDN"
"4930404H11Rik",-1.35200973135642,1.21303118205858,15.9202551720666,0.00123256308538205,0.0116953763405911,"4930404H11Rik",-3.23123557612089,"ENSMUSG00000113630.1",FALSE,"ENSMUSG00000113630",NA,NA
"Dnm1",-0.333586589562259,7.9097216630756,15.8964247001576,0.00123998947121999,0.0117481063117043,"Dnm1",-3.22951829585142,"ENSMUSG00000026825.17",FALSE,"ENSMUSG00000026825","ENSG00000106976","DNM1"
"Parp2",-0.465084302209376,4.07596581682884,15.8955007723091,0.0012402784249937,0.0117481063117043,"Parp2",-3.22945167021581,"ENSMUSG00000036023.6",TRUE,"ENSMUSG00000036023","ENSG00000129484","PARP2"
"Col23a1",0.558296443597171,3.93555007895687,15.8953152808019,0.00124033644578706,0.0117481063117043,"Col23a1",3.22943829377553,"ENSMUSG00000063564.13",FALSE,"ENSMUSG00000063564","ENSG00000050767","COL23A1"
"Fn1",0.462249663681546,13.8710132118391,15.8924703038277,0.0012412267281426,0.0117495408676499,"Fn1",3.22923311549351,"ENSMUSG00000026193.15",FALSE,"ENSMUSG00000026193","ENSG00000115414","FN1"
"P2ry1",-0.697690644895745,2.64041907451445,15.8871453075201,0.00124289504647185,0.0117583342796204,"P2ry1",-3.22884899338578,"ENSMUSG00000027765.6",FALSE,"ENSMUSG00000027765","ENSG00000169860","P2RY1"
"Otulinl",0.794872940493078,2.54985179349291,15.8847303329669,0.00124365249982789,0.0117585051752455,"Otulinl",3.2286747506023,"ENSMUSG00000056069.10",TRUE,"ENSMUSG00000056069","ENSG00000145569","OTULINL"
"Clip1",-0.351178693733038,6.59332453728096,15.874637182189,0.00124682390830494,0.011781485807352,"Clip1",-3.22794626976343,"ENSMUSG00000049550.17",TRUE,"ENSMUSG00000049550","ENSG00000130779","CLIP1"
"D130058E05Rik",1.97428945290849,0.205012002975194,15.8713198949867,0.00124786826022177,0.0117843521035076,"D130058E05Rik",3.22770675385382,"ENSMUSG00000092627.2",FALSE,"ENSMUSG00000092627",NA,NA
"Gapdh",0.294515869061065,7.70536053364676,15.8431894174015,0.00125676455936742,0.0118613215356796,"Gapdh",3.22567391133681,"ENSMUSG00000057666.18",TRUE,"ENSMUSG00000057666","ENSG00000111640","GAPDH"
"Npl",1.0542146794284,1.86188881400737,15.8106113659452,0.00126715798012899,0.0119523210901491,"Npl",3.22331573092705,"ENSMUSG00000042684.8",TRUE,"ENSMUSG00000042684","ENSG00000135838","NPL"
"Kctd17",0.321933550784577,6.72459199139233,15.8058964342052,0.00126867030068831,0.0119594924670102,"Kctd17",3.22297408731456,"ENSMUSG00000033287.16",TRUE,"ENSMUSG00000033287","ENSG00000100379","KCTD17"
"Bmi1",0.369553196463346,5.32896704011186,15.7885048069235,0.00127426652478431,0.0120051306538181,"Bmi1",3.22171312306125,"ENSMUSG00000026739.13",TRUE,"ENSMUSG00000026739","ENSG00000269897","COMMD3-BMI1"
"Pabpc4l",1.36873729107967,1.12644572112693,15.7740948435678,0.00127892466271214,0.0120418821261759,"Pabpc4l",3.22066742483755,"ENSMUSG00000090919.6",TRUE,"ENSMUSG00000090919","ENSG00000254535","PABPC4L"
"Lipa",0.325982283713741,6.81804019510871,15.7515659164831,0.00128624631190426,0.0120968373081579,"Lipa",3.21903088375495,"ENSMUSG00000024781.16",TRUE,"ENSMUSG00000024781","ENSG00000107798","LIPA"
"Plxna4",0.708240845966828,3.16320106622422,15.7514546794801,0.00128628258115419,0.0120968373081579,"Plxna4",3.21902279824756,"ENSMUSG00000029765.12",TRUE,"ENSMUSG00000029765","ENSG00000221866","PLXNA4"
"Rras2",-0.435766229880826,4.7592029617434,15.7473923764774,0.0012876079104225,0.0121021445623221,"Rras2",-3.21872748671461,"ENSMUSG00000055723.6",FALSE,"ENSMUSG00000055723","ENSG00000133818","RRAS2"
"Itm2c",0.294809928656632,8.05934000592769,15.7178047035867,0.00129730805327236,0.0121861133911342,"Itm2c",3.21657459056343,"ENSMUSG00000026223.15",FALSE,"ENSMUSG00000026223","ENSG00000135916","ITM2C"
"Zfp386",-0.453653854604112,4.29982212053985,15.704703376969,0.00130162986253305,0.0122194921510408,"Zfp386",-3.21562016820253,"ENSMUSG00000042063.11",FALSE,"ENSMUSG00000042063",NA,NA
"Snhg18",0.402222652968799,5.66737474403365,15.7008857421876,0.00130289229698806,0.0122241275510332,"Snhg18",3.21534192586035,"ENSMUSG00000096956.2",FALSE,"ENSMUSG00000096956",NA,NA
"Cav2",0.453473319778607,4.59963407872466,15.6890870431215,0.00130680279026605,0.0122535877202836,"Cav2",3.21448162389599,"ENSMUSG00000000058.6",TRUE,"ENSMUSG00000000058","ENSG00000105971","CAV2"
"Zfp945",-0.645425330325267,4.52977063212792,15.6841197359362,0.00130845313110775,0.0122618327307051,"Zfp945",-3.21411926439651,"ENSMUSG00000059142.16",TRUE,"ENSMUSG00000059142","ENSG00000196378","ZNF34"
"Bdnf",1.08565772744793,2.09060455571142,15.6474437341499,0.00132071226195653,0.0123694270329179,"Bdnf",3.21144069746467,"ENSMUSG00000048482.14",FALSE,"ENSMUSG00000048482","ENSG00000176697","BDNF"
"H2-M3",-0.431653163329322,4.59877962328252,15.5803611534954,0.00134347563024297,0.0125752165672478,"H2-M3",-3.20652728628866,"ENSMUSG00000016206.6",TRUE,"ENSMUSG00000016206","ENSG00000204592","HLA-E"
"Slc2a13",0.504425859356619,4.35399023108982,15.5654415823768,0.0013485990040194,0.0126123849784292,"Slc2a13",3.20543201560348,"ENSMUSG00000036298.10",FALSE,"ENSMUSG00000036298","ENSG00000151229","SLC2A13"
"Gbp11",-2.08136322289171,0.229756133745551,15.5626613253847,0.00134955620566463,0.0126123849784292,"Gbp11",-3.205227811488,"ENSMUSG00000092021.8",FALSE,"ENSMUSG00000092021","ENSG00000183347","GBP6"
"Cnnm2",0.695623233879129,3.26570969460844,15.5612136313021,0.00135005493242501,0.0126123849784292,"Cnnm2",3.20512146881144,"ENSMUSG00000064105.13",TRUE,"ENSMUSG00000064105","ENSG00000148842","CNNM2"
"Tlr4",-0.349656107685927,5.40864671358724,15.5585221693935,0.00135098269299591,0.0126123849784292,"Tlr4",-3.20492374034646,"ENSMUSG00000039005.13",FALSE,"ENSMUSG00000039005","ENSG00000136869","TLR4"
"Palm3",1.18693943779417,1.41680891725402,15.5572776385938,0.001351411935059,0.0126123849784292,"Palm3",3.20483230074663,"ENSMUSG00000047986.12",FALSE,"ENSMUSG00000047986","ENSG00000187867","PALM3"
"Cdk14",0.361154164925493,6.45377263732337,15.5499238079536,0.00135395147044084,0.0126286746242936,"Cdk14",3.2042918619207,"ENSMUSG00000028926.15",FALSE,"ENSMUSG00000028926","ENSG00000058091","CDK14"
"Gstk1",-0.598509388794845,3.25231548066398,15.5330891751383,0.00135978558966484,0.0126756566426963,"Gstk1",-3.20305383533359,"ENSMUSG00000029864.7",TRUE,"ENSMUSG00000029864","ENSG00000197448","GSTK1"
"Cmtm4",0.392946611618103,5.72086299517701,15.5114757864415,0.00136731791660629,0.0127302207814268,"Cmtm4",3.20146266776116,"ENSMUSG00000096188.1",TRUE,"ENSMUSG00000096188","ENSG00000183723","CMTM4"
"Lmna",0.30432555178548,9.35389866230005,15.5085689308595,0.00136833459208144,0.0127302207814268,"Lmna",3.20124851959952,"ENSMUSG00000028063.15",TRUE,"ENSMUSG00000028063","ENSG00000160789","LMNA"
"Itga7",0.375856727428315,5.82915146523026,15.5071220995437,0.00136884094423944,0.0127302207814268,"Itga7",3.20114191849467,"ENSMUSG00000025348.9",TRUE,"ENSMUSG00000025348","ENSG00000135424","ITGA7"
"Nexmif",-2.56317706695368,0.555783056112293,15.4961979759115,0.00137267100459107,0.0127493564545496,"Nexmif",-3.20033676106411,"ENSMUSG00000046449.15",FALSE,"ENSMUSG00000046449","ENSG00000050030","NEXMIF"
"Gm48783",-2.01806092826132,0.368891375446244,15.4943969488901,0.001373303628664,0.0127493564545496,"Gm48783",-3.20020396990829,"ENSMUSG00000114068.1",FALSE,"ENSMUSG00000114068",NA,NA
"Enox1",0.505709134133312,3.74454421026998,15.4854532169942,0.00137645011370334,0.0127681413235943,"Enox1",3.19954434294842,"ENSMUSG00000022012.9",FALSE,"ENSMUSG00000022012","ENSG00000120658","ENOX1"
"Slc25a27",-0.925234900134434,2.82533654405923,15.4840832596375,0.00137693280324242,0.0127681413235943,"Slc25a27",-3.19944327530214,"ENSMUSG00000023912.10",FALSE,"ENSMUSG00000023912","ENSG00000153291","SLC25A27"
"Zfp651",0.360579852721986,6.36041629891427,15.4789756704305,0.00137873411007957,0.0127720873571599,"Zfp651",3.19906639807569,"ENSMUSG00000013419.7",FALSE,"ENSMUSG00000013419","ENSG00000114853","ZBTB47"
"Ctbs",-0.476345854522105,3.89240509795916,15.4783226753648,0.00137896459738688,0.0127720873571599,"Ctbs",-3.19901820729672,"ENSMUSG00000028189.12",TRUE,"ENSMUSG00000028189","ENSG00000117151","CTBS"
"Slbp",-0.412053393758122,5.22704727301825,15.4736430778574,0.00138061763966106,0.0127799547866879,"Slbp",-3.1986728032151,"ENSMUSG00000004642.13",TRUE,"ENSMUSG00000004642","ENSG00000163950","SLBP"
"Clec2d",-0.357709064775434,7.29810015118507,15.4677850605265,0.00138269014067337,0.0127916936050777,"Clec2d",-3.1982402914538,"ENSMUSG00000030157.5",TRUE,"ENSMUSG00000030157","ENSG00000069493","CLEC2D"
"Gnptab",0.37174562295268,6.04978829046875,15.4559828187792,0.00138687643377739,0.0128229627478848,"Gnptab",3.19736847132099,"ENSMUSG00000035311.16",TRUE,"ENSMUSG00000035311","ENSG00000111670","GNPTAB"
"Kcne4",0.409482967655661,6.11041017234138,15.452907877084,0.00138796949950643,0.0128256124059563,"Kcne4",3.1971412335378,"ENSMUSG00000047330.8",FALSE,"ENSMUSG00000047330","ENSG00000152049","KCNE4"
"Plbd2",0.325692773484169,6.60940142868448,15.4369541847991,0.00139365645013385,0.0128706843940062,"Plbd2",3.19596162781393,"ENSMUSG00000029598.12",TRUE,"ENSMUSG00000029598","ENSG00000151176","PLBD2"
"Rps27",-0.390270765889177,7.77470571857833,15.4161241614334,0.00140112171963051,0.0129321176478723,"Rps27",-3.19441987699603,"ENSMUSG00000090733.6",TRUE,"ENSMUSG00000090733","ENSG00000177954","RPS27"
"Rbm39",-0.327388260955483,7.78529990498187,15.4075413088171,0.00140421099583184,0.0129531133797644,"Rbm39",-3.19378408481263,"ENSMUSG00000027620.16",TRUE,"ENSMUSG00000027620","ENSG00000131051","RBM39"
"Lactb",0.550144890685614,3.41908647319124,15.4013354149159,0.00140644956219207,0.0129662419637915,"Lactb",3.19332417936851,"ENSMUSG00000032370.8",FALSE,"ENSMUSG00000032370","ENSG00000103642","LACTB"
"Bdh2",-0.403628005346812,4.99269841281287,15.3938861458733,0.00140914201468231,0.012983537346172,"Bdh2",-3.19277191788238,"ENSMUSG00000028167.15",FALSE,"ENSMUSG00000028167","ENSG00000164039","BDH2"
"Chsy3",0.663287028082318,3.35227337350413,15.3886187084565,0.00141104941982545,0.0129935836268003,"Chsy3",3.19238126956853,"ENSMUSG00000058152.8",FALSE,"ENSMUSG00000058152","ENSG00000198108","CHSY3"
"Dcbld2",-0.328187489148951,6.59996030407743,15.3733942654996,0.0014165789690398,0.013030820291047,"Dcbld2",-3.19125152919931,"ENSMUSG00000035107.13",FALSE,"ENSMUSG00000035107","ENSG00000057019","DCBLD2"
"Gpr4",1.71892036550083,0.386806368279625,15.3713249189153,0.00141733246748017,0.013030820291047,"Gpr4",3.19109789706022,"ENSMUSG00000044317.7",TRUE,"ENSMUSG00000044317","ENSG00000177464","GPR4"
"Mcoln2",0.563952199545544,4.00999245463951,15.3707240358518,0.00141755134902291,0.013030820291047,"Mcoln2",3.19105328302652,"ENSMUSG00000011008.13",FALSE,"ENSMUSG00000011008","ENSG00000153898","MCOLN2"
"Katnbl1",-0.498851674083742,3.89987336311794,15.351569947547,0.0014245487976847,0.0130862117737899,"Katnbl1",-3.189630348431,"ENSMUSG00000027132.3",FALSE,"ENSMUSG00000027132","ENSG00000134152","KATNBL1"
"Adgrg2",-0.449279697908436,4.405170071059,15.3478314681367,0.00142591914756518,0.0130862117737899,"Adgrg2",-3.18935244182784,"ENSMUSG00000031298.15",FALSE,"ENSMUSG00000031298","ENSG00000173698","ADGRG2"
"Yipf5",0.29045853345554,6.7302098059274,15.3474863840957,0.00142604571489517,0.0130862117737899,"Yipf5",3.18932678642773,"ENSMUSG00000024487.5",TRUE,"ENSMUSG00000024487","ENSG00000145817","YIPF5"
"Bmp1",0.288272247410379,9.87813477985701,15.3294408724388,0.00143268221357556,0.0131366297281267,"Bmp1",3.18798448947358,"ENSMUSG00000022098.10",FALSE,"ENSMUSG00000022098","ENSG00000168487","BMP1"
"Rarres1",1.10376650562659,1.64569998644581,15.3259852207147,0.00143395709719997,0.0131366297281267,"Rarres1",3.18772728823424,"ENSMUSG00000049404.7",TRUE,"ENSMUSG00000049404","ENSG00000118849","RARRES1"
"Smoc1",0.880114424430409,2.57309434747501,15.325820065117,0.00143401805999044,0.0131366297281267,"Smoc1",3.18771499458513,"ENSMUSG00000021136.13",FALSE,"ENSMUSG00000021136","ENSG00000198732","SMOC1"
"Apba2",-3.39183715545276,-0.817772269320048,15.3200741307611,0.00143614086146113,0.0131485020839473,"Apba2",-3.18728721435056,"ENSMUSG00000030519.14",TRUE,"ENSMUSG00000030519","ENSG00000034053","APBA2"
"C7",-1.07878444038954,4.47524519025382,15.3067226548001,0.00144108734913801,0.0131843924333684,"C7",-3.18629267087933,"ENSMUSG00000079105.4",FALSE,"ENSMUSG00000079105","ENSG00000112936","C7"
"Cited1",-1.99973937108574,0.159166988901065,15.3050212796713,0.00144171907449083,0.0131843924333684,"Cited1",-3.18616588251159,"ENSMUSG00000051159.16",FALSE,"ENSMUSG00000051159","ENSG00000125931","CITED1"
"Cadps2",-0.842910910915768,2.46290770279587,15.302499040005,0.00144265617083156,0.0131853799337554,"Cadps2",-3.18597789994954,"ENSMUSG00000017978.18",TRUE,"ENSMUSG00000017978","ENSG00000081803","CADPS2"
"5031439G07Rik",0.300856919170619,6.04070473965479,15.2811899448329,0.00145060101897037,0.0132497735466276,"5031439G07Rik",3.18438866130352,"ENSMUSG00000036046.14",TRUE,"ENSMUSG00000036046","ENSG00000100364","KIAA0930"
"Gna12",0.302031087128484,6.3099336543681,15.2791398212574,0.00145136801347074,0.0132497735466276,"Gna12",3.18423566134257,"ENSMUSG00000000149.10",TRUE,"ENSMUSG00000000149","ENSG00000146535","GNA12"
"Sgsh",0.387932685581684,4.57187730369368,15.2762315981695,0.00145245683526486,0.0132521061682255,"Sgsh",3.1840185912515,"ENSMUSG00000005043.13",TRUE,"ENSMUSG00000005043","ENSG00000181523","SGSH"
"Cdh9",-1.40834836287161,1.11141178268047,15.252440008292,0.00146139936356933,0.0133227990907206,"Cdh9",-3.18224144014949,"ENSMUSG00000025370.7",FALSE,"ENSMUSG00000025370","ENSG00000113100","CDH9"
"Fam53a",-0.449739399518868,4.50239095988609,15.2494380008934,0.0014625321844934,0.0133227990907206,"Fam53a",-3.18201702998191,"ENSMUSG00000037339.17",TRUE,"ENSMUSG00000037339","ENSG00000174137","FAM53A"
"Krba1",-0.529233865209114,3.56815607182461,15.2489453618965,0.00146271817973956,0.0133227990907206,"Krba1",-3.18198019990639,"ENSMUSG00000042810.14",FALSE,"ENSMUSG00000042810","ENSG00000133619","KRBA1"
"Stk38",-0.294295010061959,6.82255499815152,15.2457050091401,0.00146394224394777,0.0133263156871788,"Stk38",-3.18173792295134,"ENSMUSG00000024006.17",TRUE,"ENSMUSG00000024006","ENSG00000112079","STK38"
"Bcl2l11",0.370463376467447,4.79919329385014,15.2392259745902,0.0014663932488051,0.013340990752716,"Bcl2l11",3.18125336036088,"ENSMUSG00000027381.16",TRUE,"ENSMUSG00000027381","ENSG00000153094","BCL2L11"
"Thsd7a",-0.657670642390931,3.89384053061667,15.2128150793884,0.0014764330129737,0.0134246507749118,"Thsd7a",-3.17927626189532,"ENSMUSG00000032625.14",TRUE,"ENSMUSG00000032625","ENSG00000005108","THSD7A"
"Trhde",-1.1510869262598,2.06138747637985,15.208271860006,0.00147816795715938,0.0134327457272604,"Trhde",-3.17893586093196,"ENSMUSG00000050663.7",FALSE,"ENSMUSG00000050663","ENSG00000072657","TRHDE"
"9330182L06Rik",2.13181731915106,-0.134957905703325,15.2033540028521,0.00148004858960141,0.0134421546090413,"9330182L06Rik",3.17856729109235,"ENSMUSG00000056004.16",FALSE,"ENSMUSG00000056004","ENSG00000164659","ELAPOR2"
"Cilp2",0.680061940709925,5.66991532369968,15.1975451897581,0.00148227345049147,0.0134472957019645,"Cilp2",3.17813181555877,"ENSMUSG00000044006.8",FALSE,"ENSMUSG00000044006","ENSG00000160161","CILP2"
"Axin2",0.588459655095288,3.38629209987251,15.197460765528,0.00148230581434596,0.0134472957019645,"Axin2",3.17812548537587,"ENSMUSG00000000142.15",FALSE,"ENSMUSG00000000142","ENSG00000168646","AXIN2"
"Ctrl",2.90268425058617,-0.936966370480518,15.1868642841744,0.00148637436487991,0.0134707856906988,"Ctrl",3.17733071292281,"ENSMUSG00000031896.7",TRUE,"ENSMUSG00000031896","ENSG00000141086","CTRL"
"Gulp1",-0.365708757683566,5.67522571946103,15.1863055324277,0.00148658925279358,0.0134707856906988,"Gulp1",-3.17728879132044,"ENSMUSG00000056870.9",FALSE,"ENSMUSG00000056870","ENSG00000144366","GULP1"
"Ldlrad4",0.516354576586821,4.77818346694534,15.1679214534178,0.00149367932243076,0.0135273247520594,"Ldlrad4",3.17590874043179,"ENSMUSG00000024544.9",FALSE,"ENSMUSG00000024544","ENSG00000168675","LDLRAD4"
"Ago4",-0.536582509417315,3.59768017084956,15.1541778278426,0.00149900495511364,0.0135674016498893,"Ago4",-3.17487609314264,"ENSMUSG00000042500.11",TRUE,"ENSMUSG00000042500","ENSG00000134698","AGO4"
"H2afj",0.523843341965139,4.00275100246559,15.1521029213057,0.00149981085961802,0.0135674016498893,"H2afj",3.1747201217156,"ENSMUSG00000060032.6",FALSE,"ENSMUSG00000060032","ENSG00000246705","H2AJ"
"Spock3",1.97266020329927,0.40810231932492,15.1459893175415,0.0015021882919992,0.0135811827218097,"Spock3",3.17426045272792,"ENSMUSG00000054162.15",FALSE,"ENSMUSG00000054162","ENSG00000196104","SPOCK3"
"Tbk1",-0.362907467184268,4.97702029880331,15.1394916966298,0.00150471977599017,0.0135963401122566,"Tbk1",-3.17377173453433,"ENSMUSG00000020115.3",TRUE,"ENSMUSG00000020115","ENSG00000183735","TBK1"
"Tmem214",0.337664249459062,6.25645401694216,15.1185724994944,0.0015129030662855,0.0136625198541387,"Tmem214",3.17219706655042,"ENSMUSG00000038828.13",TRUE,"ENSMUSG00000038828","ENSG00000119777","TMEM214"
"Pf4",0.879200766763587,2.36466893642941,15.1157299922226,0.00151401892982463,0.0136648371401822,"Pf4",3.17198295493784,"ENSMUSG00000029373.7",TRUE,"ENSMUSG00000029373",NA,NA
"Dennd2a",-0.311565979644936,6.40733381356117,15.1080323923843,0.00151704544338601,0.0136843866626023,"Dennd2a",-3.17140295926091,"ENSMUSG00000038456.9",FALSE,"ENSMUSG00000038456","ENSG00000146966","DENND2A"
"Pygl",-0.318759524756265,5.95054892303639,15.1038926856259,0.00151867593309256,0.0136899314743117,"Pygl",-3.17109093675433,"ENSMUSG00000021069.17",FALSE,"ENSMUSG00000021069","ENSG00000100504","PYGL"
"Nuak1",0.395415380943493,4.76129037077959,15.1021020632318,0.00151938181803182,0.0136899314743117,"Nuak1",3.17095594912316,"ENSMUSG00000020032.14",TRUE,"ENSMUSG00000020032","ENSG00000074590","NUAK1"
"Rdh10",0.40124123037973,5.30101541652079,15.0909061434012,0.00152380388545947,0.0137220006741008,"Rdh10",3.17011162145124,"ENSMUSG00000025921.7",TRUE,"ENSMUSG00000025921","ENSG00000121039","RDH10"
"Sema4f",-1.98771010414941,0.576995867580617,15.0844616446303,0.00152635593883347,0.0137343035899128,"Sema4f",-3.16962537155288,"ENSMUSG00000000627.15",FALSE,"ENSMUSG00000000627","ENSG00000135622","SEMA4F"
"Micu1",-0.304517867132624,5.94746125219197,15.0830960130763,0.00152689736194214,0.0137343035899128,"Micu1",-3.16952230898143,"ENSMUSG00000020111.15",FALSE,"ENSMUSG00000020111","ENSG00000107745","MICU1"
"Trim59",0.83350550154956,2.26743677466101,15.0707218872258,0.00153181325694176,0.0137707327445703,"Trim59",3.16858808121372,"ENSMUSG00000034317.14",TRUE,"ENSMUSG00000034317","ENSG00000213186","TRIM59"
"Smox",0.389817914498766,4.63473922076401,15.063425094063,0.00153472053598017,0.0137890738325947,"Smox",3.16803687399195,"ENSMUSG00000027333.18",TRUE,"ENSMUSG00000027333","ENSG00000088826","SMOX"
"Tmprss5",-3.24588257412565,-0.132339768661101,15.0604426575526,0.00153591064834572,0.0137919746135753,"Tmprss5",-3.16781151133659,"ENSMUSG00000032268.13",FALSE,"ENSMUSG00000032268","ENSG00000166682","TMPRSS5"
"Ahr",0.60799293035532,3.57843986588329,15.0471946928351,0.00154120986891818,0.013831749743457,"Ahr",3.166809986041,"ENSMUSG00000019256.17",TRUE,"ENSMUSG00000019256","ENSG00000283321",""
"Tspan18",-0.620648290374164,4.17590255748213,15.0248625927168,0.00155019008160801,0.0139044968233572,"Tspan18",-3.16511999078698,"ENSMUSG00000027217.13",TRUE,"ENSMUSG00000027217","ENSG00000157570","TSPAN18"
"Rgs5",0.377561835006211,9.66105308809809,15.0201405557067,0.00155209655448722,0.0139137494396901,"Rgs5",3.16476237023365,"ENSMUSG00000026678.10",FALSE,"ENSMUSG00000026678","ENSG00000143248","RGS5"
"Glp1r",1.73338877463554,0.549689683327059,15.0150293306636,0.00155416317500969,0.013920670980161,"Glp1r",3.16437516544805,"ENSMUSG00000024027.8",FALSE,"ENSMUSG00000024027","ENSG00000112164","GLP1R"
"Bag3",-0.331113405373742,7.81558118881615,15.0020965874441,0.001559406312169,0.013955677311437,"Bag3",-3.16339492754605,"ENSMUSG00000030847.8",TRUE,"ENSMUSG00000030847","ENSG00000151929","BAG3"
"Dact3",0.371866960010868,5.09403841547444,14.9945110497133,0.00156249100189469,0.013975418674427,"Dact3",3.1628196422105,"ENSMUSG00000078794.4",FALSE,"ENSMUSG00000078794","ENSG00000197380","DACT3"
"Dusp4",0.890747152829146,2.46985451057232,14.9843413719985,0.00156663747783021,0.0140046294603338,"Dusp4",3.16204798244137,"ENSMUSG00000031530.6",TRUE,"ENSMUSG00000031530","ENSG00000120875","DUSP4"
"Rnf144a",0.321839561167682,5.98239433708829,14.9706746190855,0.00157222961201316,0.0140467233257558,"Rnf144a",3.16101025843466,"ENSMUSG00000020642.13",FALSE,"ENSMUSG00000020642","ENSG00000151692","RNF144A"
"Dhx30",-0.323630535683418,5.692113341291,14.9658237291991,0.00157421996593249,0.0140566087132085,"Dhx30",-3.16064173133161,"ENSMUSG00000032480.17",TRUE,"ENSMUSG00000032480","ENSG00000132153","DHX30"
"Dlg3",0.443410792413817,4.61755178818441,14.951773436927,0.0015800011491,0.0140946441729091,"Dlg3",3.1595737348449,"ENSMUSG00000000881.12",FALSE,"ENSMUSG00000000881","ENSG00000082458","DLG3"
"Col6a6",-0.46279519751141,8.01657990665214,14.950346201453,0.00158058975926879,0.0140946441729091,"Col6a6",-3.15946519885611,"ENSMUSG00000043719.14",FALSE,"ENSMUSG00000043719","ENSG00000206384","COL6A6"
"Phactr2",-0.431922697753404,6.09717728840927,14.9490162409881,0.00158113847729799,0.0140946441729091,"Phactr2",-3.15936405223489,"ENSMUSG00000062866.16",FALSE,"ENSMUSG00000062866","ENSG00000112419","PHACTR2"
"Rrbp1",0.35058293398006,9.11409316449151,14.9448949352872,0.00158284023623565,0.0141019093987986,"Rrbp1",3.15905056798621,"ENSMUSG00000027422.15",TRUE,"ENSMUSG00000027422","ENSG00000125844","RRBP1"
"Nampt",-0.392511332207385,6.11525808981499,14.9399918063316,0.00158486754770534,0.0141069699342138,"Nampt",-3.15867751784498,"ENSMUSG00000020572.8",TRUE,"ENSMUSG00000020572","ENSG00000105835","NAMPT"
"Dnmt3a",0.325661929266063,5.88612869474833,14.9392310326302,0.00158518237266177,0.0141069699342138,"Dnmt3a",3.15861962561011,"ENSMUSG00000020661.15",TRUE,"ENSMUSG00000020661","ENSG00000119772","DNMT3A"
"Incenp",0.806226507539444,2.59666974481615,14.9094147665359,0.00159757741461095,0.0142006872522987,"Incenp",3.15634870835167,"ENSMUSG00000024660.9",TRUE,"ENSMUSG00000024660","ENSG00000149503","INCENP"
"Clcn5",-0.335235268514173,5.68376653030236,14.9074725425173,0.00159838865511041,0.0142006872522987,"Clcn5",-3.15620064569488,"ENSMUSG00000004317.14",FALSE,"ENSMUSG00000004317","ENSG00000171365","CLCN5"
"Prickle1",0.431412477117499,4.88351794738787,14.9074642047597,0.00159839213869173,0.0142006872522987,"Prickle1",3.15620001004209,"ENSMUSG00000036158.12",TRUE,"ENSMUSG00000036158","ENSG00000139174","PRICKLE1"
"Mtap",0.385084823084583,4.96692421711719,14.8991141550202,0.00160188521049546,0.0142237747082688,"Mtap",3.1555632663671,"ENSMUSG00000062937.7",TRUE,"ENSMUSG00000062937","ENSG00000099810","MTAP"
"Cdk4",0.27950687770015,6.76390865089497,14.8785433305614,0.0016105278336359,0.0142925357914686,"Cdk4",3.15399329983351,"ENSMUSG00000006728.12",FALSE,"ENSMUSG00000006728","ENSG00000135446","CDK4"
"Rfx2",-0.400301990116022,4.61542020189396,14.871005670207,0.00161370802223139,0.0143127711531209,"Rfx2",-3.15341755722774,"ENSMUSG00000024206.15",FALSE,"ENSMUSG00000024206","ENSG00000087903","RFX2"
"Aspn",0.348969437319484,8.65885445645984,14.8679767395042,0.00161498796677738,0.0143161391503125,"Aspn",3.15318613026104,"ENSMUSG00000021388.14",TRUE,"ENSMUSG00000021388","ENSG00000106819","ASPN"
"A930004D18Rik",1.12013592801542,1.74110589042238,14.8480364357806,0.00162344318995097,0.0143830735653428,"A930004D18Rik",3.15166156751193,"ENSMUSG00000054057.2",TRUE,"ENSMUSG00000054057",NA,NA
"Xxylt1",0.332588722433118,5.42914356978956,14.8424836797802,0.00162580669519458,0.0143959932481511,"Xxylt1",3.15123671039667,"ENSMUSG00000047434.14",FALSE,"ENSMUSG00000047434","ENSG00000173950","XXYLT1"
"Glis2",0.327403487755624,6.7227086851763,14.8190002779107,0.00163584583065491,0.0144768259570979,"Glis2",3.14943841493319,"ENSMUSG00000014303.13",FALSE,"ENSMUSG00000014303","ENSG00000126603","GLIS2"
"Slc35d1",-0.57926838570005,3.69108952934194,14.7992965838538,0.00164432376954467,0.0145437602375245,"Slc35d1",-3.14792766671546,"ENSMUSG00000028521.17",TRUE,"ENSMUSG00000028521","ENSG00000116704","SLC35D1"
"Nrn1",-1.63560324720927,1.07950265794022,14.7846372070196,0.00165066383025624,0.0145917214522318,"Nrn1",-3.14680256040732,"ENSMUSG00000039114.16",FALSE,"ENSMUSG00000039114","ENSG00000124785","NRN1"
"Chil1",2.12235665137741,0.787579663484696,14.7794683473186,0.00165290597143835,0.0145940769145743,"Chil1",3.14640562195303,"ENSMUSG00000064246.10",TRUE,"ENSMUSG00000064246","ENSG00000133048","CHI3L1"
"Hhat",0.562240488731098,3.69225796230811,14.7776780658813,0.00165368336792196,0.0145940769145743,"Hhat",3.14626811088615,"ENSMUSG00000037375.16",FALSE,"ENSMUSG00000037375","ENSG00000054392","HHAT"
"Hsf4",0.795832216021329,2.34769469445104,14.7557910518152,0.00166322122207533,0.0146701093148442,"Hsf4",3.14458581586613,"ENSMUSG00000033249.10",FALSE,"ENSMUSG00000033249","ENSG00000102878","HSF4"
"Irgq",0.423920967405617,4.91861436826058,14.7532504241309,0.00166433243154803,0.0146717730925213,"Irgq",3.14439039742683,"ENSMUSG00000041037.8",FALSE,"ENSMUSG00000041037","ENSG00000167378","IRGQ"
"Prkar1b",0.496232094786747,3.89380456647625,14.749672206058,0.00166589889592119,0.0146774460619582,"Prkar1b",3.14411512118204,"ENSMUSG00000025855.13",FALSE,"ENSMUSG00000025855","ENSG00000188191","PRKAR1B"
"Manba",0.33719762129751,6.56399585890454,14.7432305220973,0.0016687231666932,0.014694188549237,"Manba",3.14361941064979,"ENSMUSG00000028164.15",TRUE,"ENSMUSG00000028164","ENSG00000109323","MANBA"
"Ptpn1",0.340571047148726,5.98397067738629,14.7380257825321,0.0016710091087769,0.0147061747962806,"Ptpn1",3.14321875141296,"ENSMUSG00000027540.13",FALSE,"ENSMUSG00000027540","ENSG00000196396","PTPN1"
"Entpd5",0.378666792082844,5.26102705534398,14.7327513478074,0.00167332930925412,0.0147184491178475,"Entpd5",3.14281260299279,"ENSMUSG00000021236.16",TRUE,"ENSMUSG00000021236","ENSG00000187097","ENTPD5"
"Adgra2",0.366929793806178,7.48170859059437,14.7276647141725,0.00167557038143634,0.0147300142487463,"Adgra2",3.1424207974853,"ENSMUSG00000031486.15",TRUE,"ENSMUSG00000031486","ENSG00000020181","ADGRA2"
"U2surp",-0.298725693707416,5.66129088381977,14.713210551167,0.00168195733235624,0.0147773499108844,"U2surp",-3.14130680913445,"ENSMUSG00000032407.14",TRUE,"ENSMUSG00000032407","ENSG00000163714","U2SURP"
"Stac2",0.544643892022116,3.98238218999792,14.7112780825237,0.00168281334896633,0.0147773499108844,"Stac2",3.14115780172328,"ENSMUSG00000017400.10",FALSE,"ENSMUSG00000017400","ENSG00000141750","STAC2"
"Mlec",0.388576140762325,7.75334797114927,14.7067068467258,0.00168484022856701,0.0147869835291949,"Mlec",3.14080525919521,"ENSMUSG00000048578.11",TRUE,"ENSMUSG00000048578","ENSG00000110917","MLEC"
"Frzb",1.19030050347129,1.43489731603234,14.6998020781975,0.00168790708029017,0.014805728790874,"Frzb",3.14027257160081,"ENSMUSG00000027004.3",FALSE,"ENSMUSG00000027004","ENSG00000162998","FRZB"
"Parp8",0.431747328083141,5.65910435913769,14.6962189699055,0.00168950108070318,0.0148115411722286,"Parp8",3.1399960580242,"ENSMUSG00000021725.9",TRUE,"ENSMUSG00000021725","ENSG00000151883","PARP8"
"Klf13",-0.349074691180206,6.39570547428975,14.6867183836007,0.00169373588806955,0.0148404858556309,"Klf13",-3.13926260381863,"ENSMUSG00000052040.10",TRUE,"ENSMUSG00000052040","ENSG00000169926","KLF13"
"Map4k4",0.290824155890039,7.94665579789915,14.6792523626895,0.00169707230985589,0.014861531356629,"Map4k4",3.13868593399595,"ENSMUSG00000026074.15",TRUE,"ENSMUSG00000026074","ENSG00000071054","MAP4K4"
"Itpr1",0.324687886861048,5.60854663511661,14.6738945875415,0.00169947122172349,0.0148743482878749,"Itpr1",3.13827194823996,"ENSMUSG00000030102.11",TRUE,"ENSMUSG00000030102","ENSG00000150995","ITPR1"
"Ddr1",0.348621295641818,4.95514363455006,14.6627253935512,0.00170448462060108,0.0149100214089213,"Ddr1",3.13740850701547,"ENSMUSG00000003534.17",FALSE,"ENSMUSG00000003534","ENSG00000204580","DDR1"
"Ism1",-0.343422067208254,5.79442017661904,14.6536213876231,0.00170858353348848,0.0149376602160898,"Ism1",-3.13670429857239,"ENSMUSG00000074766.10",FALSE,"ENSMUSG00000074766","ENSG00000101230","ISM1"
"Laptm4b",0.368550045504689,5.21288243248445,14.6437194735613,0.00171305447237073,0.0149685193813801,"Laptm4b",3.13593794422903,"ENSMUSG00000022257.4",TRUE,"ENSMUSG00000022257","ENSG00000104341","LAPTM4B"
"Zfp354c",0.405985451757772,4.9619198384344,14.6368783825213,0.00171615118267783,0.0149873433597614,"Zfp354c",3.13540822111333,"ENSMUSG00000044807.13",FALSE,"ENSMUSG00000044807","ENSG00000177932","ZNF354C"
"Tceal8",0.278776875029885,6.37786955250358,14.6317523141051,0.00171847575444418,0.014999407202484,"Tceal8",3.13501115729158,"ENSMUSG00000051579.10",FALSE,"ENSMUSG00000051579","ENSG00000180964","TCEAL8"
"Irf9",-0.388755145654791,5.64065182063346,14.6266634476551,0.00172078701250927,0.0150113416675452,"Irf9",-3.13461685702443,"ENSMUSG00000002325.15",TRUE,"ENSMUSG00000002325","ENSG00000213928","IRF9"
"Sdccag8",-0.470007959741223,4.24968395023478,14.6132387594628,0.00172690127939957,0.015056420529765,"Sdccag8",-3.13357610772834,"ENSMUSG00000026504.17",FALSE,"ENSMUSG00000026504","ENSG00000054282","SDCCAG8"
"Foxp1",0.353897336616222,6.25969921771779,14.6060897406991,0.00173016741582672,0.015076631459667,"Foxp1",3.13302154508501,"ENSMUSG00000030067.17",TRUE,"ENSMUSG00000030067","ENSG00000285708",""
"Tedc1",1.16205142132713,1.54143069455073,14.598406219024,0.00173368561432729,0.0150990155118548,"Tedc1",3.13242526037756,"ENSMUSG00000037466.13",TRUE,"ENSMUSG00000037466","ENSG00000185347","TEDC1"
"Sh3bgrl2",1.63812091684393,1.11974513614411,14.5812424103015,0.0017415742740334,0.0151594174493449,"Sh3bgrl2",3.1310922788743,"ENSMUSG00000032261.16",TRUE,"ENSMUSG00000032261","ENSG00000198478","SH3BGRL2"
"Ankrd28",0.350790668522748,6.3828789005537,14.5760094761575,0.00174398753016393,0.0151721190876351,"Ankrd28",3.13068560929583,"ENSMUSG00000014496.8",TRUE,"ENSMUSG00000014496","ENSG00000206560","ANKRD28"
"Ptgfrn",0.340585414135513,9.21100438629237,14.571057198318,0.00174627487393394,0.0151837120394595,"Ptgfrn",3.13030063517591,"ENSMUSG00000027864.9",FALSE,"ENSMUSG00000027864","ENSG00000134247","PTGFRN"
"Gas2l1",0.381721570506406,6.32212693710429,14.5682705008076,0.00174756349168811,0.015186613228588,"Gas2l1",3.13008395696019,"ENSMUSG00000034201.13",TRUE,"ENSMUSG00000034201","ENSG00000185340","GAS2L1"
"Inppl1",0.323335094744466,6.17582656841031,14.561574677661,0.0017506641986268,0.0152052500004162,"Inppl1",3.12956318139572,"ENSMUSG00000032737.13",TRUE,"ENSMUSG00000032737","ENSG00000165458","INPPL1"
"Csrnp1",-0.335268760472635,7.8061770623102,14.5578768221483,0.00175237929669421,0.0152118384035634,"Csrnp1",-3.12927548830056,"ENSMUSG00000032515.8",TRUE,"ENSMUSG00000032515","ENSG00000144655","CSRNP1"
"Glis3",0.551605552764155,5.19651676259467,14.5539651959507,0.00175419563192456,0.0152192979457154,"Glis3",3.12897109565409,"ENSMUSG00000052942.13",FALSE,"ENSMUSG00000052942","ENSG00000107249","GLIS3"
"Kcna5",-1.85532762046593,0.527171594735463,14.5399195427702,0.00176073536919875,0.0152677069663946,"Kcna5",-3.12787752086329,"ENSMUSG00000045534.4",TRUE,"ENSMUSG00000045534","ENSG00000130037","KCNA5"
"Ror1",0.377798812241059,4.77078789717502,14.5328134237159,0.00176405462136309,0.0152716572854241,"Ror1",3.12732390345264,"ENSMUSG00000035305.5",FALSE,"ENSMUSG00000035305","ENSG00000185483","ROR1"
"Rps4x",-0.38750717946072,8.98842821385099,14.531996953691,0.0017644364500745,0.0152716572854241,"Rps4x",-3.12726027974937,"ENSMUSG00000031320.9",TRUE,"ENSMUSG00000031320","ENSG00000198034","RPS4X"
"Sept8",-0.293947854961431,7.69591962449547,14.5311188559705,0.00176484720479356,0.0152716572854241,"Sept8",-3.12719185026782,"ENSMUSG00000018398.18",TRUE,"ENSMUSG00000018398","ENSG00000164402","SEPTIN8"
"Btbd11",-0.726276745314264,3.44463550156713,14.5307235881179,0.00176503213799972,0.0152716572854241,"Btbd11",-3.12716104619072,"ENSMUSG00000020042.15",FALSE,"ENSMUSG00000020042","ENSG00000151136","BTBD11"
"Pttg1",-0.473512480545052,4.60609425160242,14.5215486369601,0.00176933102871907,0.0153005281945184,"Pttg1",-3.12644582057581,"ENSMUSG00000020415.16",TRUE,"ENSMUSG00000020415","ENSG00000250254","PTTG2"
"Map7d1",0.278538271463311,7.30165392430828,14.5100894758579,0.00177471697848198,0.0153387631026081,"Map7d1",3.12555198726791,"ENSMUSG00000028849.17",FALSE,"ENSMUSG00000028849","ENSG00000116871","MAP7D1"
"Map3k11",0.452691647097806,3.86769666563934,14.4702685576544,0.00179357940534692,0.0154933695183227,"Map3k11",3.12244118138786,"ENSMUSG00000004054.9",TRUE,"ENSMUSG00000004054","ENSG00000173327","MAP3K11"
"Epb41l4a",1.37034618629621,1.41235796753577,14.4543152188603,0.00180120035269384,0.0155507541850653,"Epb41l4a",3.12119285104481,"ENSMUSG00000024376.7",TRUE,"ENSMUSG00000024376","ENSG00000129595","EPB41L4A"
"Gm13688",-2.00392798109441,0.63130444143304,14.4433028554312,0.00180648255656452,0.0155878958746856,"Gm13688",-3.12033045799209,"ENSMUSG00000083284.1",FALSE,"ENSMUSG00000083284",NA,NA
"Zc3hav1",-0.295793211621681,6.46554311949159,14.4365824322368,0.00180971477346665,0.0156073178104339,"Zc3hav1",-3.11980389598578,"ENSMUSG00000029826.14",TRUE,"ENSMUSG00000029826","ENSG00000105939","ZC3HAV1"
"Rap1gap",-1.54773747804894,0.804796174367636,14.4317270375924,0.00181205410596824,0.0156190224646141,"Rap1gap",-3.11942333308105,"ENSMUSG00000041351.16",FALSE,"ENSMUSG00000041351","ENSG00000076864","RAP1GAP"
"Mib1",0.313787770612185,6.33817856238871,14.414527706419,0.00182036857987933,0.0156821893422649,"Mib1",3.11807437774955,"ENSMUSG00000024294.14",TRUE,"ENSMUSG00000024294","ENSG00000101752","MIB1"
"Gm50288",-3.43557325865024,-0.934024811937606,14.3694626855679,0.0018423612476534,0.0158595273825444,"Gm50288",-3.11453335523492,"ENSMUSG00000118153.1",FALSE,"ENSMUSG00000118153",NA,NA
"Cplane1",-0.336465625070674,5.19760242395954,14.3682682179867,0.00184294828667182,0.0158595273825444,"Cplane1",-3.11443936978238,"ENSMUSG00000039801.7",TRUE,"ENSMUSG00000039801","ENSG00000197603","CPLANE1"
"Snx33",-0.324735452065516,5.66544928845113,14.359061042897,0.00184748046678397,0.0158899306994405,"Snx33",-3.11371468837619,"ENSMUSG00000032733.6",TRUE,"ENSMUSG00000032733","ENSG00000173548","SNX33"
"G6pdx",-0.347341991930492,5.49665846450623,14.3566104201655,0.0018486889157576,0.0158917296363747,"G6pdx",-3.11352173699934,"ENSMUSG00000031400.10",FALSE,"ENSMUSG00000031400","ENSG00000160211","G6PD"
"Rpl17",-0.388779680357114,7.99669274515911,14.3435182750465,0.00185516021558416,0.0159387427922393,"Rpl17",-3.11249044113448,"ENSMUSG00000062328.8",TRUE,"ENSMUSG00000062328",NA,NA
"Ass1",0.819217752206691,2.41250872225571,14.3246137166497,0.00186455022318124,0.0160096688982459,"Ass1",3.11099986855679,"ENSMUSG00000076441.9",TRUE,"ENSMUSG00000076441","ENSG00000130707","ASS1"
"Mbip",-0.452719280956317,3.81944031852538,14.3228501889484,0.00186542894224043,0.0160096688982459,"Mbip",-3.11086073351738,"ENSMUSG00000021028.8",TRUE,"ENSMUSG00000021028","ENSG00000151332","MBIP"
"Ptgs2os",-2.64649602501202,-0.534530429306928,14.2965449236159,0.00187859245704778,0.016108042210888,"Ptgs2os",-3.10878361735937,"ENSMUSG00000097028.2",FALSE,"ENSMUSG00000097028",NA,NA
"Nsmaf",-0.298684066013551,5.93305926450745,14.2958988790179,0.00187891707861392,0.016108042210888,"Nsmaf",-3.10873256332359,"ENSMUSG00000028245.15",FALSE,"ENSMUSG00000028245","ENSG00000035681","NSMAF"
"Spock2",-0.732320733390833,4.69553766447252,14.2879650406719,0.00188290886615747,0.0161335666478999,"Spock2",-3.10810542654081,"ENSMUSG00000058297.16",TRUE,"ENSMUSG00000058297","ENSG00000107742","SPOCK2"
"Ldb1",-0.302659192738643,6.63127189317795,14.282265649595,0.00188578240402495,0.016149487114275,"Ldb1",-3.10765472986833,"ENSMUSG00000025223.15",FALSE,"ENSMUSG00000025223","ENSG00000198728","LDB1"
"Lhpp",0.497849169562028,3.86348858166086,14.2506505123497,0.00190181345932623,0.0162780083119833,"Lhpp",3.10515187419138,"ENSMUSG00000030946.13",FALSE,"ENSMUSG00000030946","ENSG00000107902","LHPP"
"Gm49759",0.642618885185454,3.74132272539478,14.2465532085513,0.00190390244470653,0.0162871224196707,"Gm49759",3.10482715858329,"ENSMUSG00000111394.1",TRUE,"ENSMUSG00000111394",NA,NA
"Nr4a2",0.349233403957699,7.79171272317048,14.218536372797,0.00191825708280028,0.0164010980579424,"Nr4a2",3.10260465652092,"ENSMUSG00000026826.13",TRUE,"ENSMUSG00000026826","ENSG00000153234","NR4A2"
"Wdr19",0.465056270101169,4.26434301584164,14.2135051571105,0.00192084793457166,0.0164123003053687,"Wdr19",3.10220514760831,"ENSMUSG00000037890.13",FALSE,"ENSMUSG00000037890","ENSG00000157796","WDR19"
"Actn4",0.30225799919184,8.00297187858946,14.2119853795012,0.00192163133802405,0.0164123003053687,"Actn4",3.10208444435707,"ENSMUSG00000054808.15",TRUE,"ENSMUSG00000054808","ENSG00000130402","ACTN4"
"Ghr",0.293030597583862,7.03608597555592,14.2081127034475,0.00192362924584644,0.0164205453015007,"Ghr",3.10177682022521,"ENSMUSG00000055737.12",TRUE,"ENSMUSG00000055737","ENSG00000112964","GHR"
"Dok1",0.393148952440205,4.78922270638792,14.1996397127949,0.00192800872773254,0.0164491002130529,"Dok1",3.10110352279078,"ENSMUSG00000068335.6",FALSE,"ENSMUSG00000068335","ENSG00000115325","DOK1"
"Id2",-0.335321601020344,5.66895063631422,14.1865589640143,0.00193479222578814,0.0164981237355007,"Id2",-3.1000634013313,"ENSMUSG00000020644.9",FALSE,"ENSMUSG00000020644","ENSG00000115738","ID2"
"Ppp4r1",0.327315206944623,5.90337640784318,14.1724395159995,0.00194214498822206,0.0165442430272213,"Ppp4r1",3.09893976882895,"ENSMUSG00000061950.17",TRUE,"ENSMUSG00000061950","ENSG00000154845","PPP4R1"
"Ogt",-0.318025015013192,6.72763634094475,14.1721780670848,0.00194228143946564,0.0165442430272213,"Ogt",-3.09891895359693,"ENSMUSG00000034160.13",TRUE,"ENSMUSG00000034160","ENSG00000147162","OGT"
"Lgals1",0.288918010378358,9.49979671463112,14.1697977629871,0.00194352423350876,0.0165459667481209,"Lgals1",3.09872943083513,"ENSMUSG00000068220.6",FALSE,"ENSMUSG00000068220","ENSG00000100097","LGALS1"
"Pamr1",-0.347331591385603,7.99184546221143,14.1507480838789,0.00195350315376751,0.016622022822025,"Pamr1",-3.09721169302458,"ENSMUSG00000027188.8",FALSE,"ENSMUSG00000027188","ENSG00000149090","PAMR1"
"Ptprs",0.384419333224618,7.77504534265257,14.1458916964543,0.00195605645936217,0.0166271185184814,"Ptprs",3.09682449329192,"ENSMUSG00000013236.17",FALSE,"ENSMUSG00000013236","ENSG00000105426","PTPRS"
"Tcf15",-2.04768587189933,0.0797822117842499,14.134341009857,0.0019621447034747,0.0166605090802862,"Tcf15",-3.09590310167971,"ENSMUSG00000068079.5",TRUE,"ENSMUSG00000068079","ENSG00000125878","TCF15"
"Eps15",-0.357048018631262,6.2672328576214,14.134204504157,0.00196221678346074,0.0166605090802862,"Eps15",-3.09589220886207,"ENSMUSG00000028552.13",TRUE,"ENSMUSG00000028552","ENSG00000085832","EPS15"
"Gadd45a",-0.367657973244877,5.54077540003621,14.12817884745,0.00196540156499462,0.0166786451910936,"Gadd45a",-3.09541128698623,"ENSMUSG00000036390.8",TRUE,"ENSMUSG00000036390","ENSG00000116717","GADD45A"
"Bin1",-0.314823981445383,6.26805108419243,14.0792143519541,0.00199150114468931,0.0168911161087969,"Bin1",-3.09149682144009,"ENSMUSG00000024381.16",FALSE,"ENSMUSG00000024381","ENSG00000136717","BIN1"
"Washc5",0.331074168670511,5.75188602090568,14.0730220115382,0.00199482996223486,0.0169103309645101,"Washc5",3.09100094923126,"ENSMUSG00000022350.7",TRUE,"ENSMUSG00000022350","ENSG00000164961","WASHC5"
"Eef1akmt3",1.04832248709554,1.73167453211197,14.0686150018969,0.00199720291013435,0.0169214266808027,"Eef1akmt3",3.09064793012236,"ENSMUSG00000080115.3",FALSE,"ENSMUSG00000080115","ENSG00000123427","EEF1AKMT3"
"Fam167a",-0.685366476863586,4.16142459635059,14.0605550684222,0.00200155111444948,0.0169482036426092,"Fam167a",-3.09000205353754,"ENSMUSG00000035095.11",FALSE,"ENSMUSG00000035095","ENSG00000154319","FAM167A"
"Txndc5",0.281995425554183,8.91228665906353,14.0588084904035,0.00200249478994295,0.0169482036426092,"Txndc5",3.08986205129214,"ENSMUSG00000038991.17",FALSE,"ENSMUSG00000038991","ENSG00000239264","TXNDC5"
"Hdc",-2.08476380372488,1.09571991608606,14.0533143056235,0.00200546661119787,0.0169625143123293,"Hdc",-3.08942155171018,"ENSMUSG00000027360.5",TRUE,"ENSMUSG00000027360","ENSG00000140287","HDC"
"H2-Q6",-0.608014414207315,4.27820438974254,14.050836618729,0.00200680844739172,0.0169625143123293,"H2-Q6",-3.08922285369817,"ENSMUSG00000073409.12",TRUE,"ENSMUSG00000073409","ENSG00000204592","HLA-E"
"Mest",0.416216037324023,4.31751038966006,14.0494379344017,0.00200756638302383,0.0169625143123293,"Mest",3.08911067308621,"ENSMUSG00000051855.15",FALSE,"ENSMUSG00000051855","ENSG00000106484","MEST"
"Ppm1j",1.84872870792668,0.370192570893888,14.047804126492,0.00200845214425681,0.0169625143123293,"Ppm1j",3.0889796224931,"ENSMUSG00000002228.7",TRUE,"ENSMUSG00000002228","ENSG00000155367","PPM1J"
"Dab2ip",0.320070269480913,6.21438116450465,14.0366068116898,0.00201453474219611,0.0170048545674866,"Dab2ip",3.08808111694135,"ENSMUSG00000026883.17",TRUE,"ENSMUSG00000026883","ENSG00000136848","DAB2IP"
"Chpt1",-0.330509895472232,5.04086901641685,14.030910782761,0.00201763700736352,0.0170220060096033,"Chpt1",-3.08762381665792,"ENSMUSG00000060002.14",TRUE,"ENSMUSG00000060002","ENSG00000111666","CHPT1"
"Cxxc5",-0.373587132699775,5.41401543812332,14.0187558116479,0.00202427531129824,0.0170689556074104,"Cxxc5",-3.08664743778205,"ENSMUSG00000046668.9",FALSE,"ENSMUSG00000046668","ENSG00000171604","CXXC5"
"Klhl5",0.33812111736678,5.25974022066123,14.0073663214031,0.00203051820405742,0.0170958541020503,"Klhl5",3.08573189413355,"ENSMUSG00000054920.12",TRUE,"ENSMUSG00000054920","ENSG00000109790","KLHL5"
"Sulf2",0.333813390779221,8.11283824309031,14.0071875123442,0.00203061638939959,0.0170958541020503,"Sulf2",3.08571751552636,"ENSMUSG00000006800.14",FALSE,"ENSMUSG00000006800","ENSG00000196562","SULF2"
"Elmsan1",-0.309069486729268,6.27364933841874,14.0070528535743,0.00203069033507974,0.0170958541020503,"Elmsan1",-3.08570668708176,"ENSMUSG00000042507.15",TRUE,"ENSMUSG00000042507","ENSG00000156030","MIDEAS"
"Plce1",-0.375353895733646,5.88752503609594,13.9727205142384,0.00204964413851118,0.0172462913940441,"Plce1",-3.0829429940354,"ENSMUSG00000024998.17",FALSE,"ENSMUSG00000024998","ENSG00000138193","PLCE1"
"Snd1",0.318239371229073,6.83776185788619,13.9590417761452,0.00205725197055643,0.0172820921401731,"Snd1",3.08184027059003,"ENSMUSG00000001424.14",TRUE,"ENSMUSG00000001424","ENSG00000197157","SND1"
"Mindy4",-0.614181603307083,3.51936536885155,13.9586413478015,0.00205747516598105,0.0172820921401731,"Mindy4",-3.08180797586943,"ENSMUSG00000038022.11",TRUE,"ENSMUSG00000038022","ENSG00000106125","MINDY4"
"Camk1d",-0.536198330483037,5.09107735765787,13.9582756492714,0.00205767902746158,0.0172820921401731,"Camk1d",-3.08177848143531,"ENSMUSG00000039145.16",FALSE,"ENSMUSG00000039145","ENSG00000183049","CAMK1D"
"Fam214b",0.448186458444986,4.34512153411797,13.9572592073482,0.00205824577208627,0.0172820921401731,"Fam214b",3.08169649958736,"ENSMUSG00000036002.12",TRUE,"ENSMUSG00000036002","ENSG00000005238","FAM214B"
"Platr22",3.88564785878362,-1.58830252133013,13.9499719451891,0.00206231420721701,0.0173071149537583,"Platr22",3.0811085915768,"ENSMUSG00000097448.1",FALSE,"ENSMUSG00000097448",NA,NA
"Ccn1",-0.262969855552354,10.5093664934843,13.9470123517339,0.00206396915292479,0.0173118678475543,"Ccn1",-3.08086974852033,"ENSMUSG00000028195.4",TRUE,"ENSMUSG00000028195","ENSG00000142871","CCN1"
"Ssh3",0.452088076977731,4.69834688928458,13.9447726305594,0.00206522256877862,0.0173132496105885,"Ssh3",3.08068897145643,"ENSMUSG00000034616.17",FALSE,"ENSMUSG00000034616","ENSG00000172830","SSH3"
"Mtch1",0.279721870597159,7.95788764585351,13.9285333549677,0.00207433661003937,0.0173804926814837,"Mtch1",3.0793774943772,"ENSMUSG00000024012.18",TRUE,"ENSMUSG00000024012","ENSG00000137409","MTCH1"
"Rnf19a",-0.303169148779837,6.0728682570386,13.9194850289637,0.00207943476927054,0.017410280551802,"Rnf19a",-3.07864619152846,"ENSMUSG00000022280.9",TRUE,"ENSMUSG00000022280","ENSG00000034677","RNF19A"
"Ttc8",-0.418457377186455,4.25493729721437,13.9183393476366,0.00208008130845903,0.017410280551802,"Ttc8",-3.07855356658335,"ENSMUSG00000021013.16",FALSE,"ENSMUSG00000021013","ENSG00000165533","TTC8"
"Gm5970",-1.31748427037775,1.61237211443956,13.911114372967,0.00208416385237871,0.0174296728537347,"Gm5970",-3.07796929947185,"ENSMUSG00000085977.1",TRUE,"ENSMUSG00000085977",NA,NA
"Selp",2.25716784102979,-0.0306480126776815,13.9103608081936,0.00208459018850553,0.0174296728537347,"Selp",3.07790834557219,"ENSMUSG00000026580.16",TRUE,"ENSMUSG00000026580","ENSG00000174175","SELP"
"H2-Ab1",0.615248681692641,3.30596313353608,13.9026658875568,0.0020889493669418,0.0174569426077117,"H2-Ab1",3.0772857627686,"ENSMUSG00000073421.6",FALSE,"ENSMUSG00000073421","ENSG00000232629","HLA-DQB2"
"Tead3",0.451504031077867,4.8573516680377,13.8944237151218,0.00209363011776433,0.0174868696233226,"Tead3",3.07661857797848,"ENSMUSG00000002249.21",FALSE,"ENSMUSG00000002249","ENSG00000007866","TEAD3"
"Hoga1",-0.676727317594654,2.54746645952514,13.8886014356924,0.00209694382605898,0.0175053531054152,"Hoga1",-3.07614707528472,"ENSMUSG00000025176.14",FALSE,"ENSMUSG00000025176","ENSG00000241935","HOGA1"
"Slc16a1",0.412014365690051,6.57939870927102,13.8863058470945,0.00209825199014875,0.0175070836302915,"Slc16a1",3.07596112665476,"ENSMUSG00000032902.1",TRUE,"ENSMUSG00000032902","ENSG00000155380","SLC16A1"
"Tmem123",0.298717248457239,7.03042950675673,13.8623880405353,0.0021119373905765,0.0176120295345244,"Tmem123",3.07402216777958,"ENSMUSG00000050912.15",TRUE,"ENSMUSG00000050912","ENSG00000152558","TMEM123"
"Tor4a",0.617185557359581,2.86524225274785,13.8576244710355,0.00211467519148478,0.0176256182233661,"Tor4a",3.07363565752402,"ENSMUSG00000059555.6",TRUE,"ENSMUSG00000059555","ENSG00000198113","TOR4A"
"Slc9a5",0.776038888730366,2.43212184783874,13.8543030124087,0.00211658655650826,0.017630800935892,"Slc9a5",3.07336609164786,"ENSMUSG00000014786.8",TRUE,"ENSMUSG00000014786","ENSG00000135740","SLC9A5"
"Fabp5",0.701082942749782,3.33652292826081,13.8526920824739,0.00211751429211808,0.017630800935892,"Fabp5",3.07323533061416,"ENSMUSG00000027533.10",TRUE,"ENSMUSG00000027533","ENSG00000164687","FABP5"
"Arvcf",-0.4067322356368,4.61920580327793,13.8216912730751,0.00213545847678151,0.0177649352239807,"Arvcf",-3.07071644180839,"ENSMUSG00000000325.16",FALSE,"ENSMUSG00000000325",NA,NA
"Relch",-0.392225229591916,5.19841125109714,13.8209573588192,0.00213588538795453,0.0177649352239807,"Relch",-3.07065675147272,"ENSMUSG00000026319.13",FALSE,"ENSMUSG00000026319","ENSG00000134444","RELCH"
"Fgd4",-0.437391783511913,4.37426500886151,13.8190841100995,0.00213697548157424,0.0177649352239807,"Fgd4",-3.07050438518037,"ENSMUSG00000022788.16",FALSE,"ENSMUSG00000022788","ENSG00000139132","FGD4"
"Fbxl19",0.385548340166941,4.5140835950143,13.8096035501849,0.00214250223034718,0.0178015741740916,"Fbxl19",3.06973298657817,"ENSMUSG00000030811.14",FALSE,"ENSMUSG00000030811","ENSG00000099364","FBXL19"
"Acan",1.42402822786527,1.95120681864668,13.801690842472,0.002147127493609,0.0178306885278662,"Acan",3.06908881434331,"ENSMUSG00000030607.7",FALSE,"ENSMUSG00000030607","ENSG00000157766","ACAN"
"Taz",-0.431093074550951,4.86629356704439,13.7990911624927,0.00214864958897824,0.0178340158734452,"Taz",-3.06887710645049,"ENSMUSG00000009995.17",TRUE,"ENSMUSG00000009995","ENSG00000102125","TAFAZZIN"
"Adgrb2",1.23008575620431,1.5753443227392,13.7962248343318,0.00215032923400562,0.0178386467440748,"Adgrb2",3.06864364454165,"ENSMUSG00000028782.14",FALSE,"ENSMUSG00000028782","ENSG00000121753","ADGRB2"
"Itga2b",-0.4749314071553,4.29947967840704,13.767092736207,0.0021674857701858,0.0179715986461235,"Itga2b",-3.0662685037893,"ENSMUSG00000034664.13",TRUE,"ENSMUSG00000034664","ENSG00000005961","ITGA2B"
"Lrp12",0.40095619346617,4.826972443173,13.74762790038,0.00217903618808659,0.018057953360678,"Lrp12",3.06467915921492,"ENSMUSG00000022305.13",TRUE,"ENSMUSG00000022305","ENSG00000147650","LRP12"
"Plaur",0.438110259220235,4.66459087348631,13.7433495493264,0.00218158437469438,0.0180696543285233,"Plaur",3.06432956720872,"ENSMUSG00000046223.10",TRUE,"ENSMUSG00000046223","ENSG00000011422","PLAUR"
"Prkd1",0.591662548328808,3.52023698875867,13.7358093123183,0.00218608363234157,0.0180974950573284,"Prkd1",3.06371321585544,"ENSMUSG00000002688.8",FALSE,"ENSMUSG00000002688","ENSG00000184304","PRKD1"
"F730043M19Rik",1.58089182091707,0.769545931235989,13.7288915151415,0.00219022080636103,0.0181223108655356,"F730043M19Rik",3.06314749149861,"ENSMUSG00000052125.16",TRUE,"ENSMUSG00000052125",NA,NA
"Gm15983",4.15232607600951,-1.66917417852812,13.7237706167217,0.00219328911048437,0.0181382614269542,"Gm15983",3.06272855851226,"ENSMUSG00000087168.1",FALSE,"ENSMUSG00000087168",NA,NA
"Abhd3",-0.920820561604782,2.1999685129297,13.7149973742596,0.00219855722071286,0.0181723781086261,"Abhd3",-3.06201052482556,"ENSMUSG00000002475.16",FALSE,"ENSMUSG00000002475","ENSG00000158201","ABHD3"
"Shb",-0.375191379660767,4.82886986854187,13.6864706951469,0.0022157869549517,0.0182895899519622,"Shb",-3.05967310635033,"ENSMUSG00000044813.15",TRUE,"ENSMUSG00000044813","ENSG00000255872",""
"Srsf11",-0.327978486041714,7.05283236479319,13.6863701200017,0.00221584797328247,0.0182895899519622,"Srsf11",-3.05966485812936,"ENSMUSG00000055436.18",FALSE,"ENSMUSG00000055436","ENSG00000116754","SRSF11"
"Tmem35a",0.709846915096655,2.83303621520524,13.6854332898755,0.00221641643466873,0.0182895899519622,"Tmem35a",3.05958802572811,"ENSMUSG00000033578.7",FALSE,"ENSMUSG00000033578","ENSG00000126950","TMEM35A"
"Nup85",-0.367387221462149,4.96510236264495,13.6839147911415,0.00221733820206144,0.0182895899519622,"Nup85",-3.05946347938385,"ENSMUSG00000020739.11",TRUE,"ENSMUSG00000020739","ENSG00000125450","NUP85"
"Rbm33",-0.307776013872452,6.2236953486239,13.6779269971711,0.00222097721626186,0.0183101092121371,"Rbm33",-3.0589722500659,"ENSMUSG00000048271.14",FALSE,"ENSMUSG00000048271","ENSG00000184863","RBM33"
"Atf6b",0.337583093766721,5.51152221495397,13.6706410508432,0.00222541437351101,0.0183371838248422,"Atf6b",3.05837427670473,"ENSMUSG00000015461.15",TRUE,"ENSMUSG00000015461","ENSG00000213676","ATF6B"
"Rpl10",-0.339798359429707,8.6477770488342,13.6575605155393,0.00223340588480154,0.0183935027374411,"Rpl10",-3.05730005154188,"ENSMUSG00000008682.13",TRUE,"ENSMUSG00000008682",NA,NA
"Prkce",-0.427548473460493,4.36780008542666,13.6475904702743,0.00223951907366128,0.0184343021886311,"Prkce",-3.0564806870503,"ENSMUSG00000045038.14",FALSE,"ENSMUSG00000045038","ENSG00000171132","PRKCE"
"Itgb7",-1.44031773882815,1.90282630734292,13.6376147145565,0.00224565490441048,0.0184752457034867,"Itgb7",-3.05566034605617,"ENSMUSG00000001281.10",TRUE,"ENSMUSG00000001281","ENSG00000139626","ITGB7"
"Slitrk3",-3.30149750428113,-0.764048930176247,13.6227308691196,0.00225484531419246,0.0185412642355753,"Slitrk3",-3.05443545132116,"ENSMUSG00000048304.8",FALSE,"ENSMUSG00000048304","ENSG00000121871","SLITRK3"
"Fhdc1",0.560251107644927,3.25617449910367,13.6150912780273,0.00225957925858243,0.0185705886042565,"Fhdc1",3.05380629664417,"ENSMUSG00000041842.15",FALSE,"ENSMUSG00000041842","ENSG00000137460","FHDC1"
"Nfkbie",0.308054998756126,5.50976515097988,13.5939228827921,0.00227275588764315,0.018669233926234,"Nfkbie",3.05206142267594,"ENSMUSG00000023947.8",FALSE,"ENSMUSG00000023947","ENSG00000146232","NFKBIE"
"Rgcc",0.521142273238524,3.82403800525879,13.5889307603579,0.00227587609848464,0.0186852130068153,"Rgcc",3.05164959586648,"ENSMUSG00000022018.7",TRUE,"ENSMUSG00000022018","ENSG00000102760","RGCC"
"Ecrg4",0.606987756346162,3.81699114525414,13.5791230793028,0.00228202042662806,0.0187259911479185,"Ecrg4",3.05084013523103,"ENSMUSG00000026051.8",FALSE,"ENSMUSG00000026051","ENSG00000119147","ECRG4"
"Cdk19",-0.359916260592929,5.2754014624152,13.5682406748216,0.00228886024152958,0.0187724313672227,"Cdk19",-3.04994139534669,"ENSMUSG00000038481.13",TRUE,"ENSMUSG00000038481","ENSG00000155111","CDK19"
"Pag1",0.565206023838259,3.05374006115583,13.5595664461985,0.00229432895101512,0.018800135898256,"Pag1",3.04922458446402,"ENSMUSG00000027508.15",FALSE,"ENSMUSG00000027508","ENSG00000076641","PAG1"
"Epb41l4b",-0.85466215013578,2.53158810468246,13.5591331532335,0.00229460251389769,0.018800135898256,"Epb41l4b",-3.04918876833711,"ENSMUSG00000028434.12",FALSE,"ENSMUSG00000028434","ENSG00000095203","EPB41L4B"
"Parp12",-0.302023208927224,5.71469970723155,13.5508416221438,0.0022998446233415,0.0188333826184345,"Parp12",-3.04850320143322,"ENSMUSG00000038507.6",FALSE,"ENSMUSG00000038507","ENSG00000059378","PARP12"
"Usp48",-0.291725928525771,6.08800623374782,13.5347293535636,0.00231007037225065,0.0189073850385497,"Usp48",-3.04716997973397,"ENSMUSG00000043411.15",TRUE,"ENSMUSG00000043411","ENSG00000090686","USP48"
"Syk",-0.534954372441514,3.44016686412091,13.5297179677352,0.00231326146280768,0.0189233394214989,"Syk",-3.0467550354398,"ENSMUSG00000021457.14",TRUE,"ENSMUSG00000021457","ENSG00000165025","SYK"
"Cyp1b1",0.507362956048964,7.95704294507814,13.5279326771579,0.00231439949536662,0.0189233394214989,"Cyp1b1",3.04660718145769,"ENSMUSG00000024087.4",FALSE,"ENSMUSG00000024087","ENSG00000138061","CYP1B1"
"Pax7",0.970532435554014,2.5268055884121,13.5257009908045,0.00231582298239103,0.0189252481443805,"Pax7",3.04642233473809,"ENSMUSG00000028736.13",FALSE,"ENSMUSG00000028736","ENSG00000009709","PAX7"
"Gtse1",1.47495040706498,0.776106687300115,13.5077042476445,0.00232733888411882,0.0190095892522556,"Gtse1",3.04493075326119,"ENSMUSG00000022385.11",TRUE,"ENSMUSG00000022385","ENSG00000075218","GTSE1"
"Mitf",-0.298408967963469,5.68701912980869,13.4901030214915,0.00233866502980819,0.0190922946452976,"Mitf",-3.0434703280473,"ENSMUSG00000035158.15",FALSE,"ENSMUSG00000035158","ENSG00000187098","MITF"
"Samd4",0.365527852951264,5.03567204579346,13.4799881117037,0.00234520232424313,0.0191358402064846,"Samd4",3.0426303362248,"ENSMUSG00000021838.17",FALSE,"ENSMUSG00000021838","ENSG00000020577","SAMD4A"
"Pdrg1",0.409275398592099,5.0427543492706,13.4638835751829,0.00235565386530324,0.0192024425839999,"Pdrg1",3.04129183764604,"ENSMUSG00000027472.14",TRUE,"ENSMUSG00000027472","ENSG00000088356","PDRG1"
"Dio3os",0.988039294771961,2.08921334501962,13.4636900889544,0.00235577975736552,0.0192024425839999,"Dio3os",3.04127574818411,"ENSMUSG00000113581.1",FALSE,"ENSMUSG00000113581",NA,NA
"4833422C13Rik",0.829686280911764,2.14946211666087,13.4577108906176,0.00235967392245288,0.019217603885147,"4833422C13Rik",3.04077844817951,"ENSMUSG00000074782.3",FALSE,"ENSMUSG00000074782",NA,NA
"Sntb2",-0.316957932378791,7.66383431456296,13.4571238996462,0.00236005661747419,0.019217603885147,"Sntb2",-3.04072961709932,"ENSMUSG00000041308.6",TRUE,"ENSMUSG00000041308","ENSG00000168807","SNTB2"
"Shc4",0.956626193430981,2.31900936353438,13.4508855922,0.00236412813333058,0.0192314673427747,"Shc4",3.04021054863054,"ENSMUSG00000035109.14",FALSE,"ENSMUSG00000035109","ENSG00000185634","SHC4"
"4921524J17Rik",0.491939201170392,3.52897512112441,13.4501425456781,0.00236461362740584,0.0192314673427747,"4921524J17Rik",3.0401487087023,"ENSMUSG00000036934.9",TRUE,"ENSMUSG00000036934","ENSG00000155330","C16orf87"
"Wasf1",0.601858066303186,3.06594105201668,13.4489591986715,0.00236538704159387,0.0192314673427747,"Wasf1",3.0400502188846,"ENSMUSG00000019831.14",FALSE,"ENSMUSG00000019831","ENSG00000112290","WASF1"
"Smtnl2",-1.92956335269275,0.112502049429894,13.4384319488233,0.00237228019980997,0.019277655604281,"Smtnl2",-3.03917371520641,"ENSMUSG00000045667.14",TRUE,"ENSMUSG00000045667","ENSG00000188176","SMTNL2"
"Mafg",-0.291439645228877,6.18590856776548,13.4299646217463,0.00237784119554769,0.0193129767787513,"Mafg",-3.03846830116476,"ENSMUSG00000051510.13",TRUE,"ENSMUSG00000051510","ENSG00000197063","MAFG"
"Slc22a4",-0.977710387522877,2.12487180846498,13.4157936109031,0.00238718149742651,0.0193789419875312,"Slc22a4",-3.03728687268255,"ENSMUSG00000020334.6",TRUE,"ENSMUSG00000020334","ENSG00000197208","SLC22A4"
"Kat5",-0.384585215061081,4.31964788380802,13.4002070058799,0.00239750328554335,0.0194528034438754,"Kat5",-3.0359862108333,"ENSMUSG00000024926.10",FALSE,"ENSMUSG00000024926","ENSG00000172977","KAT5"
"Trpc1",-0.446306265077612,3.69187926985334,13.3900263116777,0.00240427269463723,0.0194893858109274,"Trpc1",-3.03513596929566,"ENSMUSG00000032839.13",FALSE,"ENSMUSG00000032839","ENSG00000144935","TRPC1"
"Il1rl1",0.520470232690346,4.53098049734696,13.3897405919738,0.00240446299195369,0.0194893858109274,"Il1rl1",3.0351120995282,"ENSMUSG00000026069.15",FALSE,"ENSMUSG00000026069","ENSG00000115602","IL1RL1"
"Snhg12",-0.441225993017335,4.34149045051565,13.3844140268452,0.00240801378650864,0.0195082237630397,"Snhg12",-3.03466702577305,"ENSMUSG00000086290.9",FALSE,"ENSMUSG00000086290",NA,NA
"Amdhd2",0.438324806203462,3.83509486725563,13.3814217674548,0.00241001111453521,0.0195144637242635,"Amdhd2",3.03441693494923,"ENSMUSG00000036820.12",TRUE,"ENSMUSG00000036820","ENSG00000259784",""
"Evl",0.388025660416796,4.76534685640165,13.3640706530953,0.00242163033722494,0.0195925548628628,"Evl",3.0329658117405,"ENSMUSG00000021262.15",TRUE,"ENSMUSG00000021262","ENSG00000196405","EVL"
"BC004004",0.290032214941611,5.81465986919406,13.3633426009999,0.00242211927689041,0.0195925548628628,"BC004004",3.03290488795963,"ENSMUSG00000052712.17",TRUE,"ENSMUSG00000052712","ENSG00000198663","C6orf89"
"Top1mt",0.899314425304931,1.99953112069803,13.3583112096307,0.00242550130546643,0.0196037205051972,"Top1mt",3.03248378201301,"ENSMUSG00000000934.9",FALSE,"ENSMUSG00000000934","ENSG00000184428","TOP1MT"
"Pik3r1",-0.288676140170692,7.02155830104569,13.3576219511698,0.00242596503516495,0.0196037205051972,"Pik3r1",-3.03242608361734,"ENSMUSG00000041417.15",TRUE,"ENSMUSG00000041417","ENSG00000145675","PIK3R1"
"Arfgap1",0.29318067425863,6.46914194899691,13.3440401353472,0.00243512351346956,0.0196677345021363,"Arfgap1",3.03128862648684,"ENSMUSG00000027575.19",TRUE,"ENSMUSG00000027575","ENSG00000101199","ARFGAP1"
"Oaz2",0.273664196624496,6.10566343057385,13.3384822788457,0.00243888266956022,0.0196880970020387,"Oaz2",3.0308228828902,"ENSMUSG00000040652.16",TRUE,"ENSMUSG00000040652","ENSG00000180304","OAZ2"
"Tcf24",-1.1699757074845,1.78417626597039,13.3207735251639,0.0024509046028365,0.0197751070009685,"Tcf24",-3.02933781344665,"ENSMUSG00000099032.2",FALSE,"ENSMUSG00000099032","ENSG00000261787","TCF24"
"Maoa",-0.390208122821456,4.54950963210736,13.3129887083606,0.00245621089509649,0.0198078711281539,"Maoa",-3.0286844466018,"ENSMUSG00000025037.6",TRUE,"ENSMUSG00000025037","ENSG00000189221","MAOA"
"Syngr2",0.317222878093544,5.51360778982642,13.3082035553768,0.00245947906895978,0.0198241741681031,"Syngr2",3.02828267691062,"ENSMUSG00000048277.15",TRUE,"ENSMUSG00000048277","ENSG00000108639","SYNGR2"
"Xrcc6",0.453067102400472,3.87982591996908,13.2985208566371,0.00246610739169479,0.0198675308257965,"Xrcc6",3.02746932858503,"ENSMUSG00000022471.14",TRUE,"ENSMUSG00000022471","ENSG00000196419","XRCC6"
"Nradd",0.557004020774878,3.4260537641912,13.2915446732547,0.00247089561327733,0.019896026804025,"Nradd",3.02688301891653,"ENSMUSG00000032491.14",FALSE,"ENSMUSG00000032491",NA,NA
"Mcub",0.432439959073773,4.39140470194729,13.2891522245029,0.00247254015681149,0.0198991933774156,"Mcub",3.02668188715833,"ENSMUSG00000027994.14",FALSE,"ENSMUSG00000027994","ENSG00000005059","MCUB"
"Eif4ebp1",0.332506113806041,5.12250236284706,13.2849175544913,0.00247545409072162,0.0199125677312827,"Eif4ebp1",3.02632580620431,"ENSMUSG00000031490.6",FALSE,"ENSMUSG00000031490","ENSG00000187840","EIF4EBP1"
"Lpcat2",-0.794582377655346,2.36042690036516,13.2805330441585,0.00247847526769295,0.0199159331939161,"Lpcat2",-3.02595702492807,"ENSMUSG00000033192.5",TRUE,"ENSMUSG00000033192","ENSG00000087253","LPCAT2"
"Inpp5f",-0.383354219324428,4.60780944578387,13.27909015666,0.00247947042056186,0.0199159331939161,"Inpp5f",-3.02583564121136,"ENSMUSG00000042105.18",TRUE,"ENSMUSG00000042105","ENSG00000198825","INPP5F"
"Clba1",0.86071809806457,2.29562340658049,13.2788595858343,0.00247962948650908,0.0199159331939161,"Clba1",3.02581624328312,"ENSMUSG00000037594.11",FALSE,"ENSMUSG00000037594","ENSG00000140104","CLBA1"
"Dbnl",0.279374387758004,5.87540822626457,13.2649996621214,0.0024892126096356,0.0199828107678117,"Dbnl",3.02464968660298,"ENSMUSG00000020476.14",FALSE,"ENSMUSG00000020476","ENSG00000136279","DBNL"
"Sbds",-0.308186008075679,5.79335056136857,13.2502121735381,0.00249948377475289,0.0200551415085243,"Sbds",-3.0234039274843,"ENSMUSG00000025337.10",TRUE,"ENSMUSG00000025337","ENSG00000126524","SBDS"
"Zc3h12a",-0.353616607951847,5.7171662692117,13.2213052524034,0.00251970228207456,0.0202048475607207,"Zc3h12a",-3.02096530730741,"ENSMUSG00000042677.7",TRUE,"ENSMUSG00000042677","ENSG00000163874","ZC3H12A"
"Nsd2",0.395762892627652,4.72932211578653,13.2199102160407,0.00252068273662012,0.0202048475607207,"Nsd2",3.02084750709014,"ENSMUSG00000057406.16",TRUE,"ENSMUSG00000057406","ENSG00000109685","NSD2"
"Slc39a8",0.736379883545479,3.0305394470455,13.2164010397617,0.00252315097190721,0.0202144432777029,"Slc39a8",3.02055113759877,"ENSMUSG00000053897.15",FALSE,"ENSMUSG00000053897","ENSG00000138821","SLC39A8"
"Rcan1",-0.340959826935255,6.96272945057781,13.2047479347,0.00253136720714581,0.0202700567448338,"Rcan1",-3.01956649300995,"ENSMUSG00000022951.16",TRUE,"ENSMUSG00000022951","ENSG00000159200","RCAN1"
"Fam126a",-0.330387571974084,5.66024876419133,13.1860185080556,0.00254463688158981,0.0203660595510432,"Fam126a",-3.01798239350558,"ENSMUSG00000028995.14",TRUE,"ENSMUSG00000028995","ENSG00000122591","FAM126A"
"Eif4a2",-0.329844656692047,8.0360181511669,13.1766449848789,0.00255130779828581,0.0204091790322632,"Eif4a2",-3.01718888839826,"ENSMUSG00000022884.15",TRUE,"ENSMUSG00000022884",NA,NA
"Sec61a1",0.27448254623855,7.99662857279247,13.1614583684471,0.00256215822480719,0.0204856723223272,"Sec61a1",3.01590227495564,"ENSMUSG00000030082.14",TRUE,"ENSMUSG00000030082","ENSG00000058262","SEC61A1"
"Oplah",-0.420005785294775,4.48580421368032,13.1511338424191,0.00256956493441512,0.0205140501677246,"Oplah",-3.01502686641941,"ENSMUSG00000022562.15",FALSE,"ENSMUSG00000022562","ENSG00000178814","OPLAH"
"H2-Q4",-0.374312157695216,6.84191586496414,13.1508685914387,0.00256975554492161,0.0205140501677246,"H2-Q4",-3.01500436838889,"ENSMUSG00000035929.11",FALSE,"ENSMUSG00000035929","ENSG00000204592","HLA-E"
"AC113595.1",1.62178457378638,0.650375289870326,13.1493738790288,0.00257082995389904,0.0205140501677246,"AC113595.1",3.01487758289772,"ENSMUSG00000115902.1",FALSE,"ENSMUSG00000115902",NA,NA
"Slc16a9",-0.451006095835714,4.45237469781753,13.1493219962974,0.00257086725676131,0.0205140501677246,"Slc16a9",-3.01487318184873,"ENSMUSG00000037762.6",FALSE,"ENSMUSG00000037762","ENSG00000165449","SLC16A9"
"Dnajc1",0.287765211182748,5.83889045140347,13.1462369810067,0.00257308644627773,0.0205214612613614,"Dnajc1",3.01461146347607,"ENSMUSG00000026740.12",TRUE,"ENSMUSG00000026740","ENSG00000136770","DNAJC1"
"2610016A17Rik",-3.78048362664086,-1.22796027217993,13.1329719663323,0.00258265354388158,0.0205874382497989,"2610016A17Rik",-3.01348553309372,"ENSMUSG00000101089.1",FALSE,"ENSMUSG00000101089",NA,NA
"Dap",0.271988376084209,7.33220893304327,13.118627196175,0.00259304517474799,0.0206599185440968,"Dap",3.0122668780266,"ENSMUSG00000039168.15",FALSE,"ENSMUSG00000039168","ENSG00000112977","DAP"
"Klhl21",0.384540448530493,5.31347367747877,13.1039093446409,0.00260375677145221,0.0207348742796217,"Klhl21",3.01101536451598,"ENSMUSG00000073700.3",FALSE,"ENSMUSG00000073700","ENSG00000162413","KLHL21"
"Mrpl18",0.475508837932028,4.01816901682904,13.0973352080911,0.00260855773669656,0.0207627095528956,"Mrpl18",3.01045596000105,"ENSMUSG00000057388.9",FALSE,"ENSMUSG00000057388","ENSG00000112110","MRPL18"
"Pcdhb22",0.484421890381345,3.73861302752484,13.0536568543751,0.00264071333288164,0.0209976320664083,"Pcdhb22",3.00673329895652,"ENSMUSG00000073591.4",FALSE,"ENSMUSG00000073591","ENSG00000113248","PCDHB15"
"Gucy1b1",0.31097326531907,5.37490535470006,13.0395665520502,0.00265118295480266,0.0210703460920673,"Gucy1b1",3.00553016774465,"ENSMUSG00000028005.13",TRUE,"ENSMUSG00000028005","ENSG00000061918","GUCY1B1"
"Metap1d",-0.536360951099983,4.53087431123696,13.025533547344,0.00266165718343805,0.0211430240700376,"Metap1d",-3.00433084491267,"ENSMUSG00000041921.16",FALSE,"ENSMUSG00000041921","ENSG00000172878","METAP1D"
"Slc1a4",0.480616721829865,4.42953795136247,13.0198343324542,0.00266592457432933,0.0211663497281874,"Slc1a4",3.00384345537077,"ENSMUSG00000020142.12",FALSE,"ENSMUSG00000020142","ENSG00000115902","SLC1A4"
"Sox9",0.4744696602287,4.20001555931868,13.017957373479,0.00266733169296075,0.0211669540484804,"Sox9",3.00368290109548,"ENSMUSG00000000567.5",FALSE,"ENSMUSG00000000567","ENSG00000125398","SOX9"
"Loxl3",0.290949456142038,6.99091160914486,13.0124256105894,0.00267148368529908,0.021189329200654,"Loxl3",3.00320960353926,"ENSMUSG00000000693.10",FALSE,"ENSMUSG00000000693","ENSG00000115318","LOXL3"
"Tle4",-0.696459508351755,3.36321514898529,13.0054427268416,0.00267673540229404,0.0212152333321833,"Tle4",-3.00261190721531,"ENSMUSG00000024642.17",TRUE,"ENSMUSG00000024642","ENSG00000106829","TLE4"
"Ahdc1",0.291597885312132,5.69017306350131,13.0045366994033,0.00267741767576507,0.0212152333321833,"Ahdc1",3.00253433655172,"ENSMUSG00000037692.14",FALSE,"ENSMUSG00000037692","ENSG00000126705","AHDC1"
"Prps1",-0.477870599304499,4.02008502690056,13.000229227291,0.00268066408791567,0.0212201262912267,"Prps1",-3.00216548501135,"ENSMUSG00000031432.3",TRUE,"ENSMUSG00000031432","ENSG00000147224","PRPS1"
"Klf2",-0.291157883029551,8.7485621362131,13.0001764735766,0.00268070387468242,0.0212201262912267,"Klf2",-3.00216096704281,"ENSMUSG00000055148.7",FALSE,"ENSMUSG00000055148","ENSG00000127528","KLF2"
"Unc13c",3.6160398148445,-1.30445941046477,12.9782606741958,0.00269729127603085,0.0213408075436411,"Unc13c",3.00028270930884,"ENSMUSG00000062151.13",FALSE,"ENSMUSG00000062151","ENSG00000137766","UNC13C"
"Halr1",4.04798063621503,-1.77801361863587,12.9730599538219,0.0027012447467007,0.0213614595757242,"Halr1",2.99983659996135,"ENSMUSG00000085412.7",TRUE,"ENSMUSG00000085412",NA,NA
"Eif4a1",-0.331302112680789,8.26944419950387,12.9598891894016,0.00271128652738905,0.0214302135412863,"Eif4a1",-2.99870616269946,"ENSMUSG00000059796.16",TRUE,"ENSMUSG00000059796","ENSG00000161960","EIF4A1"
"Dad1",0.329441944972183,6.07910776668175,12.9413768493471,0.00272547310568386,0.0215316437156932,"Dad1",2.99711563406391,"ENSMUSG00000022174.8",FALSE,"ENSMUSG00000022174","ENSG00000129562","DAD1"
"Atp1b3",-0.261527407827654,6.48922087026199,12.9310975005902,0.00273338711701573,0.0215834435560582,"Atp1b3",-2.99623163826656,"ENSMUSG00000032412.8",TRUE,"ENSMUSG00000032412","ENSG00000069849","ATP1B3"
"Slc31a1",0.302837598238714,5.78446908674462,12.9232387726384,0.00273945522621702,0.0216103771094876,"Slc31a1",2.99555541231659,"ENSMUSG00000066150.12",TRUE,"ENSMUSG00000066150","ENSG00000136868","SLC31A1"
"Tbc1d12",-0.3791107753379,4.72696140805135,12.9231603851985,0.00273951583051795,0.0216103771094876,"Tbc1d12",-2.9955486655191,"ENSMUSG00000048720.8",FALSE,"ENSMUSG00000048720","ENSG00000108239","TBC1D12"
"Elfn1",0.988907916878132,2.14453104149592,12.9185310022154,0.00274309770138682,0.0216279041869879,"Elfn1",2.99515015432174,"ENSMUSG00000048988.8",FALSE,"ENSMUSG00000048988","ENSG00000225968","ELFN1"
"BC028528",0.734228106514958,2.30534910894081,12.9157000196648,0.00274529074202973,0.0216344691132303,"BC028528",2.99490639593422,"ENSMUSG00000038543.13",TRUE,"ENSMUSG00000038543","ENSG00000118292","C1orf54"
"Tmem189",0.354498378733812,4.75076786056476,12.9055287467435,0.00275318654276087,0.0216859463048668,"Tmem189",2.99403024145741,"ENSMUSG00000090213.1",TRUE,"ENSMUSG00000090213","ENSG00000240849","PEDS1"
"Atrnl1",-0.318222669798049,6.80523721768274,12.9009582494654,0.00275674299949665,0.0217032098618788,"Atrnl1",-2.99363635016918,"ENSMUSG00000054843.9",FALSE,"ENSMUSG00000054843","ENSG00000107518","ATRNL1"
"Svep1",0.407170462818773,8.56086453442515,12.8958429930322,0.00276072958080793,0.0217183083318844,"Svep1",2.99319537234152,"ENSMUSG00000028369.15",FALSE,"ENSMUSG00000028369","ENSG00000165124","SVEP1"
"Ripk3",0.581346129266737,4.42588919672203,12.891076562721,0.00276445023634441,0.0217316125104227,"Ripk3",2.99278433449256,"ENSMUSG00000022221.14",TRUE,"ENSMUSG00000022221","ENSG00000129465","RIPK3"
"Syne1",0.431643894746269,6.28009557207018,12.8882036148349,0.00276669561600421,0.021738517974958,"Syne1",2.99253652155651,"ENSMUSG00000096054.3",FALSE,"ENSMUSG00000096054","ENSG00000131018","SYNE1"
"Zfp235",-0.681913835071249,2.63079627205779,12.8799770221847,0.0027731367281883,0.0217783671053721,"Zfp235",-2.99182666156985,"ENSMUSG00000047603.9",FALSE,"ENSMUSG00000047603","ENSG00000159915","ZNF233"
"Frk",0.576793894588511,3.87828339551056,12.8753518621244,0.0027767655813724,0.0217961021917894,"Frk",2.99142739706677,"ENSMUSG00000019779.15",FALSE,"ENSMUSG00000019779","ENSG00000111816","FRK"
"Id3",-0.367466662319273,8.06438798453614,12.8729045057744,0.00277868794799554,0.0218004313946587,"Id3",-2.99121608178272,"ENSMUSG00000007872.3",FALSE,"ENSMUSG00000007872","ENSG00000117318","ID3"
"Heg1",-0.383692906575445,8.55298488009591,12.8368830956014,0.00280715901943772,0.0220129437308274,"Heg1",-2.98810194527469,"ENSMUSG00000075254.12",TRUE,"ENSMUSG00000075254","ENSG00000173706","HEG1"
"Fkbp7",0.290117620690234,6.67779714971765,12.8222759053953,0.00281879936734035,0.022093329886059,"Fkbp7",2.98683703668873,"ENSMUSG00000002732.14",FALSE,"ENSMUSG00000002732","ENSG00000079150","FKBP7"
"Yap1",0.293206736207155,6.46902669938517,12.8177506099665,0.0028224167255721,0.0221107848210705,"Yap1",2.9864449247077,"ENSMUSG00000053110.13",TRUE,"ENSMUSG00000053110","ENSG00000137693","YAP1"
"Spg20",-0.332677753226189,5.2481954753699,12.8130509427068,0.00282617908898437,0.0221293579774094,"Spg20",-2.98603758111589,"ENSMUSG00000036580.15",FALSE,"ENSMUSG00000036580","ENSG00000133104","SPART"
"Rbm38",0.690186502504781,2.50242426670565,12.8110473508703,0.00282778482648131,0.0221310344958328,"Rbm38",2.98586388186183,"ENSMUSG00000027510.17",FALSE,"ENSMUSG00000027510","ENSG00000132819","RBM38"
"Mmp11",0.410337573615327,6.47169861860557,12.8070597240932,0.00283098373246947,0.0221451718138033,"Mmp11",2.98551811126184,"ENSMUSG00000000901.17",TRUE,"ENSMUSG00000000901","ENSG00000099953","MMP11"
"Msi1",0.596755397784063,3.15355293545765,12.8028270474582,0.00283438374631157,0.022160867609436,"Msi1",2.98515099374499,"ENSMUSG00000054256.11",FALSE,"ENSMUSG00000054256","ENSG00000135097","MSI1"
"Prkag2",-0.385283396962724,4.59224250860432,12.7897831404578,0.00284489101922859,0.0222320893753279,"Prkag2",-2.98401900375725,"ENSMUSG00000028944.14",FALSE,"ENSMUSG00000028944","ENSG00000106617","PRKAG2"
"Prrc1",0.315951721173518,6.90974179968453,12.7855863597578,0.0028482811197246,0.0222476496301475,"Prrc1",2.98365458928173,"ENSMUSG00000024594.9",FALSE,"ENSMUSG00000024594","ENSG00000164244","PRRC1"
"Hps1",0.420625460336179,4.25638934553606,12.7817849719345,0.00285135581405801,0.0222607322096045,"Hps1",2.98332442127925,"ENSMUSG00000025188.15",FALSE,"ENSMUSG00000025188","ENSG00000107521","HPS1"
"Reps2",-0.483347829581233,4.60996421327318,12.7757921962773,0.00285621068813125,0.0222828135341824,"Reps2",-2.98280375458035,"ENSMUSG00000040855.15",FALSE,"ENSMUSG00000040855","ENSG00000169891","REPS2"
"Faim2",1.02098161009492,1.79329901738025,12.7748355884926,0.00285698653060415,0.0222828135341824,"Faim2",2.98272062332819,"ENSMUSG00000023011.8",FALSE,"ENSMUSG00000023011","ENSG00000135472","FAIM2"
"Ostc",0.263708306779795,6.93949071378109,12.7659021025472,0.00286424354368798,0.0223284632721912,"Ostc",2.9819440333319,"ENSMUSG00000041084.8",FALSE,"ENSMUSG00000041084","ENSG00000198856","OSTC"
"Acp6",-0.722120536324074,2.69322386493676,12.7562586556392,0.00287210094828126,0.0223685735697727,"Acp6",-2.98110521679501,"ENSMUSG00000028093.15",FALSE,"ENSMUSG00000028093","ENSG00000162836","ACP6"
"Fmod",0.450416350287028,9.16583245742147,12.7561349213313,0.00287220192601873,0.0223685735697727,"Fmod",2.9810944505664,"ENSMUSG00000041559.7",FALSE,"ENSMUSG00000041559","ENSG00000122176","FMOD"
"Gm20219",-1.35558701794409,0.84826962002248,12.752044545381,0.00287554230720438,0.0223836266820711,"Gm20219",-2.98073849434603,"ENSMUSG00000110218.1",FALSE,"ENSMUSG00000110218",NA,NA
"Pgk1",0.356791807733754,4.86655307650652,12.7298995506601,0.00289370418046846,0.0225030935910879,"Pgk1",2.97880971713227,"ENSMUSG00000062070.12",TRUE,"ENSMUSG00000062070","ENSG00000102144","PGK1"
"Arhgap6",-0.360195409402818,5.03352398823937,12.7298805423657,0.00289371982605639,0.0225030935910879,"Arhgap6",-2.97880806035183,"ENSMUSG00000031355.16",FALSE,"ENSMUSG00000031355","ENSG00000047648","ARHGAP6"
"Dusp14",0.725864529269748,2.26238032688799,12.7266677373323,0.00289636565249663,0.0225126602989511,"Dusp14",2.97852799963831,"ENSMUSG00000018648.15",FALSE,"ENSMUSG00000018648","ENSG00000276023","DUSP14"
"Arhgap12",-0.328438382743573,5.46678510058294,12.7241714872693,0.0028984232870903,0.0225176480383962,"Arhgap12",-2.97831036040244,"ENSMUSG00000041225.16",FALSE,"ENSMUSG00000041225","ENSG00000165322","ARHGAP12"
"Kdelr1",0.260303532522632,7.3744067179925,12.7195946202653,0.00290220029662904,0.0225359820885213,"Kdelr1",2.97791122695356,"ENSMUSG00000002778.14",TRUE,"ENSMUSG00000002778","ENSG00000105438","KDELR1"
"Gm50012",-0.995367326289668,1.93831114071393,12.7114558131667,0.00290893066707428,0.0225772203018459,"Gm50012",-2.97720117237769,"ENSMUSG00000117628.1",FALSE,"ENSMUSG00000117628",NA,NA
"Dpy19l3",0.395057627526343,4.80439069982117,12.7073599444212,0.00291232448631686,0.0225925347833644,"Dpy19l3",2.97684369270526,"ENSMUSG00000043671.14",FALSE,"ENSMUSG00000043671","ENSG00000178904","DPY19L3"
"Prdm1",1.20982969092001,2.09465554435843,12.7035889278638,0.00291545313749064,0.022605778276701,"Prdm1",2.97651448051889,"ENSMUSG00000038151.13",TRUE,"ENSMUSG00000038151","ENSG00000057657","PRDM1"
"Stxbp5",-0.298159820604393,5.659104918173,12.6951702234168,0.00292245165163052,0.0226450872067189,"Stxbp5",-2.97577922793964,"ENSMUSG00000019790.17",TRUE,"ENSMUSG00000019790","ENSG00000164506","STXBP5"
"Csf1",-0.285044003155747,8.49768061543426,12.6930112796071,0.00292424948626307,0.0226450872067189,"Csf1",-2.975590609777,"ENSMUSG00000014599.10",FALSE,"ENSMUSG00000014599","ENSG00000184371","CSF1"
"Znfx1",-0.293824622422088,5.57260527578907,12.6923569301157,0.00292479463765332,0.0226450872067189,"Znfx1",-2.97553343663253,"ENSMUSG00000039501.14",FALSE,"ENSMUSG00000039501","ENSG00000124201","ZNFX1"
"Iglv1",3.45557416353871,0.00122237596489126,12.6870668264697,0.00292920619608236,0.0226602242774829,"Iglv1",2.97507112872682,"ENSMUSG00000076934.2",FALSE,"ENSMUSG00000076934",NA,NA
"Gm46329",-1.7084128667894,0.268481296251069,12.6865956198197,0.00292959951672671,0.0226602242774829,"Gm46329",-2.97502994166866,"ENSMUSG00000112704.1",FALSE,"ENSMUSG00000112704",NA,NA
"Ly96",0.579869546142687,2.79041967452978,12.669493004832,0.002943916183001,0.0227598925903086,"Ly96",2.97353417849441,"ENSMUSG00000025779.10",TRUE,"ENSMUSG00000025779","ENSG00000154589","LY96"
"Cd36",-0.536709204970105,5.55439935255003,12.6648733195197,0.00294779704997549,0.0227788223934695,"Cd36",-2.97312986056433,"ENSMUSG00000002944.15",FALSE,"ENSMUSG00000002944","ENSG00000135218","CD36"
"Cask",0.334304164849466,6.09938189981775,12.6580238566388,0.00295356186049184,0.0228043133092703,"Cask",2.9725301646829,"ENSMUSG00000031012.17",FALSE,"ENSMUSG00000031012","ENSG00000147044","CASK"
"Zdhhc1",-0.288231874460337,5.78967798580427,12.6567516698089,0.00295463400792103,0.0228043133092703,"Zdhhc1",-2.97241875022207,"ENSMUSG00000039199.6",FALSE,"ENSMUSG00000039199","ENSG00000159714","ZDHHC1"
"Slc9a3r2",0.444422150650549,4.1265904204344,12.6558458032214,0.00295539770674754,0.0228043133092703,"Slc9a3r2",2.97233941134379,"ENSMUSG00000002504.15",TRUE,"ENSMUSG00000002504","ENSG00000065054","SLC9A3R2"
"Dbi",-0.385012211260001,5.98173198911283,12.6532238140052,0.00295760947025249,0.0228103120297892,"Dbi",-2.97210974192491,"ENSMUSG00000026385.16",FALSE,"ENSMUSG00000026385","ENSG00000155368","DBI"
"Gab2",0.353378452696132,4.9262127222133,12.6351960041503,0.00297286806431426,0.022916878733296,"Gab2",2.97052954675776,"ENSMUSG00000004508.6",TRUE,"ENSMUSG00000004508","ENSG00000033327","GAB2"
"Rasgef1b",0.541893583097209,3.18487379434702,12.6314535721675,0.00297604689891231,0.0229302683301369,"Rasgef1b",2.97020127516061,"ENSMUSG00000089809.9",TRUE,"ENSMUSG00000089809","ENSG00000138670","RASGEF1B"
"Hes1",0.368343432080128,5.92971554230788,12.6227843175786,0.00298342553340303,0.0229759885025222,"Hes1",2.96944053043579,"ENSMUSG00000022528.8",TRUE,"ENSMUSG00000022528","ENSG00000114315","HES1"
"Rgmb",-0.284411659265637,6.62990065058513,12.6179439973845,0.00298755435788235,0.0229966490577943,"Rgmb",-2.96901559311736,"ENSMUSG00000048027.9",FALSE,"ENSMUSG00000048027","ENSG00000174136","RGMB"
"Samd4b",-0.276142463920608,6.85049407781514,12.614681241283,0.00299034119619906,0.0230069647039931,"Samd4b",-2.96872907535619,"ENSMUSG00000109336.1",FALSE,"ENSMUSG00000109336","ENSG00000179134","SAMD4B"
"Arl4c",0.373299054671701,4.57581330363023,12.6067031227582,0.00299716812528088,0.0230483388280183,"Arl4c",2.9680282196396,"ENSMUSG00000049866.12",FALSE,"ENSMUSG00000049866","ENSG00000188042","ARL4C"
"Itprid2",0.355788063754445,5.0130562640503,12.5943841533495,0.00300774458186985,0.0231184930330963,"Itprid2",2.96694530625155,"ENSMUSG00000027007.16",TRUE,"ENSMUSG00000027007","ENSG00000138434","ITPRID2"
"Amot",0.420693751602355,4.44944371292506,12.5820850096305,0.0030183466096639,0.0231887759098962,"Amot",2.96586325542278,"ENSMUSG00000041688.16",FALSE,"ENSMUSG00000041688","ENSG00000126016","AMOT"
"Susd2",0.346505142288014,5.45834484175468,12.5755139124091,0.00302402849406783,0.0232212096287594,"Susd2",2.965284784191,"ENSMUSG00000006342.15",FALSE,"ENSMUSG00000006342","ENSG00000099994","SUSD2"
"Cyld",-0.303748401290588,5.34173590280757,12.5723666153496,0.00302675422407026,0.0232309229852265,"Cyld",-2.96500763010308,"ENSMUSG00000036712.15",TRUE,"ENSMUSG00000036712","ENSG00000083799","CYLD"
"Wdr66",-0.536822736413561,3.39276868384487,12.564903108381,0.00303322926315524,0.0232693897597481,"Wdr66",-2.96435015537644,"ENSMUSG00000029442.18",FALSE,"ENSMUSG00000029442","ENSG00000158023","CFAP251"
"Zfyve21",-0.376940988621048,4.77995315168743,12.5620745510962,0.0030356873435441,0.0232770182374069,"Zfyve21",-2.9641008973692,"ENSMUSG00000021286.8",FALSE,"ENSMUSG00000021286","ENSG00000100711","ZFYVE21"
"Islr2",-0.423853401627936,6.60844195589394,12.5534696514324,0.00304317921214531,0.02332321880036,"Islr2",-2.96334232946976,"ENSMUSG00000051243.14",FALSE,"ENSMUSG00000051243","ENSG00000167178","ISLR2"
"Etv3",-0.356532995108338,4.79030843475604,12.5498802291551,0.00304631059506381,0.0233307745457539,"Etv3",-2.96302577481309,"ENSMUSG00000003382.18",TRUE,"ENSMUSG00000003382","ENSG00000117036","ETV3"
"Paxx",-0.421265110322942,3.93842547791316,12.5489769258748,0.00304709920967936,0.0233307745457539,"Paxx",-2.96294609974948,"ENSMUSG00000047617.11",FALSE,"ENSMUSG00000047617","ENSG00000148362","PAXX"
"Syn3",-2.91391095125986,-0.469438189325575,12.5308599624422,0.00306296533561516,0.0234409709972511,"Syn3",-2.96134710063785,"ENSMUSG00000059602.14",TRUE,"ENSMUSG00000059602","ENSG00000185666","SYN3"
"Polr3gl",-0.45154023585687,3.94092348804647,12.5107351263979,0.00308070073787895,0.0235653601897494,"Polr3gl",-2.95956863105774,"ENSMUSG00000028104.14",FALSE,"ENSMUSG00000028104",NA,NA
"Nol7",-0.35012323786844,4.64100774537134,12.5060455053358,0.00308485040924222,0.0235857577202784,"Nol7",-2.95915385866135,"ENSMUSG00000063200.4",TRUE,"ENSMUSG00000063200","ENSG00000225921","NOL7"
"Csnk1g1",0.36300413030852,4.7386139308257,12.5042685946735,0.00308642440085736,0.0235864523050623,"Csnk1g1",2.95899666644377,"ENSMUSG00000032384.16",FALSE,"ENSMUSG00000032384","ENSG00000169118","CSNK1G1"
"Eef2k",-0.341961796058495,5.31665960681709,12.4967353639904,0.00309310756162076,0.0236261717350888,"Eef2k",-2.95833004210644,"ENSMUSG00000035064.17",FALSE,"ENSMUSG00000035064","ENSG00000103319","EEF2K"
"Plekhg2",0.276608939340219,6.24913605173759,12.4921766236898,0.00309715991791476,0.0236457677266435,"Plekhg2",2.95792647160186,"ENSMUSG00000037552.17",TRUE,"ENSMUSG00000037552","ENSG00000090924","PLEKHG2"
"Gm43708",-3.69356208890933,-1.54237162567415,12.4843460085444,0.00310413488849367,0.0236876473760628,"Gm43708",-2.95723296677167,"ENSMUSG00000105873.1",FALSE,"ENSMUSG00000105873",NA,NA
"Igf1",0.337106841363722,8.75959038921651,12.4790819204435,0.00310883387040418,0.0237121271180037,"Igf1",2.95676655869528,"ENSMUSG00000020053.18",FALSE,"ENSMUSG00000020053","ENSG00000017427","IGF1"
"Ptpn22",2.55619183371569,0.163047717073922,12.4669034276234,0.00311973619774599,0.0237838757204001,"Ptpn22",2.95568689433956,"ENSMUSG00000027843.13",TRUE,"ENSMUSG00000027843","ENSG00000134242","PTPN22"
"Emid1",0.691272410064063,2.47548479197836,12.4619398829252,0.00312419215604796,0.0238064340477387,"Emid1",2.95524660799706,"ENSMUSG00000034164.17",FALSE,"ENSMUSG00000034164","ENSG00000186998","EMID1"
"Jund",-0.350447510348292,8.52855871431098,12.4591044644115,0.00312674088254604,0.023814444566633,"Jund",-2.95499502959444,"ENSMUSG00000071076.6",FALSE,"ENSMUSG00000071076","ENSG00000130522","JUND"
"Sept10",-0.411380511627075,4.94125351344711,12.4547085462726,0.00313069702709859,0.0238331617146716,"Sept10",-2.95460489855914,"ENSMUSG00000019917.10",TRUE,"ENSMUSG00000019917","ENSG00000186522","SEPTIN10"
"Wfdc1",0.570638526418666,3.3478315976554,12.4337675849066,0.00314962178345254,0.0239657584795434,"Wfdc1",2.95274484828949,"ENSMUSG00000023336.6",FALSE,"ENSMUSG00000023336","ENSG00000103175","WFDC1"
"Map1a",0.445165413932645,5.57356534132568,12.4280926775054,0.00315477281466422,0.0239934730136801,"Map1a",2.95224033486327,"ENSMUSG00000027254.13",FALSE,"ENSMUSG00000027254","ENSG00000166963","MAP1A"
"4930523C07Rik",-0.35207759818688,5.14919309130462,12.4230874996277,0.00315932393860126,0.0240166006671012,"4930523C07Rik",-2.95179520326496,"ENSMUSG00000090394.8",FALSE,"ENSMUSG00000090394","ENSG00000235750","KIAA0040"
"H2-Eb1",0.531340333223599,3.31689276145329,12.4128698377049,0.00316863801449565,0.024075896007895,"H2-Eb1",2.95088604097602,"ENSMUSG00000060586.11",FALSE,"ENSMUSG00000060586",NA,NA
"Nlrx1",0.451800335268482,3.81302364048135,12.396415232518,0.00318370355948981,0.0241788145685609,"Nlrx1",2.9494206119395,"ENSMUSG00000032109.15",FALSE,"ENSMUSG00000032109","ENSG00000160703","NLRX1"
"Cpm",-0.922139844456646,2.99077988359679,12.3886104134643,0.00319087814447766,0.0242199792703169,"Cpm",-2.94872495873789,"ENSMUSG00000020183.11",FALSE,"ENSMUSG00000020183","ENSG00000135678","CPM"
"Ik",-0.284338098267182,6.01272397198214,12.3857101443669,0.00319354892940455,0.0242199792703169,"Ik",-2.94846636146415,"ENSMUSG00000024474.7",TRUE,"ENSMUSG00000024474","ENSG00000113141","IK"
"Gabrd",-2.62263704618384,-0.628576250473937,12.3855539952732,0.00319369279568978,0.0242199792703169,"Gabrd",-2.94845243728575,"ENSMUSG00000029054.8",FALSE,"ENSMUSG00000029054","ENSG00000187730","GABRD"
"Hyou1",0.319845142587175,6.83404422381491,12.3835545707156,0.00319553559917516,0.0242224035432234,"Hyou1",2.94827413106462,"ENSMUSG00000032115.14",TRUE,"ENSMUSG00000032115","ENSG00000149428","HYOU1"
"Nbas",0.355558727151329,5.74096865683351,12.3752248486431,0.0032032259255224,0.02425823320165,"Nbas",2.94753103953795,"ENSMUSG00000020576.10",FALSE,"ENSMUSG00000020576","ENSG00000151779","NBAS"
"Iqgap3",1.4439562870645,1.05086549064103,12.3751304557405,0.00320331319395491,0.02425823320165,"Iqgap3",2.94752261640306,"ENSMUSG00000028068.14",TRUE,"ENSMUSG00000028068","ENSG00000183856","IQGAP3"
"Ccdc187",-2.4707516821922,-0.0723347056664625,12.3697889243864,0.0032082559970791,0.0242841004862204,"Ccdc187",-2.94704587886616,"ENSMUSG00000048038.8",FALSE,"ENSMUSG00000048038","ENSG00000260220","CCDC187"
"Igsf11",-2.75373350088281,-0.0457398567583874,12.3666281672465,0.00321118492125279,0.0242947068518949,"Igsf11",-2.94676369738288,"ENSMUSG00000022790.14",FALSE,"ENSMUSG00000022790","ENSG00000144847","IGSF11"
"Pnp2",-0.648837625234396,2.7817188856128,12.3623328098351,0.00321517012867297,0.0243132908018479,"Pnp2",-2.94638012678845,"ENSMUSG00000068417.8",FALSE,"ENSMUSG00000068417","ENSG00000198805","PNP"
"A4galt",0.365042548664792,4.44796177532653,12.3390780591355,0.00323684420273117,0.0244655576787233,"A4galt",2.94430158232987,"ENSMUSG00000047878.13",FALSE,"ENSMUSG00000047878","ENSG00000128274","A4GALT"
"Glmp",0.27487143604027,6.21043582991314,12.3328208692434,0.00324270457433715,0.0244982094278782,"Glmp",2.94374175071289,"ENSMUSG00000001418.13",FALSE,"ENSMUSG00000001418","ENSG00000198715","GLMP"
"Pafah1b3",0.525887981351066,3.30667929395179,12.3290881202421,0.00324620637830908,0.0245130199592827,"Pafah1b3",2.94340766900097,"ENSMUSG00000005447.12",FALSE,"ENSMUSG00000005447","ENSG00000079462","PAFAH1B3"
"Kcnt2",-0.595284196235777,3.01524623232934,12.3267374017193,0.00324841387734172,0.0245180474092859,"Kcnt2",-2.94319723623141,"ENSMUSG00000052726.15",FALSE,"ENSMUSG00000052726","ENSG00000162687","KCNT2"
"Ssh2",-0.267454399769691,6.43207724898986,12.3223468108113,0.00325254156733293,0.0245375562359087,"Ssh2",-2.94280410805483,"ENSMUSG00000037926.15",FALSE,"ENSMUSG00000037926","ENSG00000141298","SSH2"
"Pqlc3",0.444065466988501,4.75271046910658,12.3112721705698,0.00326297975173346,0.0246046311009091,"Pqlc3",2.9418119821553,"ENSMUSG00000045679.14",FALSE,"ENSMUSG00000045679","ENSG00000162976","SLC66A3"
"Srpx",-0.293182157041982,7.40798886401656,12.2999833604983,0.00327365924706613,0.0246734611403283,"Srpx",-2.94079990818883,"ENSMUSG00000090084.7",FALSE,"ENSMUSG00000090084","ENSG00000101955","SRPX"
"Lrch3",-0.416113410213837,4.49170818887005,12.2907669737301,0.00328240782567721,0.0247276796076479,"Lrch3",-2.9399730619772,"ENSMUSG00000022801.13",FALSE,"ENSMUSG00000022801","ENSG00000186001","LRCH3"
"Itgav",0.333472515746174,7.35012218880068,12.273249040903,0.00329911039731009,0.0248417389433818,"Itgav",2.93840002716402,"ENSMUSG00000027087.11",TRUE,"ENSMUSG00000027087","ENSG00000138448","ITGAV"
"Sox18",1.53653042279575,0.747248192492303,12.2582294676719,0.003313508326,0.0249358754914952,"Sox18",2.93704985277547,"ENSMUSG00000046470.5",TRUE,"ENSMUSG00000046470","ENSG00000203883","SOX18"
"Lyve1",1.17249131409769,2.15551429246673,12.2569395421141,0.00331474821033898,0.0249358754914952,"Lyve1",2.93693383191697,"ENSMUSG00000030787.4",TRUE,"ENSMUSG00000030787","ENSG00000133800","LYVE1"
"Maneal",-1.85047657232242,0.0190453632764003,12.254364904263,0.00331722455489521,0.024942705482978,"Maneal",-2.93670222886787,"ENSMUSG00000042763.9",FALSE,"ENSMUSG00000042763","ENSG00000185090","MANEAL"
"Sdf2",0.28071134346488,5.79022596128821,12.2446438813615,0.00332659354882724,0.0250013313832701,"Sdf2",2.93582740517976,"ENSMUSG00000002064.10",FALSE,"ENSMUSG00000002064","ENSG00000132581","SDF2"
"Olfr809",2.53942695332463,-0.589208166606193,12.2313193182481,0.00333948480264232,0.025086361273699,"Olfr809",2.93462735354653,"ENSMUSG00000050251.5",FALSE,"ENSMUSG00000050251","ENSG00000185821","OR6C76"
"Gm16364",-1.35453512730358,1.36831757976684,12.2014937185183,0.00336854812117377,0.0252927015164653,"Gm16364",-2.93193724069342,"ENSMUSG00000086915.7",FALSE,"ENSMUSG00000086915",NA,NA
"Gm45869",-3.2470864047839,-1.08602813023486,12.199875137287,0.0033701335919883,0.0252927015164653,"Gm45869",-2.93179109756018,"ENSMUSG00000110390.1",FALSE,"ENSMUSG00000110390",NA,NA
"Strbp",-0.702246742482213,2.51573461890039,12.1921344680228,0.0033777277261667,0.0253377377496363,"Strbp",-2.93109196382146,"ENSMUSG00000026915.16",TRUE,"ENSMUSG00000026915","ENSG00000165209","STRBP"
"Postn",0.303359739569224,11.6881863391768,12.1705799688426,0.00339897753442601,0.025481532740913,"Postn",2.92914323491209,"ENSMUSG00000027750.16",FALSE,"ENSMUSG00000027750","ENSG00000133110","POSTN"
"Sf3b3",0.270792941799536,6.83663138699902,12.1679667299567,0.00340156421103575,0.025481532740913,"Sf3b3",2.92890677966235,"ENSMUSG00000033732.10",TRUE,"ENSMUSG00000033732","ENSG00000189091","SF3B3"
"Gk5",-0.403880310588834,4.20400689236163,12.1678258688855,0.00340170370426701,0.025481532740913,"Gk5",-2.92889403285359,"ENSMUSG00000041440.18",FALSE,"ENSMUSG00000041440","ENSG00000175066","GK5"
"Plcxd2",-0.839083708758002,2.61175273984453,12.1643829014723,0.00340511527388611,0.0254950791904947,"Plcxd2",-2.92858243369125,"ENSMUSG00000087141.1",FALSE,"ENSMUSG00000087141","ENSG00000240891","PLCXD2"
"Scn4b",1.1885198582346,1.02381748227531,12.1624163484046,0.00340706564917463,0.0254976776559172,"Scn4b",2.92840442185736,"ENSMUSG00000046480.6",TRUE,"ENSMUSG00000046480","ENSG00000177098","SCN4B"
"Slc6a7",0.60070401429649,2.8489092325116,12.158862832938,0.00341059317331101,0.0255120711360136,"Slc6a7",2.92808269827385,"ENSMUSG00000052026.8",FALSE,"ENSMUSG00000052026","ENSG00000011083","SLC6A7"
"Pdia3",0.247464870881792,9.6404765683493,12.1539990464509,0.00341542815905596,0.0255362266165806,"Pdia3",2.92764222103919,"ENSMUSG00000027248.13",FALSE,"ENSMUSG00000027248","ENSG00000167004","PDIA3"
"Ppp1r15a",-0.343222697846257,9.08725158705452,12.1346450404472,0.00343474538825463,0.0256685883032958,"Ppp1r15a",-2.92588802693536,"ENSMUSG00000040435.12",TRUE,"ENSMUSG00000040435","ENSG00000087074","PPP1R15A"
"Galk1",0.364836896152287,4.66631696403052,12.1328324123736,0.00343656096346403,0.0256700934720378,"Galk1",2.925723616898,"ENSMUSG00000020766.4",FALSE,"ENSMUSG00000020766","ENSG00000108479","GALK1"
"Sec61b",0.313151660840662,5.69334246146957,12.130815156472,0.0034385827899851,0.0256731371404381,"Sec61b",2.9255406227245,"ENSMUSG00000053317.11",FALSE,"ENSMUSG00000053317",NA,NA
"Ssc5d",0.297000225994164,9.35425679265252,12.1270528810674,0.00344235722613342,0.0256892571408727,"Ssc5d",2.92519926295145,"ENSMUSG00000035279.8",FALSE,"ENSMUSG00000035279","ENSG00000179954","SSC5D"
"Cenpb",0.26456187161829,6.89996774536941,12.1135167308471,0.00345597638220123,0.0257588032486782,"Cenpb",2.92397037320875,"ENSMUSG00000068267.5",TRUE,"ENSMUSG00000068267","ENSG00000125817","CENPB"
"Armcx4",0.42017423953958,4.81629907726933,12.1131154898165,0.00345638102326632,0.0257588032486782,"Armcx4",2.92393392892655,"ENSMUSG00000049804.9",FALSE,"ENSMUSG00000049804","ENSG00000196440","ARMCX4"
"Ctnnal1",-0.579536757089951,3.27810929751462,12.1122987733087,0.00345720482789753,0.0257588032486782,"Ctnnal1",-2.92385974438219,"ENSMUSG00000038816.14",FALSE,"ENSMUSG00000038816","ENSG00000119326","CTNNAL1"
"Gm12940",-0.513294881591549,4.20229677510846,12.111356680962,0.00345815537545922,0.0257588032486782,"Gm12940",-2.92377416648281,"ENSMUSG00000085334.7",TRUE,"ENSMUSG00000085334",NA,NA
"Rpl26",-0.336769668511454,7.54344338659539,12.0994898248854,0.00347015437188512,0.0258360791086559,"Rpl26",-2.92269573246212,"ENSMUSG00000060938.14",TRUE,"ENSMUSG00000060938","ENSG00000161970","RPL26"
"Bax",0.322650214586008,4.96197684845811,12.0918741467304,0.00347787994080877,0.0258814809071979,"Bax",2.92200317595369,"ENSMUSG00000003873.11",FALSE,"ENSMUSG00000003873","ENSG00000087088","BAX"
"Tert",0.782588554001346,2.01715831580258,12.0793166535507,0.00349066164032717,0.0259644490487011,"Tert",2.92086043241994,"ENSMUSG00000021611.9",FALSE,"ENSMUSG00000021611","ENSG00000164362","TERT"
"Rbpms",-0.329733517837788,5.84928842546107,12.058980283817,0.00351147525131329,0.0260963527370723,"Rbpms",-2.9190077220126,"ENSMUSG00000031586.17",TRUE,"ENSMUSG00000031586","ENSG00000157110","RBPMS"
"Marcks",-0.256272401853433,9.38116351891375,12.058784110309,0.00351167671869048,0.0260963527370723,"Marcks",-2.91898983740414,"ENSMUSG00000069662.5",TRUE,"ENSMUSG00000069662","ENSG00000277443","MARCKS"
"Tmem65",-0.259308856727713,6.40757291715412,12.0484636986335,0.00352229430335129,0.0261630295685173,"Tmem65",-2.91804861461604,"ENSMUSG00000062373.8",FALSE,"ENSMUSG00000062373","ENSG00000164983","TMEM65"
"Mir100hg",-0.470315754330652,3.63529502658513,12.0341920965078,0.00353703741306743,0.0262602735667653,"Mir100hg",-2.91674594615349,"ENSMUSG00000074415.14",FALSE,"ENSMUSG00000074415",NA,NA
"Ppm1d",-0.49953928360408,3.44639225651907,12.0297355405605,0.00354165566024925,0.0262822911642295,"Ppm1d",-2.91633890414507,"ENSMUSG00000020525.17",TRUE,"ENSMUSG00000020525","ENSG00000170836","PPM1D"
"Nr1h3",-0.449402234150115,3.73112784114831,12.019306134296,0.00355249044933115,0.0263503990744932,"Nr1h3",-2.91538584217605,"ENSMUSG00000002108.10",FALSE,"ENSMUSG00000002108","ENSG00000025434","NR1H3"
"H3f3b",-0.31327361326282,9.04182810671335,12.0155807944561,0.00355636977775181,0.0263606605325536,"H3f3b",-2.91504524713677,"ENSMUSG00000016559.14",TRUE,"ENSMUSG00000016559","ENSG00000188375","H3-5"
"Serpinb9b",-0.752607454723755,2.95830511490076,12.0147946350272,0.0035571890525599,0.0263606605325536,"Serpinb9b",-2.91497336014977,"ENSMUSG00000021403.3",FALSE,"ENSMUSG00000021403","ENSG00000170542","SERPINB9"
"Prpf39",-0.293203140426134,5.43796568808172,12.0055859151205,0.00356680176573144,0.0264195847603293,"Prpf39",-2.91413101918774,"ENSMUSG00000035597.19",FALSE,"ENSMUSG00000035597","ENSG00000185246","PRPF39"
"D930036K23Rik",-3.41705176006535,-1.52105054787037,12.0034999405382,0.00356898337970795,0.0264234370053517,"D930036K23Rik",-2.91394013670309,"ENSMUSG00000102553.1",FALSE,"ENSMUSG00000102553",NA,NA
"Slco5a1",0.835669264997067,2.92157570714743,11.9947055166568,0.00357819781748328,0.0264793298703753,"Slco5a1",2.91313507942758,"ENSMUSG00000025938.16",FALSE,"ENSMUSG00000025938","ENSG00000137571","SLCO5A1"
"Rgs19",0.464209908740736,3.85038406378123,11.9909606639783,0.00358212978087321,0.026496097630338,"Rgs19",2.91279212119263,"ENSMUSG00000002458.13",FALSE,"ENSMUSG00000002458","ENSG00000171700","RGS19"
"Gorasp2",0.262322830407582,7.26928518736575,11.9786893080113,0.00359504895229618,0.026579294973671,"Gorasp2",2.91166767624279,"ENSMUSG00000014959.12",TRUE,"ENSMUSG00000014959","ENSG00000115806","GORASP2"
"Thrb",-0.566693169701814,3.11613203383182,11.9602416802776,0.00361457087653065,0.0267112084802356,"Thrb",-2.9099755015588,"ENSMUSG00000021779.17",FALSE,"ENSMUSG00000021779","ENSG00000151090","THRB"
"Hspa12a",-0.353351471080003,5.11332505982618,11.9574308396231,0.00361755604102208,0.026720851704772,"Hspa12a",-2.90971747836461,"ENSMUSG00000025092.7",FALSE,"ENSMUSG00000025092","ENSG00000165868","HSPA12A"
"Ilf2",-0.282058674213928,5.57512840134939,11.9488046923595,0.00362673479299138,0.0267762132836314,"Ilf2",-2.90892532270879,"ENSMUSG00000001016.12",FALSE,"ENSMUSG00000001016","ENSG00000143621","ILF2"
"Vasn",-0.284881712016849,8.2243594417873,11.9437695507692,0.00363210480793248,0.0267924098438246,"Vasn",-2.90846271823102,"ENSMUSG00000039646.5",FALSE,"ENSMUSG00000039646","ENSG00000168140","VASN"
"Adap2",0.581859831375907,2.8794975227561,11.9435885336944,0.00363229803328214,0.0267924098438246,"Adap2",2.90844608426587,"ENSMUSG00000020709.15",FALSE,"ENSMUSG00000020709","ENSG00000184060","ADAP2"
"Sirt1",-0.404682674589892,5.63355832874506,11.9356553988548,0.003640777762976,0.0268425075403835,"Sirt1",-2.90771689105641,"ENSMUSG00000020063.16",FALSE,"ENSMUSG00000020063","ENSG00000096717","SIRT1"
"Zbed3",0.420049010552994,4.01805991067322,11.9329452061813,0.00364367987724681,0.0268514555550769,"Zbed3",2.90746768568998,"ENSMUSG00000041995.8",FALSE,"ENSMUSG00000041995","ENSG00000132846","ZBED3"
"Tagln",0.515601962177798,4.21535464003281,11.914020261444,0.0036640189135733,0.0269863915162468,"Tagln",2.90572621486234,"ENSMUSG00000032085.5",FALSE,"ENSMUSG00000032085","ENSG00000149591","TAGLN"
"Ctbp1",0.250487250418101,7.19491867480242,11.9127541616731,0.00366538424668887,0.0269863915162468,"Ctbp1",2.905609627274,"ENSMUSG00000037373.12",TRUE,"ENSMUSG00000037373","ENSG00000159692","CTBP1"
"Cyp21a1",-3.32255424906113,-1.03753030249866,11.9038179645579,0.0036750374076604,0.0270449421073685,"Cyp21a1",-2.90478645591096,"ENSMUSG00000024365.9",FALSE,"ENSMUSG00000024365","ENSG00000231852","CYP21A2"
"Jak3",0.445786571961049,3.7929807453885,11.8747697025856,0.00370661779065926,0.0272647283648724,"Jak3",2.90210711294409,"ENSMUSG00000031805.17",TRUE,"ENSMUSG00000031805","ENSG00000105639","JAK3"
"Thoc2",-0.276136846665407,5.99191666447334,11.8550323192256,0.00372825284166207,0.0274111904488913,"Thoc2",-2.90028350506944,"ENSMUSG00000037475.15",FALSE,"ENSMUSG00000037475","ENSG00000125676","THOC2"
"Rab3d",0.288664637263051,6.00543104921568,11.8523144870073,0.00373124328501404,0.0274204999822451,"Rab3d",2.90003219920732,"ENSMUSG00000019066.13",TRUE,"ENSMUSG00000019066","ENSG00000105514","RAB3D"
"Srprb",0.318700640610359,4.88615574575168,11.8330522344556,0.00375251645933784,0.0275619362122337,"Srprb",2.89824974507792,"ENSMUSG00000032553.14",TRUE,"ENSMUSG00000032553","ENSG00000144867","SRPRB"
"Trim9",2.17131744297519,-0.605323031759824,11.8317537657287,0.0037539554697666,0.0275619362122337,"Trim9",2.89812950401647,"ENSMUSG00000021071.16",FALSE,"ENSMUSG00000021071","ENSG00000100505","TRIM9"
"Mapre2",-0.250043570159785,6.53243256835192,11.826651760902,0.00375961581560719,0.0275827601847759,"Mapre2",-2.8976569420696,"ENSMUSG00000024277.14",TRUE,"ENSMUSG00000024277","ENSG00000166974","MAPRE2"
"Ifih1",-0.3109837730737,5.29123587185375,11.8260711498817,0.00376026058483268,0.0275827601847759,"Ifih1",-2.89760315363452,"ENSMUSG00000026896.14",TRUE,"ENSMUSG00000026896","ENSG00000115267","IFIH1"
"Lamc3",-1.19824646507832,1.61754656387064,11.8171889600562,0.00377014005705157,0.027642479173486,"Lamc3",-2.89678002722004,"ENSMUSG00000026840.14",FALSE,"ENSMUSG00000026840","ENSG00000050555","LAMC3"
"Rpl21",-0.339738629777518,7.74304472492189,11.8071892425631,0.00378129809065076,0.0277115131500549,"Rpl21",-2.89585272910064,"ENSMUSG00000041453.12",TRUE,"ENSMUSG00000041453",NA,NA
"Endod1",0.342232192539357,5.29789981774165,11.8010729117741,0.00378814152875941,0.0277488782735426,"Endod1",2.89528522875284,"ENSMUSG00000037419.9",FALSE,"ENSMUSG00000037419","ENSG00000149218","ENDOD1"
"Ap1b1",0.287250542595388,5.38416750258837,11.7973606954717,0.00379230196266505,0.0277547491915939,"Ap1b1",2.89494067497193,"ENSMUSG00000009090.17",FALSE,"ENSMUSG00000009090","ENSG00000100280","AP1B1"
"Vars",0.273467152635223,5.62869048788278,11.7972434027018,0.00379243350269342,0.0277547491915939,"Vars",2.89492978685208,"ENSMUSG00000007029.16",FALSE,"ENSMUSG00000007029","ENSG00000204394","VARS1"
"Artn",1.40534856680923,1.44065358907966,11.7944386543472,0.00379558049236292,0.027765003022101,"Artn",2.8946693995855,"ENSMUSG00000028539.14",FALSE,"ENSMUSG00000028539","ENSG00000117407","ARTN"
"9930111J21Rik2",0.91604315889633,2.1396569970493,11.7926239792317,0.00379761819002241,0.0277671365866328,"9930111J21Rik2",2.89450090164735,"ENSMUSG00000069892.9",TRUE,"ENSMUSG00000069892",NA,NA
"Foxo3",0.275248096816824,6.35741589900484,11.7856083390465,0.00380550783149394,0.0278120363254817,"Foxo3",2.89384927834301,"ENSMUSG00000048756.11",FALSE,"ENSMUSG00000048756","ENSG00000118689","FOXO3"
"Vwf",1.25814483900819,1.7648992920577,11.7799446637725,0.0038118907655985,0.0278458883074474,"Vwf",2.89332299511952,"ENSMUSG00000001930.17",TRUE,"ENSMUSG00000001930","ENSG00000110799","VWF"
"Foxp4",0.272393530391674,5.68179568897904,11.7709565796344,0.00382204545574245,0.0279072492574252,"Foxp4",2.89248737256484,"ENSMUSG00000023991.16",FALSE,"ENSMUSG00000023991","ENSG00000137166","FOXP4"
"Amigo1",-0.394278724896055,4.25995026037745,11.7644110938773,0.00382945999173826,0.0279485554146919,"Amigo1",-2.89187850869193,"ENSMUSG00000050947.9",FALSE,"ENSMUSG00000050947","ENSG00000181754","AMIGO1"
"Selenoi",0.440600363668295,4.94909705330927,11.7398053307105,0.00385748029876966,0.0281401418308871,"Selenoi",2.88958717934364,"ENSMUSG00000075703.15",FALSE,"ENSMUSG00000075703","ENSG00000138018","SELENOI"
"4833411C07Rik",-2.31600636307729,-0.0749557883131465,11.7342314887076,0.00386386017083212,0.0281737589622848,"4833411C07Rik",-2.88906758641423,"ENSMUSG00000109089.1",FALSE,"ENSMUSG00000109089",NA,NA
"Map3k4",-0.381120600302712,4.82383729247493,11.7287136777996,0.00387018780490043,0.028206964556064,"Map3k4",-2.8885530171591,"ENSMUSG00000014426.9",TRUE,"ENSMUSG00000014426","ENSG00000085511","MAP3K4"
"Ssr1",0.262227581957067,7.80846657648855,11.7197359748337,0.00388050848258025,0.0282692287670516,"Ssr1",2.88771536735456,"ENSMUSG00000021427.10",TRUE,"ENSMUSG00000021427","ENSG00000124783","SSR1"
"B4galt4",0.408815009337291,3.95113222662712,11.7131831538274,0.00388806142508585,0.0283112824373353,"B4galt4",2.88710363474485,"ENSMUSG00000022793.17",TRUE,"ENSMUSG00000022793","ENSG00000121578","B4GALT4"
"Exosc7",-0.546133345086882,2.98741265056532,11.7108110642856,0.00389079969985799,0.0283138585858864,"Exosc7",-2.88688212128524,"ENSMUSG00000025785.5",TRUE,"ENSMUSG00000025785","ENSG00000075914","EXOSC7"
"Slc35c1",0.448018804146029,3.90275836011308,11.7097926260356,0.00389197603400287,0.0283138585858864,"Slc35c1",2.88678700490536,"ENSMUSG00000049922.8",FALSE,"ENSMUSG00000049922","ENSG00000181830","SLC35C1"
"Rasl12",0.372621124387137,4.5163866462693,11.7049385609253,0.00389758825569061,0.0283417220074292,"Rasl12",2.88633356937495,"ENSMUSG00000041696.14",FALSE,"ENSMUSG00000041696","ENSG00000103710","RASL12"
"Igtp",-0.381270105761532,4.92819102943343,11.6897975947659,0.0039151536773972,0.02844588613252,"Igtp",-2.88491820622952,"ENSMUSG00000078853.8",FALSE,"ENSMUSG00000078853","ENSG00000237693","IRGM"
"Acyp1",-0.910552855423582,2.03056829581271,11.6895080585437,0.0039154904574034,0.02844588613252,"Acyp1",-2.88489112601265,"ENSMUSG00000008822.15",TRUE,"ENSMUSG00000008822",NA,NA
"Aen",0.427254468614318,3.78207605161763,11.6821240454335,0.00392409053804278,0.0284953478659792,"Aen",2.88420031603119,"ENSMUSG00000030609.18",FALSE,"ENSMUSG00000030609","ENSG00000181026","AEN"
"Zfp36l2",0.284825683964778,7.95916100990401,11.6762542028678,0.00393094250450066,0.0285320760607367,"Zfp36l2",2.8836509085369,"ENSMUSG00000045817.8",FALSE,"ENSMUSG00000045817","ENSG00000152518","ZFP36L2"
"Fam117b",0.412404571714654,4.13957055536581,11.673625680588,0.00393401526068649,0.0285413525048802,"Fam117b",2.88340480982317,"ENSMUSG00000041040.12",FALSE,"ENSMUSG00000041040","ENSG00000138439","FAM117B"
"Cdh10",-3.21369756977087,-0.852600120219803,11.6709286840941,0.00393717092101034,0.0285420136630551,"Cdh10",-2.88315225290384,"ENSMUSG00000022321.15",FALSE,"ENSMUSG00000022321","ENSG00000040731","CDH10"
"Obsl1",0.280566679919683,5.98847967932369,11.6704802446661,0.00393769590497031,0.0285420136630551,"Obsl1",2.88311025470653,"ENSMUSG00000026211.17",FALSE,"ENSMUSG00000026211","ENSG00000124006","OBSL1"
"1810055G02Rik",0.310996563050254,5.96881533591567,11.6680837760576,0.00394050278729522,0.0285493466179298,"1810055G02Rik",2.88288579313594,"ENSMUSG00000035372.2",FALSE,"ENSMUSG00000035372","ENSG00000171067","C11orf24"
"Tbcd",0.290160796373229,5.52185254787004,11.6527145359131,0.00395855865516076,0.0286412995766639,"Tbcd",2.88144535782717,"ENSMUSG00000039230.14",TRUE,"ENSMUSG00000039230","ENSG00000141556","TBCD"
"Carm1",0.333317114233262,5.89740942848291,11.6526815347458,0.00395859752685073,0.0286412995766639,"Carm1",2.88144226321833,"ENSMUSG00000032185.15",FALSE,"ENSMUSG00000032185","ENSG00000142453","CARM1"
"Timp2",-0.254103830198812,11.4612109516826,11.6497480309862,0.0039620546126076,0.0286532762638921,"Timp2",-2.88116715192855,"ENSMUSG00000017466.9",FALSE,"ENSMUSG00000017466","ENSG00000035862","TIMP2"
"Slc44a2",0.278133868131569,6.86123043669076,11.6448883660539,0.00396778925327296,0.0286817056794545,"Slc44a2",2.8807112755112,"ENSMUSG00000057193.8",TRUE,"ENSMUSG00000057193","ENSG00000129353","SLC44A2"
"Slc2a10",0.320709831405084,5.2870389865656,11.6305390530725,0.00398477765212921,0.028788341929306,"Slc2a10",2.87936428208549,"ENSMUSG00000027661.4",FALSE,"ENSMUSG00000027661","ENSG00000197496","SLC2A10"
"Slc36a2",1.00433490101998,3.76017718072494,11.6293731284677,0.0039861616631033,0.028788341929306,"Slc36a2",2.87925477504805,"ENSMUSG00000020264.5",FALSE,"ENSMUSG00000020264","ENSG00000186335","SLC36A2"
"Fam81a",1.73736629104029,0.23645355223806,11.6268319202283,0.00398918011138522,0.0287970636910391,"Fam81a",2.87901606619867,"ENSMUSG00000032224.15",FALSE,"ENSMUSG00000032224","ENSG00000157470","FAM81A"
"Pi15",-0.347185267636015,6.42393359584588,11.6112730302062,0.00400771810660361,0.0289177590967864,"Pi15",-2.87755360664257,"ENSMUSG00000067780.3",FALSE,"ENSMUSG00000067780","ENSG00000137558","PI15"
"Wdr36",-0.354463801285718,4.78173309939556,11.6029186174538,0.00401771283524279,0.0289767288974449,"Wdr36",-2.87676767041541,"ENSMUSG00000038299.16",TRUE,"ENSMUSG00000038299","ENSG00000134987","WDR36"
"Psme1",-0.286272423046443,6.04082607100201,11.5966968934675,0.0040251746747751,0.0290173856994326,"Psme1",-2.87618206450811,"ENSMUSG00000022216.17",FALSE,"ENSMUSG00000022216","ENSG00000092010","PSME1"
"Met",-0.569410925608434,4.16261864725232,11.5659404972337,0.00406229524041991,0.0292717178107829,"Met",-2.87328340374944,"ENSMUSG00000009376.15",FALSE,"ENSMUSG00000009376","ENSG00000105976","MET"
"Wdfy2",-0.336886788851425,5.94216441367203,11.5580676855861,0.00407185998810957,0.0293273502676207,"Wdfy2",-2.87254041060112,"ENSMUSG00000014547.10",FALSE,"ENSMUSG00000014547","ENSG00000139668","WDFY2"
"Slc22a5",-0.402787624207762,4.54320779785278,11.5394672302925,0.00409456040719724,0.0294774984860379,"Slc22a5",-2.87078335489796,"ENSMUSG00000018900.7",FALSE,"ENSMUSG00000018900","ENSG00000197375","SLC22A5"
"Mpnd",0.33730380894527,5.14332958758122,11.5219663084699,0.00411605127527018,0.0296188069821818,"Mpnd",2.86912804835134,"ENSMUSG00000003199.16",FALSE,"ENSMUSG00000003199","ENSG00000008382","MPND"
"Rdm1",-0.576348872470093,3.12629500099356,11.5049193094088,0.00413710894590155,0.029742653337421,"Rdm1",-2.86751369818942,"ENSMUSG00000010362.9",TRUE,"ENSMUSG00000010362","ENSG00000278023","RDM1"
"Srgap2",-0.306509421965719,6.02673877150902,11.5038442869049,0.00413844101823694,0.029742653337421,"Srgap2",-2.86741182807896,"ENSMUSG00000026425.15",FALSE,"ENSMUSG00000026425","ENSG00000171943","SRGAP2C"
"Sord",-0.430696752554748,4.5412026219479,11.5034960278279,0.00413887265520421,0.029742653337421,"Sord",-2.86737882506352,"ENSMUSG00000027227.7",FALSE,"ENSMUSG00000027227","ENSG00000140263","SORD"
"4933408B17Rik",-2.66497054410865,-0.151259822445437,11.492784545929,0.00415217380940981,0.0298247606553948,"4933408B17Rik",-2.86636334498301,"ENSMUSG00000049357.11",FALSE,"ENSMUSG00000049357",NA,NA
"H13",0.257772538443264,6.87948695648226,11.4910069026285,0.00415438595689678,0.0298271782720223,"H13",2.86619474433613,"ENSMUSG00000019188.16",TRUE,"ENSMUSG00000019188","ENSG00000101294","HM13"
"Herc3",0.756254552049988,2.31435189924627,11.4784535117968,0.00417004619296997,0.029926103161914,"Herc3",2.86500351051773,"ENSMUSG00000029804.17",TRUE,"ENSMUSG00000029804","ENSG00000287542",""
"Rasgrf2",1.92774647872229,0.413261636433085,11.4681757224582,0.00418291795757092,0.0300049365264999,"Rasgrf2",2.86402742361807,"ENSMUSG00000021708.17",TRUE,"ENSMUSG00000021708","ENSG00000113319","RASGRF2"
"Tmpo",-0.278570070149136,5.44915395662232,11.4431080017951,0.00421450361577573,0.0302178769168988,"Tmpo",-2.86164372981416,"ENSMUSG00000019961.17",FALSE,"ENSMUSG00000019961",NA,NA
"Snu13",-0.358556511220357,4.62724334437908,11.4300952919244,0.00423100739537571,0.0303225374532041,"Snu13",-2.86040466765744,"ENSMUSG00000063480.8",TRUE,"ENSMUSG00000063480","ENSG00000100138","SNU13"
"Snrnp70",-0.307010793064681,7.10099478230058,11.4261659510429,0.00423600543909887,0.0303446822063015,"Snrnp70",-2.86003029193183,"ENSMUSG00000063511.11",FALSE,"ENSMUSG00000063511","ENSG00000104852","SNRNP70"
"Edf1",0.337308039676108,5.92883957240904,11.4210887879817,0.00424247350123183,0.0303691576978971,"Edf1",2.8595463995542,"ENSMUSG00000015092.9",FALSE,"ENSMUSG00000015092","ENSG00000107223","EDF1"
"Prpf4b",-0.295441879008171,6.12550486518712,11.4204865867342,0.00424324142644327,0.0303691576978971,"Prpf4b",-2.85948899353577,"ENSMUSG00000021413.9",FALSE,"ENSMUSG00000021413","ENSG00000112739","PRPF4B"
"Ctsz",0.24670187201015,7.81227420793917,11.4165982579541,0.00424820364381181,0.0303909952980383,"Ctsz",2.85911827146965,"ENSMUSG00000016256.10",FALSE,"ENSMUSG00000016256","ENSG00000101160","CTSZ"
"Il33",0.372003032305494,7.50943811268287,11.412027907917,0.00425404473966378,0.0304054552206026,"Il33",2.85868239221127,"ENSMUSG00000024810.16",FALSE,"ENSMUSG00000024810","ENSG00000137033","IL33"
"Mxra8",0.240405025353974,8.97910599741498,11.409824427351,0.00425686416304402,0.0304054552206026,"Mxra8",2.85847219298085,"ENSMUSG00000029070.9",FALSE,"ENSMUSG00000029070","ENSG00000162576","MXRA8"
"6720427I07Rik",-1.1696699673822,1.14217527209853,11.4087669926942,0.00425821794379509,0.0304054552206026,"6720427I07Rik",-2.85837130810374,"ENSMUSG00000097375.3",TRUE,"ENSMUSG00000097375",NA,NA
"Trpc3",-0.620227440942361,3.15179351666065,11.4085495655835,0.00425849636594265,0.0304054552206026,"Trpc3",-2.85835056345811,"ENSMUSG00000027716.13",FALSE,"ENSMUSG00000027716","ENSG00000138741","TRPC3"
"Ttl",0.323261923484726,4.99190943390948,11.4075437746995,0.00425978458350642,0.0304054552206026,"Ttl",2.85825459709944,"ENSMUSG00000027394.13",FALSE,"ENSMUSG00000027394","ENSG00000114999","TTL"
"Atp1b1",-0.40767545035588,4.7979956730318,11.4056144203554,0.00426225695048555,0.030409453693841,"Atp1b1",-2.85807049069249,"ENSMUSG00000026576.12",FALSE,"ENSMUSG00000026576","ENSG00000143153","ATP1B1"
"Dgat2",-0.985505583632205,1.31083710507003,11.3926092883917,0.00427896526785076,0.030501292987284,"Dgat2",-2.85682882778927,"ENSMUSG00000030747.5",TRUE,"ENSMUSG00000030747","ENSG00000062282","DGAT2"
"Egr3",0.258940628960926,6.5686696235392,11.3870090253586,0.00428618328058274,0.030539055874152,"Egr3",2.85629378742598,"ENSMUSG00000033730.4",FALSE,"ENSMUSG00000033730","ENSG00000179388","EGR3"
"Shisa5",0.252787526481138,7.61878842313886,11.3748311028979,0.0043019272042549,0.0306375048496487,"Shisa5",2.85512958669745,"ENSMUSG00000025647.16",TRUE,"ENSMUSG00000025647","ENSG00000164054","SHISA5"
"Egfl8",-1.44648968040385,1.32404855339495,11.3719211568749,0.00430569904843262,0.0306381057322896,"Egfl8",-2.85485124749459,"ENSMUSG00000015467.14",TRUE,"ENSMUSG00000015467","ENSG00000241404","EGFL8"
"Stk19",-0.444615206612645,4.11040315805155,11.371793425589,0.00430586469921821,0.0306381057322896,"Stk19",-2.85483902854091,"ENSMUSG00000061207.11",TRUE,"ENSMUSG00000061207","ENSG00000204344","STK19"
"Tm9sf4",0.252967670463361,6.66653302847602,11.3623357708953,0.00431815033487823,0.0307117820999859,"Tm9sf4",2.85393398502975,"ENSMUSG00000068040.10",FALSE,"ENSMUSG00000068040","ENSG00000101337","TM9SF4"
"Akt3",0.314909068699856,5.63168449553905,11.3528456303164,0.0043305185227311,0.0307859794666932,"Akt3",2.85302521533447,"ENSMUSG00000019699.16",FALSE,"ENSMUSG00000019699","ENSG00000117020","AKT3"
"Fam184b",-3.57915455643331,-1.93985098428409,11.3509210511878,0.00433303170667348,0.0307900818727562,"Fam184b",-2.85284084337615,"ENSMUSG00000015879.8",FALSE,"ENSMUSG00000015879","ENSG00000047662","FAM184B"
"Trim30a",-0.32939673360831,5.49502800249401,11.3489876987797,0.00433555802833909,0.0307942739279484,"Trim30a",-2.85265560529629,"ENSMUSG00000030921.17",TRUE,"ENSMUSG00000030921","ENSG00000239920",""
"Setdb2",-0.519425720026817,3.48214452639729,11.3472921009649,0.00433777506283199,0.0307962664393826,"Setdb2",-2.85249312575581,"ENSMUSG00000071350.12",FALSE,"ENSMUSG00000071350","ENSG00000136169","SETDB2"
"Tnni1",2.42051379976398,-0.828919937595025,11.3388232395772,0.00434886774867185,0.0308556471622917,"Tnni1",2.85168130639078,"ENSMUSG00000026418.16",TRUE,"ENSMUSG00000026418","ENSG00000159173","TNNI1"
"Fads1",-0.283049718611492,6.15325368095797,11.3379452970456,0.00435001955215103,0.0308556471622917,"Fads1",-2.85159711914729,"ENSMUSG00000010663.5",TRUE,"ENSMUSG00000010663","ENSG00000149485","FADS1"
"1500009L16Rik",0.565354833569226,2.95910298352187,11.3321936326273,0.00435757400582563,0.0308862357562811,"1500009L16Rik",2.85104545188498,"ENSMUSG00000087651.3",FALSE,"ENSMUSG00000087651","ENSG00000235162","C12orf75"
"Adcy2",0.449953387788614,3.88836755754551,11.3316196045562,0.00435832877994471,0.0308862357562811,"Adcy2",2.85099038182577,"ENSMUSG00000021536.7",FALSE,"ENSMUSG00000021536","ENSG00000078295","ADCY2"
"Pla2g15",0.373992290438125,5.6506797888254,11.3302285851327,0.00436015841494378,0.0308862357562811,"Pla2g15",2.85085692331129,"ENSMUSG00000031903.7",FALSE,"ENSMUSG00000031903","ENSG00000103066","PLA2G15"
"Cybrd1",1.26827892337094,0.871032299826287,11.3286251630815,0.00436226851833025,0.0308874248650962,"Cybrd1",2.85070306969843,"ENSMUSG00000027015.4",FALSE,"ENSMUSG00000027015","ENSG00000071967","CYBRD1"
"Rasgef1a",-1.45780902773425,0.800494874108055,11.3243209679602,0.0043679386226942,0.0309138085966648,"Rasgef1a",-2.8502899802939,"ENSMUSG00000030134.11",TRUE,"ENSMUSG00000030134","ENSG00000198915","RASGEF1A"
"C1rl",0.468631484559003,3.4779642395226,11.318516332077,0.00437559869035867,0.03094893721834,"C1rl",2.84973268548685,"ENSMUSG00000038527.9",FALSE,"ENSMUSG00000038527","ENSG00000139178","C1RL"
"Nbea",-0.327523659076898,4.71873775492702,11.3176113718247,0.00437679430321617,0.03094893721834,"Nbea",-2.8496457805694,"ENSMUSG00000027799.12",TRUE,"ENSMUSG00000027799","ENSG00000172915","NBEA"
"Nipal2",-0.5009004488103,3.35272194870288,11.3048692901768,0.00439366862168577,0.031054449818075,"Nipal2",-2.84842153490565,"ENSMUSG00000038879.8",FALSE,"ENSMUSG00000038879","ENSG00000104361","NIPAL2"
"Phka2",-0.379476997078996,4.23352914301996,11.3007691764049,0.00439911422587427,0.0310791264034112,"Phka2",-2.84802736136438,"ENSMUSG00000031295.13",FALSE,"ENSMUSG00000031295","ENSG00000044446","PHKA2"
"Cep95",-0.475212914072061,3.24750969550782,11.2937458569995,0.00440846027740821,0.0311313249518751,"Cep95",-2.8473518883041,"ENSMUSG00000018372.13",TRUE,"ENSMUSG00000018372","ENSG00000258890","CEP95"
"Amigo3",0.449145816979692,3.47955541319468,11.2902724952045,0.00441309073921649,0.0311501917557744,"Amigo3",2.8470177087072,"ENSMUSG00000032593.5",FALSE,"ENSMUSG00000032593","ENSG00000176020","AMIGO3"
"Mpv17l",1.00244974436341,1.31965815248357,11.2878726522003,0.00441629330779749,0.0311589673797265,"Mpv17l",2.8467867657641,"ENSMUSG00000022679.13",FALSE,"ENSMUSG00000022679","ENSG00000261130",""
"Mark4",0.30130176910162,5.06472005249317,11.2859766791268,0.00441882534808209,0.0311630064348335,"Mark4",2.84660428323058,"ENSMUSG00000030397.10",TRUE,"ENSMUSG00000030397","ENSG00000007047","MARK4"
"Gpnmb",0.318299464139644,8.12206496381806,11.2828005114728,0.00442307079199237,0.0311764410357286,"Gpnmb",2.84629852933488,"ENSMUSG00000029816.10",FALSE,"ENSMUSG00000029816","ENSG00000136235","GPNMB"
"Xab2",-0.320117160808698,4.81384741109465,11.281619072336,0.00442465116126765,0.0311764410357286,"Xab2",-2.84618478017573,"ENSMUSG00000019470.12",TRUE,"ENSMUSG00000019470","ENSG00000076924","XAB2"
"Thoc1",-0.339828053322425,4.52973965263217,11.2784824987288,0.00442884998207859,0.0311922060518139,"Thoc1",-2.84588274329284,"ENSMUSG00000024287.8",FALSE,"ENSMUSG00000024287","ENSG00000079134","THOC1"
"Kmt5c",-0.379090275888296,4.75095778034613,11.2767743457187,0.00443113854499851,0.0311945091992525,"Kmt5c",-2.84571822765625,"ENSMUSG00000059851.15",TRUE,"ENSMUSG00000059851","ENSG00000133247","KMT5C"
"Med31",-0.564543372001871,2.98632723786364,11.2675717262904,0.0044434914246569,0.0312676301443888,"Med31",-2.8448315558305,"ENSMUSG00000020801.8",TRUE,"ENSMUSG00000020801","ENSG00000108590","MED31"
"Znhit6",-0.509408097562813,3.49768702463756,11.2655517117915,0.00444620820896263,0.03127119908182,"Znhit6",-2.84463684868289,"ENSMUSG00000074182.8",TRUE,"ENSMUSG00000074182","ENSG00000117174","ZNHIT6"
"Xylt1",0.312175531529434,5.37771782592473,11.2642712315476,0.00444793135402609,0.03127119908182,"Xylt1",2.84451340977911,"ENSMUSG00000030657.11",FALSE,"ENSMUSG00000030657","ENSG00000103489","XYLT1"
"Itm2b",-0.257607698327988,10.251301958973,11.2574811530525,0.00445708156430372,0.0313216827738056,"Itm2b",-2.84385865212364,"ENSMUSG00000022108.8",TRUE,"ENSMUSG00000022108","ENSG00000136156","ITM2B"
"Ccdc85a",-1.3806592266594,1.20026243965703,11.2547138906653,0.00446081686649998,0.0313340859664086,"Ccdc85a",-2.84359171676716,"ENSMUSG00000032878.16",TRUE,"ENSMUSG00000032878","ENSG00000055813","CCDC85A"
"Irx3",0.888738730233232,2.23983870028472,11.2494306447398,0.0044679582478304,0.0313703929427138,"Irx3",2.84308193656729,"ENSMUSG00000031734.13",FALSE,"ENSMUSG00000031734","ENSG00000177508","IRX3"
"Klhl7",-0.323924211287711,4.99153337313691,11.245409936252,0.00447340182495292,0.0313947525252543,"Klhl7",-2.84269384803238,"ENSMUSG00000028986.12",FALSE,"ENSMUSG00000028986","ENSG00000122550","KLHL7"
"Zfp516",0.286639985879251,5.59619560413761,11.2350649377185,0.00448744270165098,0.0314700496754276,"Zfp516",2.84169480466133,"ENSMUSG00000058881.13",FALSE,"ENSMUSG00000058881","ENSG00000101493","ZNF516"
"F11r",1.10077427387451,1.44979893711147,11.234589962245,0.00448808857849901,0.0314700496754276,"F11r",2.8416489170854,"ENSMUSG00000038235.4",TRUE,"ENSMUSG00000038235","ENSG00000158769","F11R"
"Kin",-0.516710571349702,3.40903365130373,11.2275030926048,0.00449773803396904,0.031523811350467,"Kin",-2.84096406424261,"ENSMUSG00000037262.7",TRUE,"ENSMUSG00000037262","ENSG00000151657","KIN"
"Lhfpl4",-1.34245311095126,0.79959599151876,11.2219165594046,0.00450536138162798,0.0315633313004536,"Lhfpl4",-2.8404239513985,"ENSMUSG00000042873.11",FALSE,"ENSMUSG00000042873","ENSG00000156959","LHFPL4"
"Slc11a2",0.402962318672813,5.89149198408211,11.2002019416592,0.00453513385191616,0.0317579188229954,"Slc11a2",2.83832247730016,"ENSMUSG00000023030.16",FALSE,"ENSMUSG00000023030","ENSG00000110911","SLC11A2"
"Rrs1",-0.421100211821224,4.18831058263102,11.1884784193981,0.00455130134283016,0.0318571061861919,"Rrs1",-2.83718653389026,"ENSMUSG00000061024.8",FALSE,"ENSMUSG00000061024","ENSG00000179041","RRS1"
"Ppp2r2a",-0.265907458557021,5.80663913374198,11.1781769741474,0.00456556218761418,0.0319428664626609,"Ppp2r2a",-2.83618758316996,"ENSMUSG00000022052.9",TRUE,"ENSMUSG00000022052","ENSG00000221914","PPP2R2A"
"Acot9",-0.313556770464159,5.67709078522653,11.1744614744176,0.00457071830345859,0.0319648782673272,"Acot9",-2.83582710057013,"ENSMUSG00000025287.15",TRUE,"ENSMUSG00000025287","ENSG00000123130","ACOT9"
"Cyp2d22",-0.469932215693996,5.32711930109911,11.1710814520125,0.0045754146592413,0.0319836568465558,"Cyp2d22",-2.83549908182811,"ENSMUSG00000061740.8",TRUE,"ENSMUSG00000061740","ENSG00000100197","CYP2D6"
"Lrrc75b",1.11701980429864,1.06826565592749,11.1613606288053,0.00458895203568656,0.0320641934198258,"Lrrc75b",2.83455526216801,"ENSMUSG00000046807.10",FALSE,"ENSMUSG00000046807","ENSG00000178026","LRRC75B"
"Cerk",-0.35168601857886,5.3907432533332,11.1490505537073,0.00460616111071105,0.032168444860942,"Cerk",-2.83335908694724,"ENSMUSG00000035891.16",FALSE,"ENSMUSG00000035891","ENSG00000100422","CERK"
"Prep",0.319345558984393,5.34143913375557,11.147796885837,0.0046079178389754,0.032168444860942,"Prep",2.83323720734604,"ENSMUSG00000019849.11",FALSE,"ENSMUSG00000019849","ENSG00000085377","PREP"
"Rgl1",-0.260902588531118,6.74457228144376,11.1327111364071,0.00462911733262948,0.0323022610534474,"Rgl1",-2.83176972142547,"ENSMUSG00000026482.13",FALSE,"ENSMUSG00000026482","ENSG00000143344","RGL1"
"Ap2s1",0.266227471481824,5.76599373031167,11.1280168004307,0.00463573689185113,0.0323320948734352,"Ap2s1",2.83131274447481,"ENSMUSG00000008036.11",FALSE,"ENSMUSG00000008036","ENSG00000042753","AP2S1"
"Copg2",-0.327923461090998,4.99999706355077,11.1267968981185,0.00463745886979222,0.0323320948734352,"Copg2",-2.83119396570036,"ENSMUSG00000025607.15",FALSE,"ENSMUSG00000025607","ENSG00000158623","COPG2"
"Vamp4",-0.311679542324756,4.85253677173755,11.1138814797103,0.00465573489023151,0.0324452900785941,"Vamp4",-2.82993577567955,"ENSMUSG00000026696.15",FALSE,"ENSMUSG00000026696","ENSG00000117533","VAMP4"
"Lix1l",0.243564747825378,7.44218025482388,11.1033075304124,0.00467075902360443,0.0325298618742673,"Lix1l",2.82890480254259,"ENSMUSG00000049288.4",FALSE,"ENSMUSG00000049288","ENSG00000271601","LIX1L"
"Srsf3",-0.281200168859984,7.39785773119141,11.1024628795114,0.00467196154944517,0.0325298618742673,"Srsf3",-2.82882241368377,"ENSMUSG00000071172.13",FALSE,"ENSMUSG00000071172","ENSG00000112081","SRSF3"
"Casp6",0.401294366863473,4.25048763914022,11.0981528201747,0.0046781032852429,0.0325471062107014,"Casp6",2.82840192309166,"ENSMUSG00000027997.9",FALSE,"ENSMUSG00000027997","ENSG00000138794","CASP6"
"Pten",0.268749679320986,6.80242277807705,11.0978526280373,0.00467853139644491,0.0325471062107014,"Pten",2.82837263132872,"ENSMUSG00000013663.7",TRUE,"ENSMUSG00000013663","ENSG00000171862","PTEN"
"Cnmd",-2.55587585126697,-0.352426170752047,11.09636551335,0.00468065286807956,0.0325476268303757,"Cnmd",-2.82822751408222,"ENSMUSG00000022025.13",FALSE,"ENSMUSG00000022025","ENSG00000136110","CNMD"
"Unc119b",-0.312662590559635,5.63363845901847,11.0944357859706,0.00468340739962146,0.0325525471486801,"Unc119b",-2.82803918180249,"ENSMUSG00000046562.5",TRUE,"ENSMUSG00000046562","ENSG00000175970","UNC119B"
"Ctps",0.461105776106926,6.00930104878506,11.0848738136606,0.00469708376803329,0.032633343452614,"Ctps",2.82710558626408,"ENSMUSG00000028633.7",FALSE,"ENSMUSG00000028633","ENSG00000171793","CTPS1"
"Ppox",-0.429085251453044,4.93227189592906,11.07817338663,0.00470669455782248,0.032685835612686,"Ppox",-2.82645099214391,"ENSMUSG00000062729.11",TRUE,"ENSMUSG00000062729","ENSG00000143224","PPOX"
"Zcchc7",-0.361152002195676,4.8813554538593,11.0725325237928,0.00471480301856809,0.0327182687125261,"Zcchc7",-2.82589966254821,"ENSMUSG00000035649.17",FALSE,"ENSMUSG00000035649","ENSG00000147905","ZCCHC7"
"Dusp8",-0.372965004085398,4.89535406954663,11.0699177365252,0.00471856707103769,0.0327182687125261,"Dusp8",-2.82564401985386,"ENSMUSG00000037887.11",FALSE,"ENSMUSG00000037887","ENSG00000184545","DUSP8"
"S1pr2",0.285451708222795,5.77728152128473,11.0698093272343,0.00471872320323556,0.0327182687125261,"S1pr2",2.82563341983022,"ENSMUSG00000043895.6",FALSE,"ENSMUSG00000043895","ENSG00000267534","S1PR2"
"Prr7",0.993180011720601,1.63742794775951,11.0692045507736,0.0047195943172065,0.0327182687125261,"Prr7",2.82557428456466,"ENSMUSG00000034686.8",TRUE,"ENSMUSG00000034686","ENSG00000131188","PRR7"
"Trpm6",0.643818141602226,2.98746721653617,11.0644515095468,0.00472644696508733,0.0327496245771658,"Trpm6",2.82510943922955,"ENSMUSG00000024727.9",FALSE,"ENSMUSG00000024727","ENSG00000119121","TRPM6"
"Zfp810",0.603168717705664,3.36406449415445,11.0632118821431,0.00472823605792446,0.0327496245771658,"Zfp810",2.82498817760111,"ENSMUSG00000066829.7",FALSE,"ENSMUSG00000066829",NA,NA
"Grk3",-1.01606678684548,1.29907120169032,11.0514306348114,0.00474527811451798,0.0328533556182758,"Grk3",-2.82383517378582,"ENSMUSG00000042249.11",TRUE,"ENSMUSG00000042249","ENSG00000100077","GRK3"
"Fkbp9",0.238749237210574,9.43490296065973,11.0408238663561,0.00476068143547012,0.0329456557303226,"Fkbp9",2.82279626105756,"ENSMUSG00000029781.7",FALSE,"ENSMUSG00000029781","ENSG00000122642","FKBP9"
"Uhrf1",0.687251248439706,2.34338506420775,11.0393935797011,0.00476276289892228,0.03294572352395,"Uhrf1",2.82265610533217,"ENSMUSG00000001228.14",FALSE,"ENSMUSG00000001228","ENSG00000276043","UHRF1"
"Igf2r",0.339798069367973,8.3168204479877,11.033274011353,0.00477168034368271,0.0329930576111244,"Igf2r",2.82205627434762,"ENSMUSG00000023830.14",FALSE,"ENSMUSG00000023830","ENSG00000197081","IGF2R"
"Ifitm1",0.538500570585876,4.26973441342091,11.0096017439797,0.00480635611881832,0.0332183752097209,"Ifitm1",2.81973341317585,"ENSMUSG00000025491.14",FALSE,"ENSMUSG00000025491",NA,NA
"Srxn1",-0.359343118352638,6.69934537640497,11.0048166492754,0.00481340046749791,0.0332526097457078,"Srxn1",-2.81926338032723,"ENSMUSG00000032802.8",TRUE,"ENSMUSG00000032802","ENSG00000271303","SRXN1"
"Nod1",0.318629114096132,6.00501499601906,10.9993689983242,0.00482143459197004,0.0332752524193259,"Nod1",2.81872806405271,"ENSMUSG00000038058.14",TRUE,"ENSMUSG00000038058","ENSG00000106100","NOD1"
"Rel",-0.388291029604546,4.20820222824592,10.9992404222907,0.00482162439965595,0.0332752524193259,"Rel",-2.81871542686854,"ENSMUSG00000020275.9",FALSE,"ENSMUSG00000020275","ENSG00000162924","REL"
"Chmp6",0.357492627231425,4.61953171604018,10.9983390867915,0.00482295521766624,0.0332752524193259,"Chmp6",2.8186268351289,"ENSMUSG00000025371.12",FALSE,"ENSMUSG00000025371","ENSG00000176108","CHMP6"
"Slc20a2",0.407580907189814,4.54047050926441,10.9875358501131,0.00483893893292202,0.0333710519732259,"Slc20a2",2.81756453361085,"ENSMUSG00000037656.9",FALSE,"ENSMUSG00000037656","ENSG00000168575","SLC20A2"
"Lbp",-0.25028463612311,9.19305920832664,10.9853060046555,0.0048422456050758,0.0333793809525446,"Lbp",-2.81734516366769,"ENSMUSG00000016024.9",FALSE,"ENSMUSG00000016024","ENSG00000129988","LBP"
"Gm16894",-3.27557769811124,-1.42941019963008,10.9807331891349,0.00484903480211771,0.033411698638682,"Gm16894",-2.81689518192655,"ENSMUSG00000097899.2",FALSE,"ENSMUSG00000097899",NA,NA
"Itgb6",-2.52634171537706,-0.620873301724782,10.9751242367727,0.0048573772297051,0.0334546860476397,"Itgb6",-2.81634303338062,"ENSMUSG00000026971.15",FALSE,"ENSMUSG00000026971","ENSG00000115221","ITGB6"
"Scpep1",0.265627646982914,8.12974476733767,10.9588379627095,0.00488169379513957,0.0336076088416037,"Scpep1",2.8147385078885,"ENSMUSG00000000278.10",FALSE,"ENSMUSG00000000278","ENSG00000121064","SCPEP1"
"P2ry10b",0.430390228594921,4.31456629890843,10.9568597952526,0.0048846568244113,0.0336134562867213,"P2ry10b",2.81454348723626,"ENSMUSG00000054293.10",FALSE,"ENSMUSG00000054293",NA,NA
"Fli1",0.848037864643451,1.82068009999002,10.9514281768187,0.00489280325811674,0.0336549525146325,"Fli1",2.8140078563399,"ENSMUSG00000016087.13",TRUE,"ENSMUSG00000016087","ENSG00000151702","FLI1"
"Sec24d",0.261821948361726,7.9523667730641,10.944718359636,0.00490288824932896,0.0337097413874096,"Sec24d",2.81334588101144,"ENSMUSG00000039234.11",FALSE,"ENSMUSG00000039234","ENSG00000150961","SEC24D"
"Lrrc4b",-2.65140278377669,-1.41531907782346,10.9427518577727,0.00490584845134617,0.0337155176844244,"Lrrc4b",-2.81315180820343,"ENSMUSG00000047085.14",FALSE,"ENSMUSG00000047085","ENSG00000131409","LRRC4B"
"Ankrd46",-0.280559462943351,5.77059827477844,10.9394109600188,0.00491088224448818,0.0337228718058082,"Ankrd46",-2.8128220324686,"ENSMUSG00000048307.8",TRUE,"ENSMUSG00000048307","ENSG00000186106","ANKRD46"
"Ydjc",0.949738587830331,1.45526475180341,10.9392269955717,0.00491115959895943,0.0337228718058082,"Ydjc",2.8128038712079,"ENSMUSG00000041774.16",FALSE,"ENSMUSG00000041774","ENSG00000161179","YDJC"
"6720468P15Rik",2.88898462862631,-1.28128511649553,10.9369023252792,0.00491466594033276,0.0337323834480414,"6720468P15Rik",2.81257435480237,"ENSMUSG00000117655.1",FALSE,"ENSMUSG00000117655",NA,NA
"Snap47",0.305811724400767,5.03503867863992,10.9260280798245,0.0049311058801558,0.0338306198499214,"Snap47",2.81150020839409,"ENSMUSG00000009894.15",FALSE,"ENSMUSG00000009894","ENSG00000143740","SNAP47"
"Chst7",-0.829812433266617,1.81059894265385,10.9194913492643,0.00494101857174362,0.0338840096362393,"Chst7",-2.81085410105802,"ENSMUSG00000037347.7",TRUE,"ENSMUSG00000037347","ENSG00000147119","CHST7"
"Cirbp",-0.380537408002057,5.51460927697527,10.9150614104218,0.00494774937277638,0.033915542360027,"Cirbp",-2.81041605667711,"ENSMUSG00000045193.13",FALSE,"ENSMUSG00000045193","ENSG00000099622","CIRBP"
"Fam217b",0.813906137246878,2.24800312849098,10.9124960480198,0.00495165195807319,0.0339276695774399,"Fam217b",2.81016232096377,"ENSMUSG00000070476.10",TRUE,"ENSMUSG00000070476","ENSG00000196227","FAM217B"
"Tmem28",-1.59047381849366,1.08658145786163,10.908359593124,0.0049579520130006,0.0339494820035077,"Tmem28",-2.80975308954619,"ENSMUSG00000071719.2",FALSE,"ENSMUSG00000071719","ENSG00000130054","NALF2"
"Zfp970",-0.796481225411539,2.09623285715189,10.9076032280733,0.0049591049924007,0.0339494820035077,"Zfp970",-2.80967824660551,"ENSMUSG00000078866.10",FALSE,"ENSMUSG00000078866",NA,NA
"Mbd3",0.249269819827212,5.93033634602335,10.8996048795979,0.00497131624029813,0.0340184346684429,"Mbd3",2.80888654667019,"ENSMUSG00000035478.14",FALSE,"ENSMUSG00000035478","ENSG00000071655","MBD3"
"Gm47163",0.650842374856314,2.72189781049389,10.896199266943,0.00497652611290411,0.0340394386122641,"Gm47163",2.80854930664444,"ENSMUSG00000111977.1",FALSE,"ENSMUSG00000111977",NA,NA
"Nckap1",-0.272970767683032,7.8139748454373,10.8871476924983,0.00499040354908604,0.034119685142354,"Nckap1",-2.80765256233021,"ENSMUSG00000027002.13",FALSE,"ENSMUSG00000027002","ENSG00000061676","NCKAP1"
"D430020J02Rik",1.22124805509486,1.05288139158982,10.8813356578875,0.00499933764743988,0.0341660793327187,"D430020J02Rik",2.80707644334254,"ENSMUSG00000112980.1",FALSE,"ENSMUSG00000112980",NA,NA
"Ldlrap1",0.309423152462041,4.82544297612715,10.8751858556346,0.00500881090729077,0.0342161167777685,"Ldlrap1",2.80646657233494,"ENSMUSG00000037295.7",FALSE,"ENSMUSG00000037295","ENSG00000157978","LDLRAP1"
"Meis1",-0.377092568164727,4.23342533845722,10.8684825845591,0.00501916016880344,0.0342720928142898,"Meis1",-2.80580149687901,"ENSMUSG00000020160.18",FALSE,"ENSMUSG00000020160","ENSG00000143995","MEIS1"
"Gm30085",3.32210102515076,-1.53422341368385,10.8575559965617,0.00503608240951051,0.0343728835014788,"Gm30085",2.80471668802547,"ENSMUSG00000109770.1",FALSE,"ENSMUSG00000109770",NA,NA
"Lsp1",-0.248460006215002,8.45970758205181,10.8488731489837,0.00504957633126639,0.0344378196765554,"Lsp1",-2.80385401249103,"ENSMUSG00000018819.10",FALSE,"ENSMUSG00000018819","ENSG00000130592","LSP1"
"Wasl",-0.27131472517925,6.4799235879851,10.8472061031093,0.00505217180621743,0.0344378196765554,"Wasl",-2.80368832105361,"ENSMUSG00000029684.14",TRUE,"ENSMUSG00000029684","ENSG00000106299","WASL"
"Ctss",0.403071338998505,5.02622993485141,10.8465863299495,0.00505313713974858,0.0344378196765554,"Ctss",2.80362671516367,"ENSMUSG00000038642.10",FALSE,"ENSMUSG00000038642","ENSG00000163131","CTSS"
"Ist1",-0.261427257912827,6.53427594924932,10.8453710906656,0.00505503056051915,0.0344378196765554,"Ist1",-2.80350591127096,"ENSMUSG00000031729.6",TRUE,"ENSMUSG00000031729","ENSG00000182149","IST1"
"Gm16793",-2.52285870582899,-0.797611355757152,10.8444771611687,0.0050564238788126,0.0344378196765554,"Gm16793",-2.80341704100343,"ENSMUSG00000097357.2",FALSE,"ENSMUSG00000097357",NA,NA
"Pla2g2d",1.83632514977704,0.328122514631985,10.8419710608853,0.00506033234419769,0.0344496854750753,"Pla2g2d",2.80316786476389,"ENSMUSG00000041202.12",FALSE,"ENSMUSG00000041202","ENSG00000117215","PLA2G2D"
"Zfand4",-1.93067385892083,-0.00464347448441961,10.8374567863783,0.00506738145379943,0.0344829128197571,"Zfand4",-2.80271890269168,"ENSMUSG00000042213.17",TRUE,"ENSMUSG00000042213","ENSG00000172671","ZFAND4"
"Lsm2",0.552792736325149,3.06715549917665,10.8324103823046,0.00507527481079156,0.0345218542840112,"Lsm2",2.8022168395542,"ENSMUSG00000007050.17",FALSE,"ENSMUSG00000007050","ENSG00000204392","LSM2"
"Papss2",0.261631630058554,5.82973922043414,10.8273452122733,0.00508321168685907,0.0345400285291511,"Papss2",2.80171271954739,"ENSMUSG00000024899.7",FALSE,"ENSMUSG00000024899","ENSG00000198682","PAPSS2"
"Map6",0.317257042404367,5.21083016813821,10.8271670256462,0.00508349115544576,0.0345400285291511,"Map6",2.80169498174302,"ENSMUSG00000055407.14",FALSE,"ENSMUSG00000055407","ENSG00000171533","MAP6"
"Gtf2h5",0.312370592273732,5.11063767040831,10.8265478065277,0.00508446247794396,0.0345400285291511,"Gtf2h5",2.80163333899141,"ENSMUSG00000034345.14",FALSE,"ENSMUSG00000034345","ENSG00000272047","GTF2H5"
"Ing5",-0.404003737031786,4.37444368002252,10.816028824883,0.00510099533908254,0.0346375443541544,"Ing5",-2.80058574815892,"ENSMUSG00000026283.13",TRUE,"ENSMUSG00000026283","ENSG00000168395","ING5"
"Tmem97",0.433672643255592,3.84430316173319,10.8049924148046,0.00511840768775383,0.0347261251955414,"Tmem97",2.79948574234585,"ENSMUSG00000037278.9",FALSE,"ENSMUSG00000037278","ENSG00000109084","TMEM97"
"Grik5",-0.46707387056438,4.32281654829311,10.8015940710567,0.00512378302125212,0.034747770314274,"Grik5",-2.7991468448146,"ENSMUSG00000003378.9",FALSE,"ENSMUSG00000003378","ENSG00000105737","GRIK5"
"Col6a5",0.356459796183104,6.94768061661293,10.794046335597,0.00513574480669993,0.0348140450387677,"Col6a5",2.79839384428262,"ENSMUSG00000091345.9",FALSE,"ENSMUSG00000091345","ENSG00000172752","COL6A5"
"Slc52a3",1.71912385415039,0.0633178147923119,10.7849370890177,0.00515022392847794,0.0348973204663761,"Slc52a3",2.79748449374612,"ENSMUSG00000027463.14",TRUE,"ENSMUSG00000027463","ENSG00000101276","SLC52A3"
"Snapc4",-0.386088001875721,4.15761013217512,10.7684158612698,0.00517660385903214,0.0350611291184788,"Snapc4",-2.79583364460183,"ENSMUSG00000036281.13",FALSE,"ENSMUSG00000036281","ENSG00000165684","SNAPC4"
"Dlg1",0.281872395113082,6.14679654379517,10.7558319483401,0.00519680083988389,0.0351732053369248,"Dlg1",2.79457485308051,"ENSMUSG00000022770.17",FALSE,"ENSMUSG00000022770","ENSG00000075711","DLG1"
"Poglut2",0.3120368439084,5.19463570503271,10.7553508211408,0.00519757483127544,0.0351732053369248,"Poglut2",2.79452670150551,"ENSMUSG00000026047.13",FALSE,"ENSMUSG00000026047","ENSG00000134901","POGLUT2"
"Gbp4",-1.09548951531254,1.32956506361642,10.7468235034975,0.00521131470011357,0.0352303679567611,"Gbp4",-2.7936729929507,"ENSMUSG00000079363.7",TRUE,"ENSMUSG00000079363","ENSG00000183347","GBP6"
"Mbd2",-0.257208226760951,6.36704869100485,10.7460318617158,0.00521259236356551,0.0352303679567611,"Mbd2",-2.79359371040622,"ENSMUSG00000024513.16",FALSE,"ENSMUSG00000024513","ENSG00000134046","MBD2"
"Car4",-3.51163265557196,-1.23068123424769,10.7459851367768,0.00521266778609438,0.0352303679567611,"Car4",-2.79358903077893,"ENSMUSG00000000805.18",TRUE,"ENSMUSG00000000805","ENSG00000167434","CA4"
"Zc3h7a",-0.238861022080633,6.58444041718592,10.7382430548959,0.00522518219477622,0.0352999458128829,"Zc3h7a",-2.7928134141279,"ENSMUSG00000037965.14",FALSE,"ENSMUSG00000037965","ENSG00000122299","ZC3H7A"
"Parp14",-0.277894769880919,6.19170317598816,10.726562431378,0.00524412811272274,0.0354128957013289,"Parp14",-2.79164237384106,"ENSMUSG00000034422.14",FALSE,"ENSMUSG00000034422","ENSG00000173193","PARP14"
"Rnf180",-0.694923620719748,2.43407928429245,10.6979947753536,0.00529079727073206,0.0356984669783923,"Rnf180",-2.78877399181233,"ENSMUSG00000021720.11",FALSE,"ENSMUSG00000021720","ENSG00000164197","RNF180"
"Mtss1",0.370825013574713,4.19804689537153,10.6979282288348,0.00529090653763885,0.0356984669783923,"Mtss1",2.78876730290514,"ENSMUSG00000022353.10",TRUE,"ENSMUSG00000022353","ENSG00000170873","MTSS1"
"Smc5",-0.308851846002705,5.22673473585872,10.6947720777814,0.00529609179051457,0.0357031571617436,"Smc5",-2.78845002467859,"ENSMUSG00000024943.9",FALSE,"ENSMUSG00000024943","ENSG00000198887","SMC5"
"Kctd1",0.517740576757463,2.99298468119968,10.6873991836699,0.00530822744941047,0.0357698055627011,"Kctd1",2.78770855638748,"ENSMUSG00000036225.15",FALSE,"ENSMUSG00000036225","ENSG00000134504","KCTD1"
"Tnfaip8",0.526678129966603,3.69326392887279,10.6763401693781,0.00532649018428481,0.0358624781543951,"Tnfaip8",2.78659561463597,"ENSMUSG00000062210.13",FALSE,"ENSMUSG00000062210","ENSG00000145779","TNFAIP8"
"Spry1",0.27433613648144,6.32384065441059,10.6735781851727,0.00533106252256804,0.0358780733374522,"Spry1",2.78631751313583,"ENSMUSG00000037211.12",TRUE,"ENSMUSG00000037211","ENSG00000164056","SPRY1"
"Eif5",-0.249214020588587,7.49286618694734,10.6715845102241,0.00533436575470579,0.0358782744078245,"Eif5",-2.78611673596331,"ENSMUSG00000021282.17",FALSE,"ENSMUSG00000021282",NA,NA
"Hnrnpa2b1",-0.253058170016365,8.71626642768052,10.6708372035348,0.00533560453842073,0.0358782744078245,"Hnrnpa2b1",-2.78604146911646,"ENSMUSG00000004980.16",FALSE,"ENSMUSG00000004980","ENSG00000122566","HNRNPA2B1"
"Trpm7",-0.254110133163331,6.63399419895936,10.6613886873097,0.00535129547029188,0.0359685764429636,"Trpm7",-2.78508947243298,"ENSMUSG00000027365.14",FALSE,"ENSMUSG00000027365","ENSG00000092439","TRPM7"
"Grin2d",0.511259907700313,3.58965697272268,10.6493322029323,0.00537139422733461,0.0360884167288983,"Grin2d",2.78387372080037,"ENSMUSG00000002771.12",FALSE,"ENSMUSG00000002771","ENSG00000105464","GRIN2D"
"Hpcal1",-0.361846828630055,4.50228753779239,10.6461495144091,0.00537671434741937,0.0361063484368346,"Hpcal1",-2.78355260022427,"ENSMUSG00000071379.2",TRUE,"ENSMUSG00000071379","ENSG00000115756","HPCAL1"
"H2afx",0.38592136412881,3.98912602202708,10.6450199228083,0.00537860400219211,0.0361063484368346,"H2afx",2.78343861037604,"ENSMUSG00000049932.3",FALSE,"ENSMUSG00000049932","ENSG00000188486","H2AX"
"Copg1",0.255028035095911,7.69875459852448,10.6416841481833,0.00538418874739728,0.0361285880379152,"Copg1",2.78310193242693,"ENSMUSG00000030058.17",TRUE,"ENSMUSG00000030058","ENSG00000181789","COPG1"
"C2",0.287836737054235,6.46676581257344,10.6385149850461,0.00538950070754996,0.0361489792290877,"C2",2.78278199187063,"ENSMUSG00000024371.14",FALSE,"ENSMUSG00000024371","ENSG00000166278","C2"
"Yipf3",0.276139469075437,6.32667942382928,10.6342089505958,0.00539672784792957,0.0361821934930961,"Yipf3",2.78234715648279,"ENSMUSG00000071074.9",FALSE,"ENSMUSG00000071074","ENSG00000137207","YIPF3"
"S100a13",-0.285043176800997,6.01896295793245,10.6094912061764,0.00543842894211464,0.0364310595899112,"S100a13",-2.77984834792069,"ENSMUSG00000042312.9",FALSE,"ENSMUSG00000042312","ENSG00000189171","S100A13"
"Kif1c",0.259799694230352,6.81479035577794,10.596348305347,0.00546075250692783,0.0365651987863887,"Kif1c",2.77851777759791,"ENSMUSG00000020821.17",TRUE,"ENSMUSG00000020821","ENSG00000129250","KIF1C"
"Cys1",-0.434782952290971,3.84709750460941,10.591873893306,0.00546837635830451,0.036600837216379,"Cys1",-2.77806449136752,"ENSMUSG00000062563.15",FALSE,"ENSMUSG00000062563","ENSG00000205795","CYS1"
"Luzp1",0.343083799862311,5.60864671783829,10.5887340170979,0.00547373360616935,0.0366212812532231,"Luzp1",2.77774631020394,"ENSMUSG00000001089.14",FALSE,"ENSMUSG00000001089","ENSG00000169641","LUZP1"
"Pqlc2",0.592462495782916,2.59785777423074,10.5837959336166,0.00548217112133123,0.0366623075452189,"Pqlc2",2.7772457533238,"ENSMUSG00000028744.15",FALSE,"ENSMUSG00000028744","ENSG00000040487","SLC66A1"
"Tmem115",0.326986806190361,4.95763342190513,10.5802070171879,0.00548831271834562,0.0366744724784376,"Tmem115",2.77688183924652,"ENSMUSG00000010045.2",FALSE,"ENSMUSG00000010045","ENSG00000126062","TMEM115"
"Slc4a10",-1.65151988787109,0.351206388905607,10.5786720982608,0.00549094178234692,0.0366744724784376,"Slc4a10",-2.77672616907647,"ENSMUSG00000026904.17",FALSE,"ENSMUSG00000026904","ENSG00000144290","SLC4A10"
"Tulp4",0.277959591375014,6.03436364458196,10.5785364933207,0.00549117412070657,0.0366744724784376,"Tulp4",2.77671241526693,"ENSMUSG00000034377.10",TRUE,"ENSMUSG00000034377","ENSG00000130338","TULP4"
"Aldh9a1",-0.311934564952314,5.32901364731449,10.5773457832729,0.00549321470437265,0.0366744724784376,"Aldh9a1",-2.77659164073092,"ENSMUSG00000026687.14",FALSE,"ENSMUSG00000026687","ENSG00000143149","ALDH9A1"
"Ccdc141",0.418940042924396,3.82018377703094,10.5735131475625,0.00549978879989902,0.0367029547984868,"Ccdc141",2.77620281972199,"ENSMUSG00000044033.16",FALSE,"ENSMUSG00000044033","ENSG00000163492","CCDC141"
"Lrrc58",0.281443999970906,6.1349402508275,10.5560345208664,0.00552988431618214,0.0368883180705724,"Lrrc58",2.77442817641127,"ENSMUSG00000034158.9",FALSE,"ENSMUSG00000034158","ENSG00000163428","LRRC58"
"Fbxw9",0.399455017376504,4.11109496711015,10.5517699456501,0.00553725587235815,0.0369220042507805,"Fbxw9",2.77399482678116,"ENSMUSG00000008167.14",FALSE,"ENSMUSG00000008167","ENSG00000132004","FBXW9"
"Use1",-0.35070625674104,5.80328010543515,10.5349298835817,0.00556647509449627,0.0370857598699839,"Use1",-2.77228223019499,"ENSMUSG00000002395.14",FALSE,"ENSMUSG00000002395","ENSG00000053501","USE1"
"Twistnb",-0.48003328592775,3.48899047546916,10.534535901431,0.0055671608057832,0.0370857598699839,"Twistnb",-2.7722421368021,"ENSMUSG00000020561.8",FALSE,"ENSMUSG00000020561","ENSG00000105849","POLR1F"
"Casp8",0.350573838852603,4.91623980720223,10.533588238303,0.00556881057470425,0.0370857598699839,"Casp8",2.77214569341907,"ENSMUSG00000026029.14",TRUE,"ENSMUSG00000026029","ENSG00000064012","CASP8"
"Ctif",0.322199717745268,5.16204646276647,10.5308708491122,0.00557354433384548,0.0371017478196503,"Ctif",2.77186910695644,"ENSMUSG00000052928.9",TRUE,"ENSMUSG00000052928","ENSG00000134030","CTIF"
"Prima1",-2.57894686786629,-0.356448520613469,10.5279335136222,0.00557866643188041,0.0371203063875289,"Prima1",-2.77157006909489,"ENSMUSG00000041669.15",FALSE,"ENSMUSG00000041669","ENSG00000175785","PRIMA1"
"Per1",-0.288194612144917,7.50116982697719,10.5251233492511,0.00558357181973641,0.0371374080507186,"Per1",-2.77128391533741,"ENSMUSG00000020893.17",FALSE,"ENSMUSG00000020893","ENSG00000179094","PER1"
"Map2k2",0.273735579478761,6.13044332791574,10.5184929227573,0.00559516541216399,0.0371834164436456,"Map2k2",2.77060850848816,"ENSMUSG00000035027.18",FALSE,"ENSMUSG00000035027","ENSG00000230626",""
"Exoc4",0.283192219952608,5.88156534070639,10.5135440867707,0.00560383665019128,0.0372136086452934,"Exoc4",2.77010417386357,"ENSMUSG00000029763.17",FALSE,"ENSMUSG00000029763","ENSG00000131558","EXOC4"
"Map3k7cl",0.822015301051069,1.94691147581663,10.5132293472513,0.0056043886502847,0.0372136086452934,"Map3k7cl",2.77007209239945,"ENSMUSG00000025610.7",FALSE,"ENSMUSG00000025610",NA,NA
"Nid2",0.306382380148203,7.66882181519805,10.5024103703836,0.0056234012523444,0.0373242696644545,"Nid2",2.76896884327907,"ENSMUSG00000021806.4",FALSE,"ENSMUSG00000021806","ENSG00000087303","NID2"
"Gm20559",-0.48137366815854,4.20463001894114,10.5000688278096,0.00562752585837155,0.0373360632981572,"Gm20559",-2.76872994799085,"ENSMUSG00000106734.3",TRUE,"ENSMUSG00000106734",NA,NA
"Gaa",0.243877898307765,8.03136949429563,10.4894497546182,0.00564627482724003,0.0374448326011669,"Gaa",2.76764600334282,"ENSMUSG00000025579.14",FALSE,"ENSMUSG00000025579","ENSG00000171298","GAA"
"Traf5",-0.398614767810166,3.91179539742642,10.4793611934989,0.00566415346605991,0.0375477417968949,"Traf5",-2.76661539570145,"ENSMUSG00000026637.13",FALSE,"ENSMUSG00000026637","ENSG00000082512","TRAF5"
"Stt3a",0.23620580060836,7.92417707765935,10.46322793827,0.00569287933454023,0.0377224416904972,"Stt3a",2.7649656321745,"ENSMUSG00000032116.18",FALSE,"ENSMUSG00000032116","ENSG00000134910","STT3A"
"Shmt2",0.327723161075824,5.2428996023237,10.4499126851743,0.00571671345397349,0.0378645956095545,"Shmt2",2.76360249757688,"ENSMUSG00000025403.5",FALSE,"ENSMUSG00000025403","ENSG00000182199","SHMT2"
"Dis3l2",0.401604904608769,3.80152746223435,10.4409414836235,0.00573283626557842,0.0379555766575744,"Dis3l2",2.76268329586219,"ENSMUSG00000053333.15",FALSE,"ENSMUSG00000053333","ENSG00000144535","DIS3L2"
"Ubxn2a",0.409913997123432,4.02646920892533,10.4360165976357,0.00574170929758709,0.0379985031042562,"Ubxn2a",2.76217841627241,"ENSMUSG00000020634.12",FALSE,"ENSMUSG00000020634","ENSG00000173960","UBXN2A"
"Gdnf",0.789948813996359,2.68859248215967,10.4298076301574,0.00575291826368175,0.0380568465671094,"Gdnf",2.76154162582671,"ENSMUSG00000022144.4",FALSE,"ENSMUSG00000022144","ENSG00000168621","GDNF"
"Stox2",0.4351868443638,5.00611210937405,10.4228763763976,0.00576546080037605,0.0381239597124242,"Stox2",2.76083039920624,"ENSMUSG00000038143.16",FALSE,"ENSMUSG00000038143","ENSG00000173320","STOX2"
"Gstp2",-0.962301078220014,1.38884857420681,10.4205408325429,0.00576969417033368,0.0381360957567816,"Gstp2",-2.76059066016411,"ENSMUSG00000038155.11",FALSE,"ENSMUSG00000038155","ENSG00000084207","GSTP1"
"Zfp334",0.509238678844543,3.25841099395467,10.4178183063857,0.00577463347604428,0.0381528858203291,"Zfp334",2.76031114383899,"ENSMUSG00000017667.9",FALSE,"ENSMUSG00000017667","ENSG00000198185","ZNF334"
"Krtcap2",0.260926075415157,5.70038405626854,10.4140211397513,0.00578153052903765,0.0381557105019289,"Krtcap2",2.75992119865785,"ENSMUSG00000042747.12",FALSE,"ENSMUSG00000042747","ENSG00000163463","KRTCAP2"
"Plcd3",-0.472392896577995,3.29253469002838,10.4136586668201,0.0057821894068798,0.0381557105019289,"Plcd3",-2.75988396901264,"ENSMUSG00000020937.14",FALSE,"ENSMUSG00000020937","ENSG00000161714","PLCD3"
"Neurl1b",0.601336903213143,2.76359078036212,10.4136204726557,0.00578225883856182,0.0381557105019289,"Neurl1b",2.75988004602429,"ENSMUSG00000034413.14",TRUE,"ENSMUSG00000034413","ENSG00000214357","NEURL1B"
"Inpp5k",-0.313219025349137,5.22257725656322,10.4084908091882,0.00579159254211426,0.0381896227439878,"Inpp5k",-2.75935306479514,"ENSMUSG00000006127.9",TRUE,"ENSMUSG00000006127","ENSG00000132376","INPP5K"
"Ifit2",-0.404316751591738,4.54890909846314,10.4081568232747,0.00579220084628678,0.0381896227439878,"Ifit2",-2.75931874650563,"ENSMUSG00000045932.12",FALSE,"ENSMUSG00000045932","ENSG00000119922","IFIT2"
"Rps5",-0.3225587144968,8.66306409411256,10.4004688564093,0.00580622356442722,0.0382662135702802,"Rps5",-2.75852853570343,"ENSMUSG00000012848.15",FALSE,"ENSMUSG00000012848","ENSG00000083845","RPS5"
"Tubgcp5",-0.370353244771701,4.08737058553093,10.3952107462981,0.00581583667350403,0.0383108140799297,"Tubgcp5",-2.75798780950862,"ENSMUSG00000033790.11",FALSE,"ENSMUSG00000033790","ENSG00000275835","TUBGCP5"
"Stx11",0.345830197327961,4.27053709255682,10.3928800076068,0.00582010366730207,0.0383108140799297,"Stx11",2.75774805424877,"ENSMUSG00000039232.12",FALSE,"ENSMUSG00000039232","ENSG00000135604","STX11"
"Camk2b",-1.71626047197559,0.62065250203443,10.3928175844403,0.00582021799768032,0.0383108140799297,"Camk2b",-2.75774163239583,"ENSMUSG00000057897.14",FALSE,"ENSMUSG00000057897","ENSG00000058404","CAMK2B"
"Prokr2",1.55924403166687,1.31375515571793,10.3865780501997,0.0058316589386204,0.038370240836111,"Prokr2",2.75709957758946,"ENSMUSG00000050558.13",FALSE,"ENSMUSG00000050558","ENSG00000101292","PROKR2"
"Col9a2",2.29715858100324,-0.256090924237834,10.383334770365,0.00583761606523757,0.0383932819519669,"Col9a2",2.75676571870943,"ENSMUSG00000028626.5",FALSE,"ENSMUSG00000028626","ENSG00000049089","COL9A2"
"Iqgap1",0.299150430787817,8.17310381635043,10.3820437774273,0.00583998924994076,0.0383932819519669,"Iqgap1",2.75663280241511,"ENSMUSG00000030536.10",FALSE,"ENSMUSG00000030536","ENSG00000140575","IQGAP1"
"Itih4",-3.16028231263134,-1.71244516589164,10.3776535113412,0.00584806799269296,0.0384305063172712,"Itih4",-2.75618069642622,"ENSMUSG00000021922.17",FALSE,"ENSMUSG00000021922","ENSG00000055955","ITIH4"
"1810058I24Rik",0.292946332223169,5.642032378922,10.3753897718912,0.00585223861498274,0.0384420283742546,"1810058I24Rik",2.75594751862104,"ENSMUSG00000073155.12",FALSE,"ENSMUSG00000073155","ENSG00000243317","STMP1"
"Mfap3",0.340445907974955,5.4534411415582,10.3714166254176,0.00585956682537091,0.0384714604217676,"Mfap3",2.75553816394968,"ENSMUSG00000020522.13",FALSE,"ENSMUSG00000020522","ENSG00000037749","MFAP3"
"Otud4",-0.276922801271439,5.6022454398818,10.3692498089095,0.00586356780957001,0.0384714604217676,"Otud4",-2.75531486323587,"ENSMUSG00000036990.13",TRUE,"ENSMUSG00000036990","ENSG00000164164","OTUD4"
"Trib2",0.569020598112342,3.00458328466092,10.3690285087907,0.0058639766121087,0.0384714604217676,"Trib2",2.75529205510936,"ENSMUSG00000020601.8",TRUE,"ENSMUSG00000020601","ENSG00000071575","TRIB2"
"Sik3",-0.264009771930906,6.08094187698625,10.3564583015076,0.00588725098258462,0.0386082277839353,"Sik3",-2.75399587692319,"ENSMUSG00000034135.15",FALSE,"ENSMUSG00000034135","ENSG00000160584","SIK3"
"Ell2",0.436671847248277,4.27144984183258,10.3546479645305,0.00589061162758109,0.0386143432454336,"Ell2",2.75380910023543,"ENSMUSG00000001542.7",FALSE,"ENSMUSG00000001542","ENSG00000118985","ELL2"
"Arhgap19",-1.11859306555576,1.26782842111815,10.3494122893813,0.00590034333087523,0.0386622002434729,"Arhgap19",-2.75326877645575,"ENSMUSG00000025154.15",TRUE,"ENSMUSG00000025154","ENSG00000269891","ARHGAP19-SLIT1"
"Siva1",0.402706526530067,3.6649239602149,10.3307749131277,0.00593513503935086,0.0388741567260283,"Siva1",2.75134361689193,"ENSMUSG00000064326.13",FALSE,"ENSMUSG00000064326","ENSG00000184990","SIVA1"
"Rrm1",0.318389618494405,5.11232093416827,10.3285419316415,0.00593931925749002,0.0388855472012614,"Rrm1",2.75111277350752,"ENSMUSG00000030978.10",TRUE,"ENSMUSG00000030978","ENSG00000167325","RRM1"
"Nsd3",-0.266038487496022,6.35632924373903,10.3199217347843,0.00595550375726387,0.0389664548933113,"Nsd3",-2.75022125194592,"ENSMUSG00000054823.16",FALSE,"ENSMUSG00000054823","ENSG00000147548","NSD3"
"Dnajc7",-0.274062213718428,5.72655619367437,10.3182423513628,0.00595866269591167,0.0389664548933113,"Dnajc7",-2.75004749682043,"ENSMUSG00000014195.15",TRUE,"ENSMUSG00000014195","ENSG00000168259","DNAJC7"
"F730311O21Rik",-2.27634530212698,-0.699980416751249,10.3180483440637,0.00595902774951475,0.0389664548933113,"F730311O21Rik",-2.75002742266298,"ENSMUSG00000100658.1",FALSE,"ENSMUSG00000100658",NA,NA
"Actb",-0.225582080992761,10.4920169528109,10.3052188256862,0.00598322539939487,0.0390925363708203,"Actb",-2.74869926799655,"ENSMUSG00000029580.14",FALSE,"ENSMUSG00000029580","ENSG00000075624","ACTB"
"Grn",0.230410977049696,8.67375096470618,10.3032488791176,0.00598695086598572,0.0390944206064871,"Grn",2.74849521559252,"ENSMUSG00000034708.11",FALSE,"ENSMUSG00000034708","ENSG00000030582","GRN"
"Ccnl2",-0.328231248783284,7.17688275990787,10.3018046208716,0.00598968386595542,0.0390944206064871,"Ccnl2",-2.74834559561363,"ENSMUSG00000029068.16",FALSE,"ENSMUSG00000029068","ENSG00000221978","CCNL2"
"Plac8",-0.37960811454592,7.11875339430894,10.301168163548,0.00599088870137766,0.0390944206064871,"Plac8",-2.74827965559804,"ENSMUSG00000029322.12",FALSE,"ENSMUSG00000029322","ENSG00000145287","PLAC8"
"Ehd3",0.617638230185022,2.91869718333357,10.2916722454202,0.00600889783366446,0.0391958581824307,"Ehd3",2.74729544659128,"ENSMUSG00000024065.8",TRUE,"ENSMUSG00000024065","ENSG00000013016","EHD3"
"Slc27a6",0.819500951382507,2.08175510768165,10.2890072195932,0.00601396323685941,0.0392128156440243,"Slc27a6",2.74701909840631,"ENSMUSG00000024600.8",FALSE,"ENSMUSG00000024600","ENSG00000113396","SLC27A6"
"Gpr180",0.265855851241657,5.64816138277832,10.2876016897332,0.00601663669292344,0.0392141693965416,"Gpr180",2.74687332984901,"ENSMUSG00000022131.3",FALSE,"ENSMUSG00000022131","ENSG00000152749","GPR180"
"Nup153",-0.251330924667104,5.62409402621623,10.2854702211811,0.00602069355582312,0.0392245348702397,"Nup153",-2.74665224330377,"ENSMUSG00000021374.10",TRUE,"ENSMUSG00000021374","ENSG00000124789","NUP153"
"Ly6e",0.255773757663849,8.76020564431039,10.2829468932756,0.0060255003059035,0.0392397753336541,"Ly6e",2.74639046386732,"ENSMUSG00000022587.14",FALSE,"ENSMUSG00000022587","ENSG00000160932","LY6E"
"Ttc12",0.533869449426537,2.93198140877773,10.2799175769162,0.00603127673796764,0.0392613155808021,"Ttc12",2.74607612356022,"ENSMUSG00000040219.4",TRUE,"ENSMUSG00000040219","ENSG00000149292","TTC12"
"Gstt3",-0.394078012315523,4.26624555472785,10.2764356789953,0.00603792401545823,0.0392885047536138,"Gstt3",-2.7457147292861,"ENSMUSG00000001665.11",FALSE,"ENSMUSG00000001665",NA,NA
"Sirt6",0.549106368470033,3.56440696289983,10.2741432544802,0.00604230505896508,0.039300931432606,"Sirt6",2.74547673985974,"ENSMUSG00000034748.16",FALSE,"ENSMUSG00000034748","ENSG00000077463","SIRT6"
"Zdhhc6",0.310857561198823,4.68080398276648,10.2696470444138,0.00605090833557221,0.0393407993706479,"Zdhhc6",2.74500984000761,"ENSMUSG00000024982.10",FALSE,"ENSMUSG00000024982","ENSG00000023041","ZDHHC6"
"Amt",-0.814538359969858,2.1304298684166,10.2650331694417,0.00605975136033538,0.0393821928416075,"Amt",-2.74453055185381,"ENSMUSG00000032607.12",FALSE,"ENSMUSG00000032607","ENSG00000283189",""
"Erlec1",0.244712873278772,6.15930119143189,10.2452695513758,0.00609779865488645,0.0396132728793542,"Erlec1",2.74247556506233,"ENSMUSG00000020311.17",FALSE,"ENSMUSG00000020311","ENSG00000068912","ERLEC1"
"Plp2",0.341384101308719,5.47827093681737,10.2401885594338,0.00610762436913786,0.0396609025489585,"Plp2",2.74194674134778,"ENSMUSG00000031146.6",FALSE,"ENSMUSG00000031146","ENSG00000102007","PLP2"
"Mtmr10",-0.356626165657296,4.30485404560478,10.2310942822186,0.00612525640130853,0.039758460172391,"Mtmr10",-2.7409996968576,"ENSMUSG00000030522.14",FALSE,"ENSMUSG00000030522","ENSG00000166912","MTMR10"
"Dcp1b",-0.515218303817888,3.42876536596574,10.2298630599625,0.00612764798355846,0.039758460172391,"Dcp1b",-2.74087143032226,"ENSMUSG00000041477.14",FALSE,"ENSMUSG00000041477","ENSG00000151065","DCP1B"
"Aopep",0.325139753501214,4.7687902751943,10.2248978700717,0.00613730346459594,0.0398048682697672,"Aopep",2.74035404075779,"ENSMUSG00000021458.17",TRUE,"ENSMUSG00000021458","ENSG00000148120","AOPEP"
"Gm44751",2.69157220598241,-0.392592022841196,10.2002677944175,0.0061854585923642,0.0400815193671569,"Gm44751",2.73778453851618,"ENSMUSG00000109244.1",FALSE,"ENSMUSG00000109244",NA,NA
"Gm2a",0.237948621142046,6.17831949601093,10.1984397976921,0.00618904980725229,0.0400815193671569,"Gm2a",2.73759363795529,"ENSMUSG00000000594.7",FALSE,"ENSMUSG00000000594","ENSG00000196743","GM2A"
"Stam",-0.316248966050731,5.35515171804928,10.1983928135887,0.00618914214199274,0.0400815193671569,"Stam",-2.73758873097236,"ENSMUSG00000026718.17",FALSE,"ENSMUSG00000026718","ENSG00000136738","STAM"
"Zfp800",-0.450533625362794,3.64245891683971,10.1979358103972,0.00619004034243459,0.0400815193671569,"Zfp800",-2.7375410009775,"ENSMUSG00000039841.14",FALSE,"ENSMUSG00000039841","ENSG00000048405","ZNF800"
"Scrn1",-0.31354153965635,5.071312212955,10.1767348108897,0.00623187383992943,0.0403359746342685,"Scrn1",-2.73532486586227,"ENSMUSG00000019124.10",FALSE,"ENSMUSG00000019124","ENSG00000136193","SCRN1"
"Pde1b",0.499383354689233,3.05304705198781,10.1685057621802,0.00624819853276466,0.0404152473412234,"Pde1b",2.73446369461868,"ENSMUSG00000022489.6",FALSE,"ENSMUSG00000022489","ENSG00000123360","PDE1B"
"Trpv4",-0.970090298812134,1.88528269203407,10.1679996630678,0.00624920412576674,0.0404152473412234,"Trpv4",-2.7344107131512,"ENSMUSG00000014158.12",TRUE,"ENSMUSG00000014158","ENSG00000111199","TRPV4"
"Prss23",-0.269327059149958,8.55432619451224,10.1655163032129,0.00625414112448982,0.0404307342694153,"Prss23",-2.73415070982094,"ENSMUSG00000039405.7",FALSE,"ENSMUSG00000039405","ENSG00000150687","PRSS23"
"Rgs8",1.31424668663383,0.464505467439817,10.1604836397326,0.00626415994097631,0.0404790473552809,"Rgs8",2.73362364380979,"ENSMUSG00000042671.12",FALSE,"ENSMUSG00000042671","ENSG00000135824","RGS8"
"Srsf7",-0.329706826569604,6.8547577023253,10.1590736866782,0.00626697011575886,0.0404807578192174,"Srsf7",-2.73347594350316,"ENSMUSG00000024097.11",FALSE,"ENSMUSG00000024097","ENSG00000115875","SRSF7"
"Gal3st1",-2.82538962452905,-0.411513504835159,10.1502335491681,0.00628462235522718,0.0405782985445302,"Gal3st1",-2.7325495185217,"ENSMUSG00000049721.14",FALSE,"ENSMUSG00000049721","ENSG00000128242","GAL3ST1"
"Lamtor1",0.286227585348814,5.60859245280095,10.1372505927824,0.00631065054081239,0.0407298196227839,"Lamtor1",2.73118777111569,"ENSMUSG00000030842.12",FALSE,"ENSMUSG00000030842","ENSG00000149357","LAMTOR1"
"Anpep",-0.259950100134478,8.76606566542873,10.122287201919,0.00634080255039671,0.0409078227014032,"Anpep",-2.7296165784329,"ENSMUSG00000039062.15",FALSE,"ENSMUSG00000039062","ENSG00000166825","ANPEP"
"Vsir",0.246663145652632,6.06539798145412,10.1172317816619,0.0063510267924396,0.0409571691322656,"Vsir",2.72908532926029,"ENSMUSG00000020101.14",FALSE,"ENSMUSG00000020101","ENSG00000107738","VSIR"
"Reps1",-0.31681104969161,4.99222023962613,10.1062481708922,0.00637330561501257,0.0410841828923976,"Reps1",-2.72793038758046,"ENSMUSG00000019854.17",FALSE,"ENSMUSG00000019854","ENSG00000135597","REPS1"
"Myo18b",-2.48477000141366,-0.345609942558381,10.0863916328533,0.00641380985460244,0.0413285324626185,"Myo18b",-2.72583990935023,"ENSMUSG00000072720.9",FALSE,"ENSMUSG00000072720","ENSG00000133454","MYO18B"
"Shisa4",0.481936945090892,3.45549102449752,10.0812618247761,0.0064243217887505,0.0413703322589229,"Shisa4",2.72529931600251,"ENSMUSG00000041889.7",FALSE,"ENSMUSG00000041889","ENSG00000198892","SHISA4"
"Col4a6",-1.33044498817582,0.58966561273583,10.0806876377849,0.00642549963400236,0.0413703322589229,"Col4a6",-2.72523879298346,"ENSMUSG00000031273.16",FALSE,"ENSMUSG00000031273","ENSG00000197565","COL4A6"
"Csmd1",-0.390358416600567,4.16131646900036,10.0764506614546,0.00643419871728622,0.0414095759615551,"Csmd1",-2.7247921035621,"ENSMUSG00000060924.15",FALSE,"ENSMUSG00000060924","ENSG00000183117","CSMD1"
"Gm5499",-3.27569976029083,-1.8655098577012,10.0676233917075,0.00645236570501911,0.041509697332896,"Gm5499",-2.72386099602116,"ENSMUSG00000071035.5",FALSE,"ENSMUSG00000071035",NA,NA
"Ttc37",0.286404559811572,5.23009555518444,10.0636464203014,0.00646056973755514,0.0415456694445368,"Ttc37",2.72344128984503,"ENSMUSG00000033991.9",FALSE,"ENSMUSG00000033991","ENSG00000198677","TTC37"
"Lipt2",1.59110392668558,0.484928409934026,10.0597493655022,0.00646862051713274,0.0415801214875337,"Lipt2",2.7230298897226,"ENSMUSG00000030725.4",FALSE,"ENSMUSG00000030725","ENSG00000175536","LIPT2"
"Eif6",0.257939520452314,5.84840168112696,10.0585229858081,0.00647115642845034,0.0415801214875337,"Eif6",2.72290039838308,"ENSMUSG00000027613.15",FALSE,"ENSMUSG00000027613","ENSG00000242372","EIF6"
"Wdfy4",1.957618815417,0.245641220173567,10.0537488747479,0.00648103921176005,0.0416268039517851,"Wdfy4",2.72239618864253,"ENSMUSG00000051506.17",TRUE,"ENSMUSG00000051506","ENSG00000128815","WDFY4"
"Cnn3",0.23766490609975,7.79694614609857,10.0491640265789,0.0064905465016752,0.0416582708228904,"Cnn3",2.72191178849195,"ENSMUSG00000053931.11",FALSE,"ENSMUSG00000053931","ENSG00000117519","CNN3"
"Elf1",-0.28644848891935,6.13088308998918,10.0488600237262,0.00649117745702839,0.0416582708228904,"Elf1",-2.72187966365879,"ENSMUSG00000036461.16",FALSE,"ENSMUSG00000036461","ENSG00000120690","ELF1"
"Gbf1",0.265257800987981,6.45830313751971,10.0454070740917,0.00649834896367707,0.0416770893045388,"Gbf1",2.7215147266015,"ENSMUSG00000025224.16",FALSE,"ENSMUSG00000025224","ENSG00000107862","GBF1"
"Tmem26",-0.508042322735065,4.24675812195605,10.0449248835435,0.00649935115860255,0.0416770893045388,"Tmem26",-2.72146375667827,"ENSMUSG00000060044.8",FALSE,"ENSMUSG00000060044","ENSG00000196932","TMEM26"
"Stmn2",0.847620342482686,1.73582940777362,10.037011988725,0.0065158228318106,0.0417658728312309,"Stmn2",2.72062704684527,"ENSMUSG00000027500.10",TRUE,"ENSMUSG00000027500","ENSG00000104435","STMN2"
"Pabpc4",0.298081744761671,5.27548108608811,10.0341941528609,0.00652170006251305,0.041786702697077,"Pabpc4",2.72032896225757,"ENSMUSG00000011257.19",FALSE,"ENSMUSG00000011257","ENSG00000090621","PABPC4"
"Cdk17",0.373427604273045,4.47731692387699,10.0185328354739,0.00655447626782274,0.0419628969755173,"Cdk17",2.71867101831812,"ENSMUSG00000020015.10",TRUE,"ENSMUSG00000020015","ENSG00000059758","CDK17"
"Myh14",-1.01228925532906,1.45804072509662,10.0138867656218,0.00656423592669582,0.0419857550503648,"Myh14",-2.7181787786635,"ENSMUSG00000030739.18",FALSE,"ENSMUSG00000030739","ENSG00000105357","MYH14"
"Pgs1",0.329478295289297,5.27380844879582,10.0138735622326,0.00656426368582718,0.0419857550503648,"Pgs1",2.71817737953862,"ENSMUSG00000017715.11",FALSE,"ENSMUSG00000017715","ENSG00000087157","PGS1"
"Gap43",-1.00355036282981,1.71441068333202,10.0121134709792,0.00656796535056802,0.0419857550503648,"Gap43",-2.71799085466038,"ENSMUSG00000047261.9",FALSE,"ENSMUSG00000047261","ENSG00000172020","GAP43"
"Trps1",0.456671007903956,4.46472553435475,10.0118084479247,0.00656860709081982,0.0419857550503648,"Trps1",2.71795852733326,"ENSMUSG00000038679.16",FALSE,"ENSMUSG00000038679","ENSG00000104447","TRPS1"
"Bhlhe40",0.242497772704924,8.81609888749861,10.0087507083108,0.00657504426692654,0.0420100156596757,"Bhlhe40",2.7176344150188,"ENSMUSG00000030103.11",FALSE,"ENSMUSG00000030103","ENSG00000134107","BHLHE40"
"Rpia",-0.370638247053886,4.04083655224023,10.0018475378697,0.00658960349379374,0.0420692349906872,"Rpia",-2.71690240810286,"ENSMUSG00000053604.5",TRUE,"ENSMUSG00000053604","ENSG00000153574","RPIA"
"Dchs1",0.32789218488552,5.55911119424143,9.99302591907292,0.00660826269570401,0.0421545132971443,"Dchs1",2.7159663865884,"ENSMUSG00000036862.15",FALSE,"ENSMUSG00000036862","ENSG00000166341","DCHS1"
"Rasl11a",0.47887612179251,4.04414843188205,9.97588175938789,0.00664469905101177,0.0423699474772414,"Rasl11a",2.71414542169275,"ENSMUSG00000029641.8",FALSE,"ENSMUSG00000029641","ENSG00000122035","RASL11A"
"Mxd4",0.244580922695532,7.66231250602469,9.97408418454043,0.00664853275178522,0.0423774013433428,"Mxd4",2.71395434873579,"ENSMUSG00000037235.13",FALSE,"ENSMUSG00000037235","ENSG00000123933","MXD4"
"Pcnt",-0.31282468974967,4.8901679725051,9.96764323018363,0.00666229026617444,0.0424344661595129,"Pcnt",-2.71326948409051,"ENSMUSG00000001151.10",FALSE,"ENSMUSG00000001151","ENSG00000160299","PCNT"
"Mei4",2.85789273147713,-1.08702840800349,9.96528603440903,0.00666733326186296,0.0424344661595129,"Mei4",2.71301875647998,"ENSMUSG00000043289.12",FALSE,"ENSMUSG00000043289","ENSG00000269964","MEI4"
"Zfp280b",0.468299849885407,3.2480945136355,9.96479520333206,0.00666838389881782,0.0424344661595129,"Zfp280b",2.71296654238309,"ENSMUSG00000049764.8",FALSE,"ENSMUSG00000049764","ENSG00000275004","ZNF280B"
"Gpd1l",-0.318454716287055,5.22643700409636,9.96394031577924,0.00667021426173065,0.0424344661595129,"Gpd1l",-2.71287559546908,"ENSMUSG00000050627.13",FALSE,"ENSMUSG00000050627","ENSG00000152642","GPD1L"
"Hspb6",1.09025930103024,1.22951720584782,9.96327578450082,0.00667163745907281,0.0424344661595129,"Hspb6",2.71280489526641,"ENSMUSG00000036854.14",TRUE,"ENSMUSG00000036854","ENSG00000004776","HSPB6"
"Slc25a42",-0.662749988466149,2.5453578709272,9.96240842979531,0.00667349555838155,0.0424344661595129,"Slc25a42",-2.71271261083396,"ENSMUSG00000002346.16",FALSE,"ENSMUSG00000002346","ENSG00000181035","SLC25A42"
"Scg2",1.4871043584777,0.82023579769009,9.95923631590906,0.00668029610756861,0.0424602637905392,"Scg2",2.71237505136065,"ENSMUSG00000050711.7",FALSE,"ENSMUSG00000050711","ENSG00000171951","SCG2"
"Mfsd10",0.301891279551396,5.24672935085407,9.95802618172568,0.00668289255283404,0.0424602637905392,"Mfsd10",2.7122462528579,"ENSMUSG00000001082.12",FALSE,"ENSMUSG00000001082","ENSG00000109736","MFSD10"
"Spata7",-0.913331141723396,1.58366967906343,9.95586427564528,0.00668753398668228,0.0424727847404985,"Spata7",-2.71201612329511,"ENSMUSG00000021007.14",TRUE,"ENSMUSG00000021007","ENSG00000042317","SPATA7"
"Arhgap10",-0.26004118979744,5.89066485309228,9.9516020776127,0.00669669540796732,0.0425102591738033,"Arhgap10",-2.71156230676382,"ENSMUSG00000037148.8",FALSE,"ENSMUSG00000037148","ENSG00000071205","ARHGAP10"
"Camk2n2",1.54551593141691,0.354190757221473,9.95063286418785,0.00669878070109734,0.0425102591738033,"Camk2n2",2.71145908848922,"ENSMUSG00000051146.2",FALSE,"ENSMUSG00000051146","ENSG00000163888","CAMK2N2"
"Fosb",-0.25847542247141,12.0254911826271,9.948196502592,0.00670402589952889,0.0425265751416865,"Fosb",-2.71119958820472,"ENSMUSG00000003545.3",FALSE,"ENSMUSG00000003545","ENSG00000125740","FOSB"
"Nup88",-0.283498243684521,5.50265280522166,9.9399661807126,0.00672177967541331,0.0426052061291741,"Nup88",-2.71032259239645,"ENSMUSG00000040667.11",FALSE,"ENSMUSG00000040667","ENSG00000108559","NUP88"
"Fam110c",1.51749871537105,0.234656133129264,9.93796304250081,0.00672610883660057,0.0426156608878322,"Fam110c",2.71010905754636,"ENSMUSG00000036136.9",FALSE,"ENSMUSG00000036136","ENSG00000184731","FAM110C"
"Nrarp",1.20858790946001,0.977611782332742,9.93167801895803,0.00673971273557231,0.0426774928913139,"Nrarp",2.70943885155357,"ENSMUSG00000078202.3",TRUE,"ENSMUSG00000078202","ENSG00000198435","NRARP"
"Flywch2",-0.795040799431899,1.70920577945581,9.93097557939586,0.00674123512186258,0.0426774928913139,"Flywch2",-2.70936392575097,"ENSMUSG00000023911.12",FALSE,"ENSMUSG00000023911","ENSG00000162076","FLYWCH2"
"D17H6S53E",0.69495272820161,2.63517594477091,9.92780893734565,0.00674810303445331,0.0427039723664588,"D17H6S53E",2.70902610333805,"ENSMUSG00000043311.7",FALSE,"ENSMUSG00000043311","ENSG00000204439","C6orf47"
"Arhgap42",-0.27189025951353,6.36319572350322,9.92175779485602,0.00676124927477836,0.0427701460687352,"Arhgap42",-2.70838032029656,"ENSMUSG00000050730.17",FALSE,"ENSMUSG00000050730","ENSG00000165895","ARHGAP42"
"Mgat5",0.472382678682178,4.56539981965465,9.9101733430274,0.00678649878700861,0.0429039467686208,"Mgat5",2.70714314683568,"ENSMUSG00000036155.13",FALSE,"ENSMUSG00000036155","ENSG00000152127","MGAT5"
"Ttc19",0.359457182037563,4.51628101654287,9.90235090910637,0.00680360976676393,0.0429868121258827,"Ttc19",2.70630709387983,"ENSMUSG00000042298.18",FALSE,"ENSMUSG00000042298","ENSG00000011295","TTC19"
"Rev3l",-0.357084994631917,5.86546292196373,9.8988996063899,0.00681117495853939,0.0430175200022446,"Rev3l",-2.70593805621571,"ENSMUSG00000019841.15",FALSE,"ENSMUSG00000019841","ENSG00000009413","REV3L"
"Sp4",-0.446242371137973,3.24601117112999,9.8864229765774,0.00683860410427007,0.0431736089996852,"Sp4",-2.70460311636142,"ENSMUSG00000025323.10",FALSE,"ENSMUSG00000025323","ENSG00000105866","SP4"
"Mrgprg",-2.76104468331169,-0.383135170320048,9.87784124032636,0.00685754410294466,0.0432760015353686,"Mrgprg",-2.70368413712785,"ENSMUSG00000050276.7",FALSE,"ENSMUSG00000050276","ENSG00000182170","MRGPRG"
"Arhgef10",-0.330019068080866,6.01422561665585,9.86703813050794,0.00688147231098345,0.0434097795166878,"Arhgef10",-2.70252638215755,"ENSMUSG00000071176.10",FALSE,"ENSMUSG00000071176","ENSG00000104728","ARHGEF10"
"Agrn",0.322924407607355,6.55161153193776,9.86578425409557,0.00688425576639806,0.0434101187363316,"Agrn",2.70239194091859,"ENSMUSG00000041936.18",FALSE,"ENSMUSG00000041936","ENSG00000188157","AGRN"
"1500011B03Rik",0.40136506018876,3.7021763573365,9.86264698687517,0.0068912257837652,0.04343684646818,"1500011B03Rik",2.70205550235411,"ENSMUSG00000072694.8",FALSE,"ENSMUSG00000072694",NA,NA
"Lnpep",-0.259563487526741,7.02752508543978,9.85282666115094,0.00691309583152074,0.043557433838619,"Lnpep",-2.70100182913156,"ENSMUSG00000023845.7",FALSE,"ENSMUSG00000023845","ENSG00000113441","LNPEP"
"Rnf125",0.678915382766314,2.37424490545514,9.84237466045609,0.00693646014442876,0.043687336901723,"Rnf125",2.6998794671696,"ENSMUSG00000033107.6",TRUE,"ENSMUSG00000033107","ENSG00000101695","RNF125"
"Rnf11",0.234609400375675,6.58041430770916,9.8386020787468,0.00694491557995578,0.0437232749279639,"Rnf11",2.69947412636532,"ENSMUSG00000028557.10",FALSE,"ENSMUSG00000028557","ENSG00000123091","RNF11"
"Stxbp1",-0.269248711694009,5.42185024176631,9.83464539224282,0.00695379635289916,0.0437618612584706,"Stxbp1",-2.69904887254162,"ENSMUSG00000026797.16",TRUE,"ENSMUSG00000026797","ENSG00000136854","STXBP1"
"Chid1",0.308792538932634,4.93151165402917,9.82355373972387,0.00697876106771667,0.0438906411363994,"Chid1",2.69785605049737,"ENSMUSG00000025512.15",FALSE,"ENSMUSG00000025512","ENSG00000177830","CHID1"
"Cdc42ep5",0.545785003702949,4.33550269035874,9.8231022783822,0.00697977937709577,0.0438906411363994,"Cdc42ep5",2.69780747674817,"ENSMUSG00000063838.6",FALSE,"ENSMUSG00000063838","ENSG00000167617","CDC42EP5"
"Glud1",-0.232678814268307,8.11210631073401,9.81986319754794,0.00698709039956686,0.0439192484681074,"Glud1",-2.69745892493257,"ENSMUSG00000021794.16",FALSE,"ENSMUSG00000021794","ENSG00000182890","GLUD2"
"C1s2",0.456585474338969,3.75219377474384,9.80375893185184,0.00702357047652257,0.0441311107420539,"C1s2",2.69572462270236,"ENSMUSG00000079343.4",FALSE,"ENSMUSG00000079343","ENSG00000182326","C1S"
"Gbp8",-2.00783753935456,-0.121757569418647,9.79538893593782,0.00704261681897125,0.0442333077693917,"Gbp8",-2.69482235089774,"ENSMUSG00000034438.16",FALSE,"ENSMUSG00000034438","ENSG00000183347","GBP6"
"Ptprm",0.447865852325752,5.44839052625126,9.79281024377779,0.00704849669620716,0.0442527607421171,"Ptprm",2.69454424936855,"ENSMUSG00000033278.10",FALSE,"ENSMUSG00000033278","ENSG00000173482","PTPRM"
"D430019H16Rik",0.629027192485183,3.04134483900913,9.78906776039436,0.00705704024553394,0.0442889151636647,"D430019H16Rik",2.69414053472263,"ENSMUSG00000094910.1",FALSE,"ENSMUSG00000094910","ENSG00000227051","C14orf132"
"Creb3",0.254459469084627,5.82409473283912,9.77164079152361,0.00709698029319037,0.0445220029990558,"Creb3",2.69225901993078,"ENSMUSG00000028466.15",FALSE,"ENSMUSG00000028466","ENSG00000107175","CREB3"
"Tmppe",0.65777771926165,2.21019230232043,9.76932502915418,0.00710230717491865,0.044537851341771,"Tmppe",2.69200879759817,"ENSMUSG00000079260.3",FALSE,"ENSMUSG00000079260","ENSG00000188167","TMPPE"
"Mvd",0.62629203097551,2.45945307372995,9.76512876310731,0.00711197141664651,0.0445808756164483,"Mvd",2.69155526406767,"ENSMUSG00000006517.5",FALSE,"ENSMUSG00000006517","ENSG00000167508","MVD"
"Rab11fip3",0.284941394987076,5.14978907581062,9.73996709964101,0.00717023762874442,0.0449086921863666,"Rab11fip3",2.68883255285646,"ENSMUSG00000037098.18",FALSE,"ENSMUSG00000037098","ENSG00000090565","RAB11FIP3"
"Afdn",-0.264951382642873,5.70852118027349,9.73923708061018,0.00717193627223948,0.0449086921863666,"Afdn",-2.68875347560224,"ENSMUSG00000068036.15",FALSE,"ENSMUSG00000068036","ENSG00000130396","AFDN"
"Ap1s1",0.293751448244969,5.5407933442145,9.73889189887223,0.007172739618523,0.0449086921863666,"Ap1s1",2.68871608313444,"ENSMUSG00000004849.14",FALSE,"ENSMUSG00000004849","ENSG00000106367","AP1S1"
"Sema4c",-0.24520084212609,6.42070812241929,9.72768810032129,0.00719887052077609,0.0450545603667462,"Sema4c",-2.68750184212622,"ENSMUSG00000026121.13",FALSE,"ENSMUSG00000026121","ENSG00000168758","SEMA4C"
"Slc9a6",-0.299970540677746,4.95106629893015,9.72417189948952,0.00720709395116183,0.0450882828895856,"Slc9a6",-2.68712053716663,"ENSMUSG00000060681.15",FALSE,"ENSMUSG00000060681","ENSG00000198689","SLC9A6"
"Ngef",0.439398343720565,3.51413071359072,9.72235913462814,0.00721133772187089,0.0450970915418454,"Ngef",2.68692391425198,"ENSMUSG00000026259.14",FALSE,"ENSMUSG00000026259","ENSG00000066248","NGEF"
"Jagn1",0.408518870065425,4.12192182346466,9.7209135833577,0.00721472388252882,0.0451005321949119,"Jagn1",2.68676710071028,"ENSMUSG00000051256.10",FALSE,"ENSMUSG00000051256","ENSG00000171135","JAGN1"
"Nt5m",0.581532954368337,3.37196426488377,9.71704025873449,0.00722380602652017,0.0451395627661101,"Nt5m",2.68634683138353,"ENSMUSG00000032615.14",FALSE,"ENSMUSG00000032615","ENSG00000205309","NT5M"
"Gm11266",-2.05899662318309,-0.44181527601785,9.71096337389283,0.00723808151089272,0.0451932509885068,"Gm11266",-2.68568720167294,"ENSMUSG00000087413.1",FALSE,"ENSMUSG00000087413",NA,NA
"Cd79a",2.7414393893079,-1.51694112554523,9.70676169462043,0.00724797079310776,0.0452372368613786,"Cd79a",2.68523093015688,"ENSMUSG00000003379.7",TRUE,"ENSMUSG00000003379","ENSG00000105369","CD79A"
"Raet1d",1.03088867291006,1.19863986993384,9.70213953159151,0.00725886765956184,0.0452874744566544,"Raet1d",2.68472881724667,"ENSMUSG00000078452.10",FALSE,"ENSMUSG00000078452","ENSG00000285991",""
"Sacs",0.63234024323531,3.21205483027473,9.69230074323181,0.00728212550478981,0.0454147615304598,"Sacs",2.68365938567124,"ENSMUSG00000048279.19",FALSE,"ENSMUSG00000048279","ENSG00000151835","SACS"
"Lman2",0.231198334323856,7.22897114719335,9.69045159913058,0.00728650622307516,0.0454242683126477,"Lman2",2.68345829657552,"ENSMUSG00000021484.8",FALSE,"ENSMUSG00000021484","ENSG00000169223","LMAN2"
"Tmem164",0.317007143466493,5.31538143820241,9.68615159236028,0.00729670485874214,0.0454700224798496,"Tmem164",2.68299056623986,"ENSMUSG00000047045.17",FALSE,"ENSMUSG00000047045","ENSG00000157600","TMEM164"
"6720489N17Rik",-0.998443974925515,1.45925973436764,9.68185377880603,0.0073069146626847,0.0455158103723756,"6720489N17Rik",-2.68252291089368,"ENSMUSG00000072066.7",FALSE,"ENSMUSG00000072066",NA,NA
"Gm12347",-2.6395797011405,-0.877452950025587,9.67577004673414,0.00732139509855191,0.0455881543665901,"Gm12347",-2.68186064568368,"ENSMUSG00000086702.1",FALSE,"ENSMUSG00000086702",NA,NA
"Nipal3",-0.773573744094456,1.94860089509128,9.67148956350305,0.00733160319545383,0.0456206861291986,"Nipal3",-2.68139448251876,"ENSMUSG00000028803.18",TRUE,"ENSMUSG00000028803","ENSG00000001461","NIPAL3"
"Mir17hg",-0.859483721930018,1.50041742577193,9.67117373770013,0.00733235702359502,0.0456206861291986,"Mir17hg",-2.68136008128084,"ENSMUSG00000089726.2",TRUE,"ENSMUSG00000089726",NA,NA
"Ms4a4a",1.42202257353264,0.349906641820838,9.66604363196049,0.00734461426958454,0.0456790773285893,"Ms4a4a",2.68080116192744,"ENSMUSG00000101389.1",TRUE,"ENSMUSG00000101389","ENSG00000110079","MS4A4A"
"Gm5820",-1.52251587606551,0.0857824154789396,9.65943314393853,0.00736044324324199,0.0457596281850185,"Gm5820",-2.68008061184089,"ENSMUSG00000117994.1",FALSE,"ENSMUSG00000117994",NA,NA
"Plppr4",-0.599932283633512,2.51702000998128,9.65193262641801,0.00737845084157205,0.0458536552299806,"Plppr4",-2.67926257701873,"ENSMUSG00000044667.12",FALSE,"ENSMUSG00000044667","ENSG00000117600","PLPPR4"
"Thy1",0.248295968419538,8.81381335872798,9.6446678518805,0.00739594066905172,0.0459443923671599,"Thy1",2.67846977572775,"ENSMUSG00000032011.5",FALSE,"ENSMUSG00000032011","ENSG00000154096","THY1"
"Mif4gd",-0.374988410120658,4.25234328439419,9.63552503208712,0.00741801951264672,0.0460635549822807,"Mif4gd",-2.67747135563909,"ENSMUSG00000020743.15",FALSE,"ENSMUSG00000020743","ENSG00000125457","MIF4GD"
"Ifit3",-0.386927214535818,4.93180730575639,9.62577000759969,0.00744166020509258,0.0461923193761075,"Ifit3",-2.67640525832058,"ENSMUSG00000074896.3",FALSE,"ENSMUSG00000074896","ENSG00000119917","IFIT3"
"Rps6kl1",-1.15092931291767,0.878907112964134,9.61813936189191,0.00746021287448769,0.0462894129313218,"Rps6kl1",-2.67557073496155,"ENSMUSG00000019235.9",TRUE,"ENSMUSG00000019235","ENSG00000198208","RPS6KL1"
"Qars",-0.247544951927308,5.82593472608368,9.61436888034716,0.0074693997749818,0.0463164722827445,"Qars",-2.67515818495936,"ENSMUSG00000032604.16",TRUE,"ENSMUSG00000032604","ENSG00000172053","QARS1"
"Sirpa",-0.241193669956327,7.44097276445873,9.6139592003584,0.00747039875528137,0.0463164722827445,"Sirpa",-2.6751133518542,"ENSMUSG00000037902.18",FALSE,"ENSMUSG00000037902","ENSG00000260861",""
"Pak1",0.337927776280972,4.37486184853566,9.60993472291462,0.00748022035965083,0.0463592924316162,"Pak1",2.67467285542125,"ENSMUSG00000030774.13",FALSE,"ENSMUSG00000030774","ENSG00000149269","PAK1"
"Cks1b",-0.402223187168492,4.04091042564703,9.60804155596004,0.00748484569558702,0.0463698874549748,"Cks1b",-2.67446558991543,"ENSMUSG00000028044.6",FALSE,"ENSMUSG00000028044","ENSG00000173207","CKS1B"
"Xpr1",0.412501996845852,5.39239690195041,9.60366180812711,0.00749555876609409,0.0464181740876925,"Xpr1",2.67398596825237,"ENSMUSG00000026469.14",FALSE,"ENSMUSG00000026469","ENSG00000143324","XPR1"
"Cacnb4",-1.04006328026313,1.70012630397819,9.58977365754346,0.00752964639117242,0.046611119719274,"Cacnb4",-2.67246395229777,"ENSMUSG00000017412.15",FALSE,"ENSMUSG00000017412","ENSG00000283228",""
"Ager",1.36833038917956,0.514245339436759,9.58788319013102,0.00753430017141655,0.0466217803992363,"Ager",2.6722566400784,"ENSMUSG00000015452.14",TRUE,"ENSMUSG00000015452","ENSG00000204305","AGER"
"Megf8",0.23449256101149,6.82419034734361,9.5854079086172,0.00754039858516439,0.0466413686113844,"Megf8",2.67198514742893,"ENSMUSG00000045039.9",FALSE,"ENSMUSG00000045039","ENSG00000105429","MEGF8"
"Sorbs3",-0.242524245699498,6.32068457097122,9.56974947520512,0.00757910819116605,0.0468537878383717,"Sorbs3",-2.67026642783484,"ENSMUSG00000022091.6",FALSE,"ENSMUSG00000022091","ENSG00000120896","SORBS3"
"Tspan4",0.311244685886147,6.00914266735649,9.56913482037577,0.00758063234032135,0.0468537878383717,"Tspan4",2.6701989162685,"ENSMUSG00000025511.14",FALSE,"ENSMUSG00000025511","ENSG00000214063","TSPAN4"
"Tmed5",-0.302742993994903,5.56578770799699,9.5558055919005,0.00761377128758602,0.0470403281998759,"Tmed5",-2.66873404054165,"ENSMUSG00000063406.11",FALSE,"ENSMUSG00000063406","ENSG00000117500","TMED5"
"Serpind1",-2.10611540221667,-0.334126869434514,9.55434339963276,0.0076174166795015,0.0470445737685873,"Serpind1",-2.66857324858022,"ENSMUSG00000022766.14",FALSE,"ENSMUSG00000022766","ENSG00000099937","SERPIND1"
"Dusp11",-0.237041501759639,6.7035204617637,9.55281898096885,0.00762121934108232,0.0470497869492361,"Dusp11",-2.66840559321452,"ENSMUSG00000030002.15",FALSE,"ENSMUSG00000030002","ENSG00000144048","DUSP11"
"Sh3bp5",-0.29019187803186,5.7218308333658,9.54428118764129,0.00764255717676567,0.0471500832699218,"Sh3bp5",-2.66746621897842,"ENSMUSG00000021892.14",FALSE,"ENSMUSG00000021892","ENSG00000131370","SH3BP5"
"Cldnd1",-0.26048608717534,5.6745216815721,9.54394641223064,0.00764339525057275,0.0471500832699218,"Cldnd1",-2.66742937172375,"ENSMUSG00000022744.12",FALSE,"ENSMUSG00000022744","ENSG00000080822","CLDND1"
"Pabpc1",0.241210270680445,8.73792254806075,9.53921736520911,0.00765524518112908,0.0472048717004637,"Pabpc1",2.66690875781917,"ENSMUSG00000022283.15",FALSE,"ENSMUSG00000022283","ENSG00000151846","PABPC3"
"Nol3",0.46344027941395,3.12870568445666,9.53787754875461,0.00765860629270796,0.0472072929740057,"Nol3",2.66676122251081,"ENSMUSG00000014776.7",FALSE,"ENSMUSG00000014776","ENSG00000140939","NOL3"
"Ccdc57",-0.83136332977191,1.52788666845332,9.53572084035034,0.00766402024693615,0.0472223610953218,"Ccdc57",-2.66652370007555,"ENSMUSG00000048445.6",FALSE,"ENSMUSG00000048445","ENSG00000176155","CCDC57"
"Npr3",1.0291853956672,1.63503843533006,9.52317307069559,0.00769560599282237,0.0473802640742757,"Npr3",2.66514095249193,"ENSMUSG00000022206.7",FALSE,"ENSMUSG00000022206","ENSG00000113389","NPR3"
"Rras",-0.237937475984799,6.11741472496945,9.5167371993203,0.00771186457937941,0.0474563539411123,"Rras",-2.66443117269483,"ENSMUSG00000038387.9",TRUE,"ENSMUSG00000038387","ENSG00000126458","RRAS"
"Map3k2",-0.235258375045696,5.82157235696593,9.51591958206429,0.00771393290182829,0.0474563539411123,"Map3k2",-2.66434097482658,"ENSMUSG00000024383.9",FALSE,"ENSMUSG00000024383","ENSG00000169967","MAP3K2"
"Numb",-0.291343491702873,5.2529213071563,9.51273008097595,0.0077220074561075,0.0474876583814685,"Numb",-2.66398905738481,"ENSMUSG00000021224.15",FALSE,"ENSMUSG00000021224","ENSG00000133961","NUMB"
"Prkab2",-0.40103103294101,4.40886522347273,9.49897049052981,0.00775695267567604,0.0476841199850314,"Prkab2",-2.66246981363055,"ENSMUSG00000038205.12",FALSE,"ENSMUSG00000038205","ENSG00000131791","PRKAB2"
"C330018D20Rik",-0.620339282214576,2.65969601163711,9.49438792975258,0.00776863126881371,0.047737458681586,"C330018D20Rik",-2.66196345381745,"ENSMUSG00000024592.15",FALSE,"ENSMUSG00000024592","ENSG00000164241","C5orf63"
"Jchain",2.19930180246175,1.47926655613272,9.48829402821469,0.0077841927705083,0.0477994660533759,"Jchain",2.66128979794238,"ENSMUSG00000067149.6",FALSE,"ENSMUSG00000067149","ENSG00000132465","JCHAIN"
"Man1c1",0.261858994133067,6.69733677105322,9.488082523784,0.0077847335143208,0.0477994660533759,"Man1c1",2.66126641089659,"ENSMUSG00000037306.13",FALSE,"ENSMUSG00000037306","ENSG00000117643","MAN1C1"
"Tead2",0.348150602556142,4.01469702736821,9.48368229771632,0.00779599315879025,0.0478339092987972,"Tead2",2.66077976425561,"ENSMUSG00000030796.17",TRUE,"ENSMUSG00000030796","ENSG00000074219","TEAD2"
"Gm14812",-2.44247328789983,-1.01981995616536,9.48353955569603,0.00779635873121312,0.0478339092987972,"Gm14812",-2.66076397461684,"ENSMUSG00000073051.4",FALSE,"ENSMUSG00000073051",NA,NA
"Gm16118",-0.877511346671226,1.42306617764046,9.47734574772662,0.00781224047967673,0.0479128655411874,"Gm16118",-2.66007865688222,"ENSMUSG00000089797.1",FALSE,"ENSMUSG00000089797",NA,NA
"Arrdc4",-0.335899403120346,4.70446397093516,9.45962248630406,0.00785789084469253,0.0481556986910001,"Arrdc4",-2.65811571242373,"ENSMUSG00000042659.15",FALSE,"ENSMUSG00000042659","ENSG00000140450","ARRDC4"
"Dmp1",0.809275078634096,1.60237063969157,9.45595364805698,0.007867378997879,0.0481952728055738,"Dmp1",2.65770900894891,"ENSMUSG00000029307.7",FALSE,"ENSMUSG00000029307","ENSG00000152592","DMP1"
"Il2ra",-0.982787917889293,1.53192691076778,9.44431921164457,0.00789755444639892,0.0483465239231642,"Il2ra",-2.6564184722922,"ENSMUSG00000026770.5",FALSE,"ENSMUSG00000026770","ENSG00000134460","IL2RA"
"Cpsf7",-0.292537861478509,5.80743367523594,9.44409035303016,0.00789814935247316,0.0483465239231642,"Cpsf7",-2.6563930739114,"ENSMUSG00000034820.4",FALSE,"ENSMUSG00000034820","ENSG00000149532","CPSF7"
"Fxyd7",-2.22209072499846,0.0214848145889644,9.44089062183408,0.00790647227721056,0.0483694369621434,"Fxyd7",-2.6560379220663,"ENSMUSG00000036578.7",FALSE,"ENSMUSG00000036578","ENSG00000221946","FXYD7"
"Tead1",0.359954747675322,6.357563295283,9.44031308151662,0.00790797560847468,0.0483694369621434,"Tead1",2.65597380834397,"ENSMUSG00000055320.17",FALSE,"ENSMUSG00000055320","ENSG00000187079","TEAD1"
"Glis1",1.10853292420045,1.07136154174381,9.42843932497733,0.00793895570875779,0.0485382872608262,"Glis1",2.65465500073651,"ENSMUSG00000034762.9",FALSE,"ENSMUSG00000034762","ENSG00000174332","GLIS1"
"Zhx3",-0.289329450907705,5.62841582606782,9.42627844935273,0.00794460867335997,0.0485382872608262,"Zhx3",-2.6544148542027,"ENSMUSG00000035877.17",FALSE,"ENSMUSG00000035877","ENSG00000174306","ZHX3"
"Acot6",-0.634473984985247,2.51270515288024,9.4252198056987,0.00794737982733517,0.0485382872608262,"Acot6",-2.65429718725901,"ENSMUSG00000043487.4",FALSE,"ENSMUSG00000043487","ENSG00000205669","ACOT6"
"Manf",0.254349312413233,6.49152885328797,9.42506325073968,0.00794778972691891,0.0485382872608262,"Manf",2.65427978548823,"ENSMUSG00000032575.16",FALSE,"ENSMUSG00000032575","ENSG00000145050","MANF"
"Abcc3",0.997601028067126,1.44907034687301,9.42231724842869,0.007954983387471,0.0485635703688873,"Abcc3",2.65397451844111,"ENSMUSG00000020865.16",TRUE,"ENSMUSG00000020865","ENSG00000108846","ABCC3"
"Slc25a13",-1.23439301498078,0.946229842464489,9.4188780656922,0.00796400350762617,0.0485999799623096,"Slc25a13",-2.6535920936962,"ENSMUSG00000015112.15",TRUE,"ENSMUSG00000015112","ENSG00000004864","SLC25A13"
"Hars2",-0.344645163660157,4.50906382643056,9.41499424029385,0.00797420393458167,0.0486435616308601,"Hars2",-2.65316009471404,"ENSMUSG00000019143.15",FALSE,"ENSMUSG00000019143","ENSG00000112855","HARS2"
"Gm7001",-1.76030524849762,0.194038809770726,9.41268209602936,0.00798028364127083,0.0486467827239454,"Gm7001",-2.65290284795328,"ENSMUSG00000111954.1",FALSE,"ENSMUSG00000111954",NA,NA
"Pkdcc",0.241062716595101,6.30580503573519,9.41246684382698,0.00798084991050578,0.0486467827239454,"Pkdcc",2.65287889669863,"ENSMUSG00000024247.14",FALSE,"ENSMUSG00000024247","ENSG00000162878","PKDCC"
"Mtmr3",-0.253504653166355,6.26834181093226,9.39665005220706,0.00802258604057119,0.0488824466678941,"Mtmr3",-2.65111777653218,"ENSMUSG00000034354.17",FALSE,"ENSMUSG00000034354","ENSG00000100330","MTMR3"
"Fkbp3",-0.336315004328355,4.21290524626963,9.39443163606883,0.00802845983908362,0.048899500888911,"Fkbp3",-2.65087058142402,"ENSMUSG00000020949.9",FALSE,"ENSMUSG00000020949","ENSG00000100442","FKBP3"
"Hdac9",0.998585736294567,1.30126036304249,9.39254957630431,0.00803344692323127,0.0489111433461512,"Hdac9",2.65066083020545,"ENSMUSG00000004698.10",TRUE,"ENSMUSG00000004698","ENSG00000048052","HDAC9"
"Tmem161b",-0.480730130446835,3.36799113087399,9.38770886225487,0.00804629019853501,0.0489661321917993,"Tmem161b",-2.65012119255974,"ENSMUSG00000035762.11",FALSE,"ENSMUSG00000035762","ENSG00000164180","TMEM161B"
"Gba",0.277858780550368,5.87635261458335,9.38682540639166,0.00804863670687061,0.0489661321917993,"Gba",2.65002268233024,"ENSMUSG00000028048.11",FALSE,"ENSMUSG00000028048","ENSG00000177628","GBA"
"Arhgef26",-1.57723799189545,0.227057182488445,9.37829930319414,0.0080713229376947,0.0490853723434641,"Arhgef26",-2.64907160124423,"ENSMUSG00000036885.14",TRUE,"ENSMUSG00000036885","ENSG00000114790","ARHGEF26"
"Coro6",-1.01579206707855,1.25617390648333,9.36843778315563,0.00809765405776086,0.0492225241886762,"Coro6",-2.64797071069895,"ENSMUSG00000020836.15",FALSE,"ENSMUSG00000020836","ENSG00000167549","CORO6"
"Abca5",-0.362121012565114,4.95311877531065,9.36753639381251,0.00810006576128816,0.0492225241886762,"Abca5",-2.6478700388848,"ENSMUSG00000018800.14",FALSE,"ENSMUSG00000018800","ENSG00000154265","ABCA5"
"Fgf11",0.543463443781933,3.18397251838236,9.36181280772189,0.00811539870325859,0.0492968623292289,"Fgf11",2.64723062227684,"ENSMUSG00000042826.13",FALSE,"ENSMUSG00000042826","ENSG00000161958","FGF11"
"Htr2b",3.01111208467506,-1.78152281767478,9.35413373550197,0.00813602258065957,0.0494032711341081,"Htr2b",2.6463722656931,"ENSMUSG00000026228.6",TRUE,"ENSMUSG00000026228","ENSG00000135914","HTR2B"
"Igfbp2",1.47346251372249,0.295954821956083,9.35158785198974,0.00814287340141494,0.0494259983598098,"Igfbp2",2.64608756848641,"ENSMUSG00000039323.18",FALSE,"ENSMUSG00000039323","ENSG00000115457","IGFBP2"
"Pitx1",0.523368914450068,3.03107856689086,9.34433095972084,0.0081624376407299,0.0495258473103882,"Pitx1",2.64527572282659,"ENSMUSG00000021506.7",FALSE,"ENSMUSG00000021506","ENSG00000069011","PITX1"
"Abtb1",-0.37363564431187,3.91580127225892,9.33766637242548,0.00818045260772125,0.0495981215119382,"Abtb1",-2.64452970513981,"ENSMUSG00000030083.11",FALSE,"ENSMUSG00000030083","ENSG00000114626","ABTB1"
"Itgb1",0.234730219780819,9.6875174256401,9.33693098782767,0.00818244321214602,0.0495981215119382,"Itgb1",2.64444736246693,"ENSMUSG00000025809.15",FALSE,"ENSMUSG00000025809","ENSG00000150093","ITGB1"
"Igkc",2.25693870348541,2.96244466585046,9.33646471706269,0.0081837056434211,0.0495981215119382,"Igkc",2.64439515044947,"ENSMUSG00000076609.2",FALSE,"ENSMUSG00000076609","ENSG00000211592","IGKC"
"Atp2a2",0.233862069766342,8.57674355397005,9.33118866259506,0.00819800618998027,0.0496658637863833,"Atp2a2",2.64380420685132,"ENSMUSG00000029467.15",FALSE,"ENSMUSG00000029467","ENSG00000174437","ATP2A2"
"Fcgrt",-0.264003476299682,7.98391499058812,9.32488824243155,0.00821512084502153,0.0497505966482778,"Fcgrt",-2.64309818692604,"ENSMUSG00000003420.8",FALSE,"ENSMUSG00000003420","ENSG00000104870","FCGRT"
"Gss",0.425047777281893,3.49378762446814,9.32157801912154,0.00822412927451282,0.0497861925590321,"Gss",2.64272709653173,"ENSMUSG00000027610.17",FALSE,"ENSMUSG00000027610","ENSG00000100983","GSS"
"Nus1",0.229594337555376,6.09952548396566,9.30893267180701,0.0082586468559254,0.04995711713571,"Nus1",2.64130854903201,"ENSMUSG00000023068.16",FALSE,"ENSMUSG00000023068","ENSG00000153989","NUS1"
